-- --------------------------------------------------------
-- Host:                         127.0.0.1
-- Server version:               10.1.35-MariaDB - mariadb.org binary distribution
-- Server OS:                    Win32
-- HeidiSQL Version:             9.4.0.5125
-- --------------------------------------------------------

/*!40101 SET @OLD_CHARACTER_SET_CLIENT=@@CHARACTER_SET_CLIENT */;
/*!40101 SET NAMES utf8 */;
/*!50503 SET NAMES utf8mb4 */;
/*!40014 SET @OLD_FOREIGN_KEY_CHECKS=@@FOREIGN_KEY_CHECKS, FOREIGN_KEY_CHECKS=0 */;
/*!40101 SET @OLD_SQL_MODE=@@SQL_MODE, SQL_MODE='NO_AUTO_VALUE_ON_ZERO' */;


-- Dumping database structure for maibro
CREATE DATABASE IF NOT EXISTS `maibro` /*!40100 DEFAULT CHARACTER SET latin1 */;
USE `maibro`;

-- Dumping structure for table maibro.bank
CREATE TABLE IF NOT EXISTS `bank` (
  `id_bank` int(11) NOT NULL AUTO_INCREMENT,
  `nama_bank` varchar(255) DEFAULT NULL,
  `email_bank` varchar(50) DEFAULT NULL,
  `created_at` date DEFAULT NULL,
  `updated_at` date DEFAULT NULL,
  `deleted_at` date DEFAULT NULL,
  `is_deleted` enum('TRUE','FALSE') DEFAULT 'FALSE',
  PRIMARY KEY (`id_bank`)
) ENGINE=InnoDB AUTO_INCREMENT=14 DEFAULT CHARSET=latin1;

-- Dumping data for table maibro.bank: ~13 rows (approximately)
/*!40000 ALTER TABLE `bank` DISABLE KEYS */;
INSERT INTO `bank` (`id_bank`, `nama_bank`, `email_bank`, `created_at`, `updated_at`, `deleted_at`, `is_deleted`) VALUES
	(1, 'BPR Kertaraharja Cab Ciwidey', 'ciwidey@BPR.com', '2018-12-11', NULL, NULL, 'FALSE'),
	(2, 'BPR Kertaraharja Cab Pameungpeuk', 'pameungpeuk@BPR.com', '2018-12-11', NULL, NULL, 'FALSE'),
	(3, 'BPR Kertaraharja Cab Pangalengan', 'pangalengan@gmail.com', '2018-12-11', NULL, NULL, 'FALSE'),
	(4, 'BPR Kertaraharja Cab Ciparay', NULL, '2018-12-11', NULL, NULL, 'FALSE'),
	(5, 'BPR Kertaraharja Cab Cicalengka', NULL, '2018-11-11', NULL, NULL, 'FALSE'),
	(6, 'BPR Kertaraharja Cab Paseh', NULL, '2018-12-11', NULL, NULL, 'FALSE'),
	(7, 'BPR Kertaraharja Cab Majalaya', NULL, '2018-12-11', NULL, NULL, 'FALSE'),
	(8, 'BPR Kertaraharja Cab Cicadas', NULL, '2018-12-11', NULL, NULL, 'FALSE'),
	(9, 'BPR Kertaraharja Cab Padalarang', NULL, '2018-12-11', NULL, NULL, 'FALSE'),
	(10, 'BPR Kertaraharja Cab Batujajar', 'Batujajar@gmail.com', '2018-12-11', '2019-01-03', NULL, 'FALSE'),
	(11, 'BPR Kertaraharja Cab Sindangkerta', 'sindangkerta@bpr.com', '2018-12-11', '2019-01-03', NULL, 'FALSE'),
	(12, 'BPR Kertaraharja Cab Cikalong Wetan', 'cikalong@bpr.com', '2018-12-11', '2018-12-13', NULL, 'FALSE'),
	(13, 'BPR Kertaraharja Cab Cipendeuy', 'cipendeuy@bpr.com', '2018-12-11', '2018-12-13', NULL, 'FALSE');
/*!40000 ALTER TABLE `bank` ENABLE KEYS */;

-- Dumping structure for table maibro.debiturs
CREATE TABLE IF NOT EXISTS `debiturs` (
  `id_debitur` int(11) unsigned NOT NULL AUTO_INCREMENT,
  `KTP` varchar(255) DEFAULT NULL,
  `id_bank` int(11) unsigned DEFAULT NULL,
  `id_broker` int(11) unsigned DEFAULT NULL,
  `id_asuransi` int(11) unsigned DEFAULT NULL,
  `nama_debitur` varchar(255) DEFAULT NULL,
  `email_debitur` varchar(255) DEFAULT NULL,
  `jenis_kelamin` varchar(50) DEFAULT NULL,
  `tmp_lahir` varchar(50) DEFAULT NULL,
  `tgl_lahir` date DEFAULT NULL,
  `umur` int(5) DEFAULT NULL,
  `tlp` varchar(50) DEFAULT NULL,
  `alamat` varchar(255) DEFAULT NULL,
  `status_prod` varchar(50) DEFAULT 'BELUM',
  `created_by` int(11) DEFAULT NULL,
  `created_at` date DEFAULT NULL,
  `updated_at` date DEFAULT NULL,
  `deleted_at` date DEFAULT NULL,
  `is_deleted` enum('TRUE','FALSE') DEFAULT 'FALSE',
  PRIMARY KEY (`id_debitur`),
  UNIQUE KEY `email_debitur` (`email_debitur`),
  UNIQUE KEY `KTP` (`KTP`)
) ENGINE=InnoDB AUTO_INCREMENT=13962 DEFAULT CHARSET=latin1;

-- Dumping data for table maibro.debiturs: ~1,687 rows (approximately)
/*!40000 ALTER TABLE `debiturs` DISABLE KEYS */;
INSERT INTO `debiturs` (`id_debitur`, `KTP`, `id_bank`, `id_broker`, `id_asuransi`, `nama_debitur`, `email_debitur`, `jenis_kelamin`, `tmp_lahir`, `tgl_lahir`, `umur`, `tlp`, `alamat`, `status_prod`, `created_by`, `created_at`, `updated_at`, `deleted_at`, `is_deleted`) VALUES
	(5, NULL, 1, NULL, NULL, 'TITIS MARIYAMAH', NULL, NULL, NULL, NULL, NULL, '', '', 'BELUM', 0, NULL, NULL, NULL, 'FALSE'),
	(9, NULL, 1, NULL, NULL, 'FEDDY FEBRIANSYAH (MORTGAGE)', NULL, NULL, NULL, '1972-02-07', 42, '', '', 'BELUM', 0, NULL, NULL, NULL, 'FALSE'),
	(11, NULL, 2, NULL, NULL, 'ANG HENGDI', NULL, NULL, NULL, '1981-05-27', 32, '', '', 'BELUM', 0, NULL, NULL, NULL, 'FALSE'),
	(12, NULL, 2, NULL, NULL, 'HARIYANTO', NULL, NULL, NULL, '1973-04-11', 41, '', '', 'BELUM', 0, NULL, NULL, NULL, 'FALSE'),
	(13, NULL, 2, NULL, NULL, 'ABDUL QODIR', NULL, NULL, NULL, NULL, NULL, '', '', 'BELUM', 0, NULL, NULL, NULL, 'FALSE'),
	(16, NULL, 3, NULL, NULL, 'RISA REYSTUHANISA', NULL, NULL, NULL, '1983-10-01', 30, '', '', 'BELUM', 0, NULL, NULL, NULL, 'FALSE'),
	(17, NULL, 2, NULL, NULL, 'DR.FAISAL SOEPARYANTO', NULL, NULL, NULL, NULL, NULL, '', '', 'BELUM', 0, NULL, NULL, NULL, 'FALSE'),
	(19, NULL, 2, NULL, NULL, 'JAP KI HWI', NULL, NULL, NULL, NULL, NULL, '', '', 'BELUM', 0, NULL, NULL, NULL, 'FALSE'),
	(20, NULL, 2, NULL, NULL, 'JAP KI HWI', NULL, NULL, NULL, '1977-03-09', 37, '', '', 'BELUM', 0, NULL, NULL, NULL, 'FALSE'),
	(21, NULL, 3, NULL, NULL, 'DEDE FITRIANI', NULL, NULL, NULL, NULL, NULL, '', '', 'BELUM', 0, NULL, NULL, NULL, 'FALSE'),
	(22, NULL, 3, NULL, NULL, 'DEDE FITRIANI', NULL, NULL, NULL, '1967-12-08', 46, '', '', 'BELUM', 0, NULL, NULL, NULL, 'FALSE'),
	(23, NULL, 2, NULL, NULL, 'SYLVIA', NULL, NULL, NULL, NULL, NULL, '', '', 'BELUM', 0, NULL, NULL, NULL, 'FALSE'),
	(24, NULL, 2, NULL, NULL, 'SYLVIA', NULL, NULL, NULL, '1979-01-16', 35, '', '', 'BELUM', 0, NULL, NULL, NULL, 'FALSE'),
	(25, NULL, 1, NULL, NULL, 'EKO BAMBANG', NULL, NULL, NULL, NULL, NULL, '', '', 'BELUM', 0, NULL, NULL, NULL, 'FALSE'),
	(26, NULL, 2, NULL, NULL, 'EKO BAMBANG PRASETYO', NULL, NULL, NULL, '1969-05-14', 44, '', '', 'BELUM', 0, NULL, NULL, NULL, 'FALSE'),
	(28, NULL, 2, NULL, NULL, 'SETIVANI TRI HAPSARI', NULL, NULL, NULL, NULL, NULL, '', '', 'BELUM', 0, NULL, NULL, NULL, 'FALSE'),
	(29, NULL, 1, NULL, NULL, 'SETIVANI TRI HAPSARI', NULL, NULL, NULL, '1984-04-06', 29, '', '', 'BELUM', 0, NULL, NULL, NULL, 'FALSE'),
	(31, NULL, 2, NULL, NULL, 'DIANA DEWI', NULL, NULL, NULL, NULL, NULL, '', '', 'BELUM', 0, NULL, NULL, NULL, 'FALSE'),
	(32, NULL, 1, NULL, NULL, 'DR.R YOHANA', NULL, NULL, NULL, NULL, NULL, '', '', 'BELUM', 0, NULL, NULL, NULL, 'FALSE'),
	(33, NULL, 3, NULL, NULL, 'DR.R YOHANA', NULL, NULL, NULL, '1974-12-15', 39, '', '', 'BELUM', 0, NULL, NULL, NULL, 'FALSE'),
	(34, NULL, 2, NULL, NULL, 'IRDEZ AZHAR', NULL, NULL, NULL, '1968-12-03', 45, '', '', 'BELUM', 0, NULL, NULL, NULL, 'FALSE'),
	(35, NULL, 3, NULL, NULL, 'JAMALUDIN', NULL, NULL, NULL, NULL, NULL, '', '', 'BELUM', 0, NULL, NULL, NULL, 'FALSE'),
	(36, NULL, 1, NULL, NULL, 'JAMALUDIN', NULL, NULL, NULL, '1958-06-10', 55, '', '', 'BELUM', 0, NULL, NULL, NULL, 'FALSE'),
	(37, NULL, 3, NULL, NULL, 'AGUS NARDI', NULL, NULL, NULL, NULL, NULL, '', '', 'BELUM', 0, NULL, NULL, NULL, 'FALSE'),
	(38, NULL, 2, NULL, NULL, 'AGUS NARDI', NULL, NULL, NULL, '1969-07-06', 44, '', '', 'BELUM', 0, NULL, NULL, NULL, 'FALSE'),
	(39, NULL, 3, NULL, NULL, 'AGUS SUGOMO', NULL, NULL, NULL, NULL, NULL, '', '', 'BELUM', 0, NULL, NULL, NULL, 'FALSE'),
	(41, NULL, 2, NULL, NULL, 'RICKY SAMSURRIZAL', NULL, NULL, NULL, NULL, NULL, '', '', 'BELUM', 0, NULL, NULL, NULL, 'FALSE'),
	(42, NULL, 3, NULL, NULL, 'RICKY SAMSURRIZAL (MORTGAGE)', NULL, NULL, NULL, NULL, NULL, '', '', 'BELUM', 0, NULL, NULL, NULL, 'FALSE'),
	(43, NULL, 1, NULL, NULL, 'RICKY SAMSURRIZAL (MORTGAGE)', NULL, NULL, NULL, NULL, NULL, '', '', 'BELUM', 0, NULL, NULL, NULL, 'FALSE'),
	(44, NULL, 3, NULL, NULL, 'RICKY SAMSURRIZAL (MORTGAGE)', NULL, NULL, NULL, '1987-03-18', 27, '', '', 'BELUM', 0, NULL, NULL, NULL, 'FALSE'),
	(45, NULL, 2, NULL, NULL, 'USMAN ALI', NULL, NULL, NULL, NULL, NULL, '', '', 'BELUM', 0, NULL, NULL, NULL, 'FALSE'),
	(46, NULL, 1, NULL, NULL, 'USMAN ALI', NULL, NULL, NULL, '1981-12-05', 32, '', '', 'BELUM', 0, NULL, NULL, NULL, 'FALSE'),
	(47, NULL, 2, NULL, NULL, 'DEDE ISMAWAN', NULL, NULL, NULL, NULL, NULL, '', '', 'BELUM', 0, NULL, NULL, NULL, 'FALSE'),
	(48, NULL, 3, NULL, NULL, 'IYEP MISBAH MULYADI', NULL, NULL, NULL, '1974-01-10', 40, '', '', 'BELUM', 0, NULL, NULL, NULL, 'FALSE'),
	(49, NULL, 1, NULL, NULL, 'MUHAMMAD PAIJIN', NULL, NULL, NULL, NULL, NULL, '', '', 'BELUM', 0, NULL, NULL, NULL, 'FALSE'),
	(50, NULL, 2, NULL, NULL, 'MUHAMMAD PAIJIN', NULL, NULL, NULL, '1979-03-08', 35, '', '', 'BELUM', 0, NULL, NULL, NULL, 'FALSE'),
	(51, NULL, 3, NULL, NULL, 'SOMI MOHAMAD YUNUS', NULL, NULL, NULL, NULL, NULL, '', '', 'BELUM', 0, NULL, NULL, NULL, 'FALSE'),
	(53, NULL, 1, NULL, NULL, 'ILMA RAHMIARTI', NULL, NULL, NULL, NULL, NULL, '', '', 'BELUM', 0, NULL, NULL, NULL, 'FALSE'),
	(54, NULL, 3, NULL, NULL, 'ILMA RAHMIARTI', NULL, NULL, NULL, '1976-06-18', 37, '', '', 'BELUM', 0, NULL, NULL, NULL, 'FALSE'),
	(55, NULL, 2, NULL, NULL, 'KURNIA DEDY IRAWAN TARIGAN', NULL, NULL, NULL, '1977-10-12', 36, '', '', 'BELUM', 0, NULL, NULL, NULL, 'FALSE'),
	(56, NULL, 1, NULL, NULL, 'IWAN SETIAWAN', NULL, NULL, NULL, NULL, NULL, '', '', 'BELUM', 0, NULL, NULL, NULL, 'FALSE'),
	(57, NULL, 1, NULL, NULL, 'IWAN SETIAWAN', NULL, NULL, NULL, '1966-11-10', 47, '', '', 'BELUM', 0, NULL, NULL, NULL, 'FALSE'),
	(58, NULL, 1, NULL, NULL, 'WAHYUDIN', NULL, NULL, NULL, NULL, NULL, '', '', 'BELUM', 0, NULL, NULL, NULL, 'FALSE'),
	(59, NULL, 1, NULL, NULL, 'WAHYUDIN', NULL, NULL, NULL, '1978-12-19', 35, '', '', 'BELUM', 0, NULL, NULL, NULL, 'FALSE'),
	(61, NULL, 2, NULL, NULL, 'SUNNY WIJAYA', NULL, NULL, NULL, NULL, NULL, '', '', 'BELUM', 0, NULL, NULL, NULL, 'FALSE'),
	(62, NULL, 2, NULL, NULL, 'SUNNY WIJAYA', NULL, NULL, NULL, '1990-09-18', 23, '', '', 'BELUM', 0, NULL, NULL, NULL, 'FALSE'),
	(63, NULL, 2, NULL, NULL, 'HJ.NANI NOER\'AINI YUSRIN', NULL, NULL, NULL, NULL, NULL, '', '', 'BELUM', 0, NULL, NULL, NULL, 'FALSE'),
	(64, NULL, 2, NULL, NULL, 'AGUS PRIADI', NULL, NULL, NULL, NULL, NULL, '', '', 'BELUM', 0, NULL, NULL, NULL, 'FALSE'),
	(65, NULL, 2, NULL, NULL, 'TAUFAN NUGRAHA', NULL, NULL, NULL, NULL, NULL, '', '', 'BELUM', 0, NULL, NULL, NULL, 'FALSE'),
	(66, NULL, 3, NULL, NULL, 'RACHMAT SOEGANDAR', NULL, NULL, NULL, NULL, NULL, '', '', 'BELUM', 0, NULL, NULL, NULL, 'FALSE'),
	(67, NULL, 3, NULL, NULL, 'ANDRI MULYADI', NULL, NULL, NULL, NULL, NULL, '', '', 'BELUM', 0, NULL, NULL, NULL, 'FALSE'),
	(68, NULL, 2, NULL, NULL, 'YOGI DIANSHA', NULL, NULL, NULL, NULL, NULL, '', '', 'BELUM', 0, NULL, NULL, NULL, 'FALSE'),
	(69, NULL, 2, NULL, NULL, 'DAFID MARDIANSYAH', NULL, NULL, NULL, NULL, NULL, '', '', 'BELUM', 0, NULL, NULL, NULL, 'FALSE'),
	(70, NULL, 2, NULL, NULL, 'ADI SRIMARDIANI', NULL, NULL, NULL, '1962-10-29', 51, '', '', 'BELUM', 0, NULL, NULL, NULL, 'FALSE'),
	(71, NULL, 3, NULL, NULL, 'CAHYA HERMAWAN', NULL, NULL, NULL, NULL, NULL, '', '', 'BELUM', 0, NULL, NULL, NULL, 'FALSE'),
	(72, NULL, 3, NULL, NULL, 'ADE FATIMA MEYLIALA', NULL, NULL, NULL, NULL, NULL, '', '', 'BELUM', 0, NULL, NULL, NULL, 'FALSE'),
	(73, NULL, 2, NULL, NULL, 'DEDI SUMIARDI,S.IP,M.SI', NULL, NULL, NULL, '1964-03-03', 49, '', '', 'BELUM', 0, NULL, NULL, NULL, 'FALSE'),
	(74, NULL, 2, NULL, NULL, 'DEDI SUMIARDI,S.IP,M.SI', NULL, NULL, NULL, NULL, NULL, '', '', 'BELUM', 0, NULL, NULL, NULL, 'FALSE'),
	(75, NULL, 1, NULL, NULL, 'NUROHMAN', NULL, NULL, NULL, NULL, NULL, '', '', 'BELUM', 0, NULL, NULL, NULL, 'FALSE'),
	(76, NULL, 2, NULL, NULL, 'NUROHMAN', NULL, NULL, NULL, '1985-05-28', 28, '', '', 'BELUM', 0, NULL, NULL, NULL, 'FALSE'),
	(77, NULL, 1, NULL, NULL, 'IWAN RIDWAN (MORTGAGE)', NULL, NULL, NULL, NULL, NULL, '', '', 'BELUM', 0, NULL, NULL, NULL, 'FALSE'),
	(78, NULL, 2, NULL, NULL, 'IWAN RIDWAN (MORTGAGE)', NULL, NULL, NULL, '1972-08-17', 41, '', '', 'BELUM', 0, NULL, NULL, NULL, 'FALSE'),
	(79, NULL, 1, NULL, NULL, 'IRMADRA FRANSISCA GINTING', NULL, NULL, NULL, NULL, NULL, '', '', 'BELUM', 0, NULL, NULL, NULL, 'FALSE'),
	(80, NULL, 3, NULL, NULL, 'IRMADRA FRANSISKA GINTING', NULL, NULL, NULL, '1983-11-26', 30, '', '', 'BELUM', 0, NULL, NULL, NULL, 'FALSE'),
	(81, NULL, 2, NULL, NULL, 'REINALDO PRANANTA', NULL, NULL, NULL, '1981-12-11', 32, '', '', 'BELUM', 0, NULL, NULL, NULL, 'FALSE'),
	(82, NULL, 1, NULL, NULL, 'IRMADRA FRANSISKA GINTING', NULL, NULL, NULL, NULL, NULL, '', '', 'BELUM', 0, NULL, NULL, NULL, 'FALSE'),
	(83, NULL, 3, NULL, NULL, 'YUSI MUTIARA', NULL, NULL, NULL, NULL, NULL, '', '', 'BELUM', 0, NULL, NULL, NULL, 'FALSE'),
	(84, NULL, 2, NULL, NULL, 'YUSI MUTIARA SARI', NULL, NULL, NULL, '1985-05-18', 28, '', '', 'BELUM', 0, NULL, NULL, NULL, 'FALSE'),
	(85, NULL, 3, NULL, NULL, 'YUSI MUTIARA SARI', NULL, NULL, NULL, NULL, NULL, '', '', 'BELUM', 0, NULL, NULL, NULL, 'FALSE'),
	(86, NULL, 1, NULL, NULL, 'RAHMAT HIDAYAT', NULL, NULL, NULL, NULL, NULL, '', '', 'BELUM', 0, NULL, NULL, NULL, 'FALSE'),
	(87, NULL, 3, NULL, NULL, 'RAHMAT HIDAYAT', NULL, NULL, NULL, '1985-08-12', 28, '', '', 'BELUM', 0, NULL, NULL, NULL, 'FALSE'),
	(88, NULL, 2, NULL, NULL, 'YULIA RAHMAWATI', NULL, NULL, NULL, '1985-07-26', 28, '', '', 'BELUM', 0, NULL, NULL, NULL, 'FALSE'),
	(90, NULL, 3, NULL, NULL, 'ANDRI GUSTIYADI', NULL, NULL, NULL, NULL, NULL, '', '', 'BELUM', 0, NULL, NULL, NULL, 'FALSE'),
	(91, NULL, 2, NULL, NULL, 'ANDRI GUSTIYADI', NULL, NULL, NULL, '1980-08-04', 33, '', '', 'BELUM', 0, NULL, NULL, NULL, 'FALSE'),
	(92, NULL, 2, NULL, NULL, 'MOCHAMAD NASUCHA', NULL, NULL, NULL, NULL, NULL, '', '', 'BELUM', 0, NULL, NULL, NULL, 'FALSE'),
	(94, NULL, 1, NULL, NULL, 'SUGIHYANTO', NULL, NULL, NULL, NULL, NULL, '', '', 'BELUM', 0, NULL, NULL, NULL, 'FALSE'),
	(95, NULL, 3, NULL, NULL, 'SUGIHYANTO', NULL, NULL, NULL, '1975-04-22', 38, '', '', 'BELUM', 0, NULL, NULL, NULL, 'FALSE'),
	(98, NULL, 2, NULL, NULL, 'GEMILANG MARDIANA', NULL, NULL, NULL, NULL, NULL, '', '', 'BELUM', 0, NULL, NULL, NULL, 'FALSE'),
	(99, NULL, 3, NULL, NULL, 'GEMILANG MARDIANA', NULL, NULL, NULL, '1990-03-28', 24, '', '', 'BELUM', 0, NULL, NULL, NULL, 'FALSE'),
	(100, NULL, 1, NULL, NULL, 'GUNAWAN', NULL, NULL, NULL, NULL, NULL, '', '', 'BELUM', 0, NULL, NULL, NULL, 'FALSE'),
	(101, NULL, 2, NULL, NULL, 'GUNAWAN', NULL, NULL, NULL, '1970-03-05', 44, '', '', 'BELUM', 0, NULL, NULL, NULL, 'FALSE'),
	(102, NULL, 3, NULL, NULL, 'ISAH AISYAH', NULL, NULL, NULL, NULL, NULL, '', '', 'BELUM', 0, NULL, NULL, NULL, 'FALSE'),
	(103, NULL, 3, NULL, NULL, 'ISAH AISYAH', NULL, NULL, NULL, '1970-12-12', 43, '', '', 'BELUM', 0, NULL, NULL, NULL, 'FALSE'),
	(104, NULL, 1, NULL, NULL, 'ELIS KARTIKA', NULL, NULL, NULL, NULL, NULL, '', '', 'BELUM', 0, NULL, NULL, NULL, 'FALSE'),
	(105, NULL, 3, NULL, NULL, 'ELIS KARTIKA', NULL, NULL, NULL, '1982-04-09', 31, '', '', 'BELUM', 0, NULL, NULL, NULL, 'FALSE'),
	(106, NULL, 2, NULL, NULL, 'MARGARETHA SRI RAHAYU WIJIN', NULL, NULL, NULL, NULL, NULL, '', '', 'BELUM', 0, NULL, NULL, NULL, 'FALSE'),
	(107, NULL, 1, NULL, NULL, 'MARGARETHA SRI RAHAYU WIJIN', NULL, NULL, NULL, '1962-03-12', 51, '', '', 'BELUM', 0, NULL, NULL, NULL, 'FALSE'),
	(108, NULL, 1, NULL, NULL, 'HERYANTO M.SIAGIAN', NULL, NULL, NULL, NULL, NULL, '', '', 'BELUM', 0, NULL, NULL, NULL, 'FALSE'),
	(109, NULL, 1, NULL, NULL, 'HERYANTO M.SIAGIAN', NULL, NULL, NULL, '1969-03-14', 44, '', '', 'BELUM', 0, NULL, NULL, NULL, 'FALSE'),
	(110, NULL, 1, NULL, NULL, 'EKO PRASETYO WAHYU DEWANTO', NULL, NULL, NULL, NULL, NULL, '', '', 'BELUM', 0, NULL, NULL, NULL, 'FALSE'),
	(112, NULL, 2, NULL, NULL, 'ANDRI', NULL, NULL, NULL, NULL, NULL, '', '', 'BELUM', 0, NULL, NULL, NULL, 'FALSE'),
	(113, NULL, 2, NULL, NULL, 'WAGE KARYANTO', NULL, NULL, NULL, '1971-06-10', 42, '', '', 'BELUM', 0, NULL, NULL, NULL, 'FALSE'),
	(114, NULL, 2, NULL, NULL, 'FIKI RATNA SARI', NULL, NULL, NULL, NULL, NULL, '', '', 'BELUM', 0, NULL, NULL, NULL, 'FALSE'),
	(115, NULL, 2, NULL, NULL, 'FIKI RATNA SARI', NULL, NULL, NULL, '1985-05-19', 28, '', '', 'BELUM', 0, NULL, NULL, NULL, 'FALSE'),
	(116, NULL, 2, NULL, NULL, 'NANI SURYANI', NULL, NULL, NULL, NULL, NULL, '', '', 'BELUM', 0, NULL, NULL, NULL, 'FALSE'),
	(118, NULL, 3, NULL, NULL, 'DEDY HERMAWAN', NULL, NULL, NULL, '1976-12-25', 36, '', '', 'BELUM', 0, NULL, NULL, NULL, 'FALSE'),
	(119, NULL, 2, NULL, NULL, 'HIDAYATULLOH', NULL, NULL, NULL, NULL, NULL, '', '', 'BELUM', 0, NULL, NULL, NULL, 'FALSE'),
	(120, NULL, 2, NULL, NULL, 'HIDAYATULLOH', NULL, NULL, NULL, '1979-09-12', 34, '', '', 'BELUM', 0, NULL, NULL, NULL, 'FALSE'),
	(121, NULL, 2, NULL, NULL, 'LUFTY MOHAMAD LUT', NULL, NULL, NULL, '1975-11-01', 38, '', '', 'BELUM', 0, NULL, NULL, NULL, 'FALSE'),
	(122, NULL, 3, NULL, NULL, 'BENDI KUSNADI', NULL, NULL, NULL, NULL, NULL, '', '', 'BELUM', 0, NULL, NULL, NULL, 'FALSE'),
	(123, NULL, 3, NULL, NULL, 'BENDI KUSNADI', NULL, NULL, NULL, '1982-05-20', 31, '', '', 'BELUM', 0, NULL, NULL, NULL, 'FALSE'),
	(124, NULL, 2, NULL, NULL, 'ANDREAS', NULL, NULL, NULL, NULL, NULL, '', '', 'BELUM', 0, NULL, NULL, NULL, 'FALSE'),
	(125, NULL, 2, NULL, NULL, 'ANDREAS', NULL, NULL, NULL, '1986-08-30', 27, '', '', 'BELUM', 0, NULL, NULL, NULL, 'FALSE'),
	(126, NULL, 1, NULL, NULL, 'YUYUN SUMIARTI', NULL, NULL, NULL, NULL, NULL, '', '', 'BELUM', 0, NULL, NULL, NULL, 'FALSE'),
	(127, NULL, 2, NULL, NULL, 'YUYUN SUMIARTI', NULL, NULL, NULL, '1960-11-24', 53, '', '', 'BELUM', 0, NULL, NULL, NULL, 'FALSE'),
	(128, NULL, 1, NULL, NULL, 'DRS.H.CECEP B GUNAWAN', NULL, NULL, NULL, NULL, NULL, '', '', 'BELUM', 0, NULL, NULL, NULL, 'FALSE'),
	(129, NULL, 2, NULL, NULL, 'DRS.H.CECEP B GUNAWAN (2)', NULL, NULL, NULL, NULL, NULL, '', '', 'BELUM', 0, NULL, NULL, NULL, 'FALSE'),
	(133, NULL, 3, NULL, NULL, 'DRS.H.CECEP B GUNAWAN (1)', NULL, NULL, NULL, '1957-02-14', 56, '', '', 'BELUM', 0, NULL, NULL, NULL, 'FALSE'),
	(134, NULL, 1, NULL, NULL, 'DRS.H.CECEP B GUNAWAN (2)', NULL, NULL, NULL, '1957-02-14', 56, '', '', 'BELUM', 0, NULL, NULL, NULL, 'FALSE'),
	(136, NULL, 2, NULL, NULL, 'DRS.H.CECEP B GUNAWAN (3)', NULL, NULL, NULL, '1957-02-14', 56, '', '', 'BELUM', 0, NULL, NULL, NULL, 'FALSE'),
	(137, NULL, 1, NULL, NULL, 'DRS.H.CECEP B GUNAWAN', NULL, NULL, NULL, '1957-02-14', 57, '', '', 'BELUM', 0, NULL, NULL, NULL, 'FALSE'),
	(139, NULL, 2, NULL, NULL, 'AGUSTIN SULISTIYANINGSIH', NULL, NULL, NULL, NULL, NULL, '', '', 'BELUM', 0, NULL, NULL, NULL, 'FALSE'),
	(140, NULL, 3, NULL, NULL, 'AGUSTIN SULISTIYANINGSIH', NULL, NULL, NULL, '1973-08-15', 40, '', '', 'BELUM', 0, NULL, NULL, NULL, 'FALSE'),
	(143, NULL, 2, NULL, NULL, 'DRA.LIES INDAH SUTIKNOWATI', NULL, NULL, NULL, NULL, NULL, '', '', 'BELUM', 0, NULL, NULL, NULL, 'FALSE'),
	(144, NULL, 3, NULL, NULL, 'DRA.LIES INDAH SUTIKNOWATI', NULL, NULL, NULL, '1960-08-22', 53, '', '', 'BELUM', 0, NULL, NULL, NULL, 'FALSE'),
	(145, NULL, 2, NULL, NULL, 'APRIANTONI', NULL, NULL, NULL, NULL, NULL, '', '', 'BELUM', 0, NULL, NULL, NULL, 'FALSE'),
	(146, NULL, 2, NULL, NULL, 'APRIANTONI', NULL, NULL, NULL, '1975-04-05', 39, '', '', 'BELUM', 0, NULL, NULL, NULL, 'FALSE'),
	(147, NULL, 3, NULL, NULL, 'KODAR SUDIONO,ST', NULL, NULL, NULL, NULL, NULL, '', '', 'BELUM', 0, NULL, NULL, NULL, 'FALSE'),
	(148, NULL, 1, NULL, NULL, 'KODAR SUGIONO,ST', NULL, NULL, NULL, '1986-11-23', 27, '', '', 'BELUM', 0, NULL, NULL, NULL, 'FALSE'),
	(149, NULL, 3, NULL, NULL, 'MILA CITRA ARISONO', NULL, NULL, NULL, NULL, NULL, '', '', 'BELUM', 0, NULL, NULL, NULL, 'FALSE'),
	(150, NULL, 2, NULL, NULL, 'MILA CITRA ARISONA', NULL, NULL, NULL, '1989-11-25', 24, '', '', 'BELUM', 0, NULL, NULL, NULL, 'FALSE'),
	(151, NULL, 1, NULL, NULL, 'DR.MONICA MORRATHA SIHOMBING', NULL, NULL, NULL, NULL, NULL, '', '', 'BELUM', 0, NULL, NULL, NULL, 'FALSE'),
	(152, NULL, 2, NULL, NULL, 'DR.MONICA MORRATHA SIHOMBING', NULL, NULL, NULL, '1977-07-27', 36, '', '', 'BELUM', 0, NULL, NULL, NULL, 'FALSE'),
	(153, NULL, 3, NULL, NULL, 'ABDUL FATTAH A.MD', NULL, NULL, NULL, NULL, NULL, '', '', 'BELUM', 0, NULL, NULL, NULL, 'FALSE'),
	(154, NULL, 1, NULL, NULL, 'ABDUL FATTAH A.MD', NULL, NULL, NULL, '1985-10-14', 28, '', '', 'BELUM', 0, NULL, NULL, NULL, 'FALSE'),
	(155, NULL, 2, NULL, NULL, 'MUHAMMAD AMIN', NULL, NULL, NULL, NULL, NULL, '', '', 'BELUM', 0, NULL, NULL, NULL, 'FALSE'),
	(156, NULL, 3, NULL, NULL, 'MUHAMMAD AMIN', NULL, NULL, NULL, '1983-12-26', 30, '', '', 'BELUM', 0, NULL, NULL, NULL, 'FALSE'),
	(157, NULL, 3, NULL, NULL, 'PUHTUT SUGIANTORO', NULL, NULL, NULL, NULL, NULL, '', '', 'BELUM', 0, NULL, NULL, NULL, 'FALSE'),
	(159, NULL, 3, NULL, NULL, 'RINA RUSANTI', NULL, NULL, NULL, NULL, NULL, '', '', 'BELUM', 0, NULL, NULL, NULL, 'FALSE'),
	(160, NULL, 2, NULL, NULL, 'RINA RUSANTI', NULL, NULL, NULL, '1981-05-28', 32, '', '', 'BELUM', 0, NULL, NULL, NULL, 'FALSE'),
	(161, NULL, 1, NULL, NULL, 'EUIS KARWATI', NULL, NULL, NULL, NULL, NULL, '', '', 'BELUM', 0, NULL, NULL, NULL, 'FALSE'),
	(162, NULL, 1, NULL, NULL, 'EUIS KARWATI', NULL, NULL, NULL, '1969-04-04', 45, '', '', 'BELUM', 0, NULL, NULL, NULL, 'FALSE'),
	(163, NULL, 1, NULL, NULL, 'AHMAD DIPONEGORO', NULL, NULL, NULL, NULL, NULL, '', '', 'BELUM', 0, NULL, NULL, NULL, 'FALSE'),
	(164, NULL, 1, NULL, NULL, 'AHMAD DIPONEGORO (MORTGAGE)', NULL, NULL, NULL, NULL, NULL, '', '', 'BELUM', 0, NULL, NULL, NULL, 'FALSE'),
	(165, NULL, 1, NULL, NULL, 'AHMAD DIPONEGORO (MORTGAGE)', NULL, NULL, NULL, NULL, NULL, '', '', 'BELUM', 0, NULL, NULL, NULL, 'FALSE'),
	(166, NULL, 2, NULL, NULL, 'AHMAD DIPONEGORO (MORTGAGE)', NULL, NULL, NULL, '1980-03-18', 34, '', '', 'BELUM', 0, NULL, NULL, NULL, 'FALSE'),
	(167, NULL, 2, NULL, NULL, 'RONI ROCHHAENDI', NULL, NULL, NULL, '1975-09-25', 38, '', '', 'BELUM', 0, NULL, NULL, NULL, 'FALSE'),
	(168, NULL, 2, NULL, NULL, 'NURYATI', NULL, NULL, NULL, '1964-05-29', 49, '', '', 'BELUM', 0, NULL, NULL, NULL, 'FALSE'),
	(169, NULL, 2, NULL, NULL, 'ARRIE AKHMAD PURNAMA (MORTGAGE)', NULL, NULL, NULL, '1980-01-03', 34, '', '', 'BELUM', 0, NULL, NULL, NULL, 'FALSE'),
	(170, NULL, 2, NULL, NULL, 'ARRIE AKHMAD PURNAMA (MORTGAGE)', NULL, NULL, NULL, NULL, NULL, '', '', 'BELUM', 0, NULL, NULL, NULL, 'FALSE'),
	(171, NULL, 3, NULL, NULL, 'RUDI RASONO', NULL, NULL, NULL, NULL, NULL, '', '', 'BELUM', 0, NULL, NULL, NULL, 'FALSE'),
	(172, NULL, 3, NULL, NULL, 'RUDI RASONO', NULL, NULL, NULL, '1979-04-02', 35, '', '', 'BELUM', 0, NULL, NULL, NULL, 'FALSE'),
	(173, NULL, 2, NULL, NULL, 'A SANUSI', NULL, NULL, NULL, NULL, NULL, '', '', 'BELUM', 0, NULL, NULL, NULL, 'FALSE'),
	(174, NULL, 2, NULL, NULL, 'A SANUSI', NULL, NULL, NULL, '1973-07-05', 40, '', '', 'BELUM', 0, NULL, NULL, NULL, 'FALSE'),
	(175, NULL, 2, NULL, NULL, 'HENRY SAPUTRA HASUGIAN', NULL, NULL, NULL, NULL, NULL, '', '', 'BELUM', 0, NULL, NULL, NULL, 'FALSE'),
	(177, NULL, 3, NULL, NULL, 'NINA IRYANTI', NULL, NULL, NULL, NULL, NULL, '', '', 'BELUM', 0, NULL, NULL, NULL, 'FALSE'),
	(179, NULL, 2, NULL, NULL, 'ROY WIDYANA SOMANTRI', NULL, NULL, NULL, NULL, NULL, '', '', 'BELUM', 0, NULL, NULL, NULL, 'FALSE'),
	(180, NULL, 1, NULL, NULL, 'ROY WIDYANA SOMANTRI', NULL, NULL, NULL, '1990-02-25', 24, '', '', 'BELUM', 0, NULL, NULL, NULL, 'FALSE'),
	(181, NULL, 2, NULL, NULL, 'ULLY DWI MARTINA', NULL, NULL, NULL, NULL, NULL, '', '', 'BELUM', 0, NULL, NULL, NULL, 'FALSE'),
	(182, NULL, 1, NULL, NULL, 'ULLY DWI MARTINA', NULL, NULL, NULL, '1984-11-13', 29, '', '', 'BELUM', 0, NULL, NULL, NULL, 'FALSE'),
	(183, NULL, 2, NULL, NULL, 'ULLY DWI MARTINA', NULL, NULL, NULL, '1984-11-13', 29, '', '', 'BELUM', 0, NULL, NULL, NULL, 'FALSE'),
	(184, NULL, 1, NULL, NULL, 'AGUS ROCHMAN (MORTGAGE)', NULL, NULL, NULL, NULL, NULL, '', '', 'BELUM', 0, NULL, NULL, NULL, 'FALSE'),
	(185, NULL, 3, NULL, NULL, 'AGUS ROCHMAN (MORTGAGE)', NULL, NULL, NULL, '1981-08-26', 32, '', '', 'BELUM', 0, NULL, NULL, NULL, 'FALSE'),
	(186, NULL, 2, NULL, NULL, 'NOVI SUGESTI', NULL, NULL, NULL, NULL, NULL, '', '', 'BELUM', 0, NULL, NULL, NULL, 'FALSE'),
	(187, NULL, 1, NULL, NULL, 'NOVI SUGESTI', NULL, NULL, NULL, '1983-11-26', 30, '', '', 'BELUM', 0, NULL, NULL, NULL, 'FALSE'),
	(188, NULL, 3, NULL, NULL, 'OKTO SURYADI LIE', NULL, NULL, NULL, NULL, NULL, '', '', 'BELUM', 0, NULL, NULL, NULL, 'FALSE'),
	(189, NULL, 2, NULL, NULL, 'DENNY', NULL, NULL, NULL, NULL, NULL, '', '', 'BELUM', 0, NULL, NULL, NULL, 'FALSE'),
	(190, NULL, 3, NULL, NULL, 'DENNY', NULL, NULL, NULL, '1973-10-22', 40, '', '', 'BELUM', 0, NULL, NULL, NULL, 'FALSE'),
	(191, NULL, 1, NULL, NULL, 'ALIN TASLIM', NULL, NULL, NULL, NULL, NULL, '', '', 'BELUM', 0, NULL, NULL, NULL, 'FALSE'),
	(192, NULL, 3, NULL, NULL, 'ALIN TASLIM', NULL, NULL, NULL, '1958-05-22', 55, '', '', 'BELUM', 0, NULL, NULL, NULL, 'FALSE'),
	(193, NULL, 2, NULL, NULL, 'ALIN TASLIM (2)', NULL, NULL, NULL, '1958-05-22', 55, '', '', 'BELUM', 0, NULL, NULL, NULL, 'FALSE'),
	(194, NULL, 3, NULL, NULL, 'ALIN TASLIM (3)', NULL, NULL, NULL, '1958-05-22', 55, '', '', 'BELUM', 0, NULL, NULL, NULL, 'FALSE'),
	(195, NULL, 2, NULL, NULL, 'DARIS SALIMI', NULL, NULL, NULL, NULL, NULL, '', '', 'BELUM', 0, NULL, NULL, NULL, 'FALSE'),
	(196, NULL, 2, NULL, NULL, 'DARIS SALIMI', NULL, NULL, NULL, '1980-02-05', 34, '', '', 'BELUM', 0, NULL, NULL, NULL, 'FALSE'),
	(197, NULL, 3, NULL, NULL, 'MINA ARSITA MARSUDI', NULL, NULL, NULL, NULL, NULL, '', '', 'BELUM', 0, NULL, NULL, NULL, 'FALSE'),
	(198, NULL, 1, NULL, NULL, 'SITI AISYAH', NULL, NULL, NULL, NULL, NULL, '', '', 'BELUM', 0, NULL, NULL, NULL, 'FALSE'),
	(199, NULL, 3, NULL, NULL, 'SITI AISYAH', NULL, NULL, NULL, '1984-03-12', 30, '', '', 'BELUM', 0, NULL, NULL, NULL, 'FALSE'),
	(200, NULL, 2, NULL, NULL, 'YAYAN ROKAYAH', NULL, NULL, NULL, NULL, NULL, '', '', 'BELUM', 0, NULL, NULL, NULL, 'FALSE'),
	(202, NULL, 2, NULL, NULL, 'ASROFI', NULL, NULL, NULL, NULL, NULL, '', '', 'BELUM', 0, NULL, NULL, NULL, 'FALSE'),
	(203, NULL, 3, NULL, NULL, 'ASROFI', NULL, NULL, NULL, '1971-09-10', 42, '', '', 'BELUM', 0, NULL, NULL, NULL, 'FALSE'),
	(204, NULL, 1, NULL, NULL, 'ELVIDAWATI', NULL, NULL, NULL, NULL, NULL, '', '', 'BELUM', 0, NULL, NULL, NULL, 'FALSE'),
	(205, NULL, 2, NULL, NULL, 'ELVIDAWATI', NULL, NULL, NULL, '1977-01-11', 37, '', '', 'BELUM', 0, NULL, NULL, NULL, 'FALSE'),
	(206, NULL, 3, NULL, NULL, 'RIEZKI SANTOSO', NULL, NULL, NULL, NULL, NULL, '', '', 'BELUM', 0, NULL, NULL, NULL, 'FALSE'),
	(207, NULL, 3, NULL, NULL, 'RIEZKI SANTOSO', NULL, NULL, NULL, '1985-05-01', 28, '', '', 'BELUM', 0, NULL, NULL, NULL, 'FALSE'),
	(208, NULL, 1, NULL, NULL, 'MAWAR WARTINI', NULL, NULL, NULL, NULL, NULL, '', '', 'BELUM', 0, NULL, NULL, NULL, 'FALSE'),
	(209, NULL, 3, NULL, NULL, 'MAWAR WARTINI', NULL, NULL, NULL, '1969-03-07', 45, '', '', 'BELUM', 0, NULL, NULL, NULL, 'FALSE'),
	(210, NULL, 2, NULL, NULL, 'TOMMY FADILLAH,N.D', NULL, NULL, NULL, NULL, NULL, '', '', 'BELUM', 0, NULL, NULL, NULL, 'FALSE'),
	(211, NULL, 1, NULL, NULL, 'TOMMY FADILLAH,N.D', NULL, NULL, NULL, '1982-09-11', 31, '', '', 'BELUM', 0, NULL, NULL, NULL, 'FALSE'),
	(212, NULL, 1, NULL, NULL, 'ASEP RAHMAT', NULL, NULL, NULL, NULL, NULL, '', '', 'BELUM', 0, NULL, NULL, NULL, 'FALSE'),
	(213, NULL, 1, NULL, NULL, 'ASEP RAHMAT', NULL, NULL, NULL, '1982-11-10', 31, '', '', 'BELUM', 0, NULL, NULL, NULL, 'FALSE'),
	(214, NULL, 1, NULL, NULL, 'HARY MUSTOPHA', NULL, NULL, NULL, NULL, NULL, '', '', 'BELUM', 0, NULL, NULL, NULL, 'FALSE'),
	(215, NULL, 1, NULL, NULL, 'HARY MUSTOPHA', NULL, NULL, NULL, '1980-08-09', 33, '', '', 'BELUM', 0, NULL, NULL, NULL, 'FALSE'),
	(216, NULL, 2, NULL, NULL, 'MAS TEGUH MURIAWAN GOENARTO', NULL, NULL, NULL, NULL, NULL, '', '', 'BELUM', 0, NULL, NULL, NULL, 'FALSE'),
	(218, NULL, 2, NULL, NULL, 'IPAH SARIPAH', NULL, NULL, NULL, NULL, NULL, '', '', 'BELUM', 0, NULL, NULL, NULL, 'FALSE'),
	(219, NULL, 2, NULL, NULL, 'IPAH SARIPAH', NULL, NULL, NULL, '1972-05-29', 41, '', '', 'BELUM', 0, NULL, NULL, NULL, 'FALSE'),
	(220, NULL, 2, NULL, NULL, 'SALAMAH', NULL, NULL, NULL, NULL, NULL, '', '', 'BELUM', 0, NULL, NULL, NULL, 'FALSE'),
	(221, NULL, 3, NULL, NULL, 'SALAMAH', NULL, NULL, NULL, '1967-02-19', 47, '', '', 'BELUM', 0, NULL, NULL, NULL, 'FALSE'),
	(222, NULL, 3, NULL, NULL, 'RONALD DAVID MASSIE', NULL, NULL, NULL, NULL, NULL, '', '', 'BELUM', 0, NULL, NULL, NULL, 'FALSE'),
	(223, NULL, 2, NULL, NULL, 'RONALD DAVID MASSIE (1)', NULL, NULL, NULL, '1959-11-02', 54, '', '', 'BELUM', 0, NULL, NULL, NULL, 'FALSE'),
	(224, NULL, 2, NULL, NULL, 'RONALD DAVID MASSIE (2)', NULL, NULL, NULL, '1959-11-02', 54, '', '', 'BELUM', 0, NULL, NULL, NULL, 'FALSE'),
	(225, NULL, 2, NULL, NULL, 'RONALD DAVID MASSIE (3)', NULL, NULL, NULL, '1959-11-02', 54, '', '', 'BELUM', 0, NULL, NULL, NULL, 'FALSE'),
	(226, NULL, 3, NULL, NULL, 'HENDRO JULIANTO', NULL, NULL, NULL, NULL, NULL, '', '', 'BELUM', 0, NULL, NULL, NULL, 'FALSE'),
	(227, NULL, 3, NULL, NULL, 'HENDRO JULIANTO', NULL, NULL, NULL, '1980-07-16', 33, '', '', 'BELUM', 0, NULL, NULL, NULL, 'FALSE'),
	(228, NULL, 2, NULL, NULL, 'MURDINAH SUKMAYATI', NULL, NULL, NULL, NULL, NULL, '', '', 'BELUM', 0, NULL, NULL, NULL, 'FALSE'),
	(229, NULL, 2, NULL, NULL, 'MURDINAH SUKMAYATI', NULL, NULL, NULL, '1978-12-10', 35, '', '', 'BELUM', 0, NULL, NULL, NULL, 'FALSE'),
	(230, NULL, 1, NULL, NULL, 'ARIA SETYOKO', NULL, NULL, NULL, '1977-06-03', 36, '', '', 'BELUM', 0, NULL, NULL, NULL, 'FALSE'),
	(231, NULL, 2, NULL, NULL, 'ISTANTO CHRISTIAN', NULL, NULL, NULL, NULL, NULL, '', '', 'BELUM', 0, NULL, NULL, NULL, 'FALSE'),
	(232, NULL, 1, NULL, NULL, 'ISTANTO CHRISTIAN', NULL, NULL, NULL, '1958-07-11', 55, '', '', 'BELUM', 0, NULL, NULL, NULL, 'FALSE'),
	(233, NULL, 2, NULL, NULL, 'ROY MUHADI', NULL, NULL, NULL, NULL, NULL, '', '', 'BELUM', 0, NULL, NULL, NULL, 'FALSE'),
	(234, NULL, 1, NULL, NULL, 'ROY MUHADI', NULL, NULL, NULL, '1977-09-23', 36, '', '', 'BELUM', 0, NULL, NULL, NULL, 'FALSE'),
	(235, NULL, 3, NULL, NULL, 'WISNU WIBOWO', NULL, NULL, NULL, NULL, NULL, '', '', 'BELUM', 0, NULL, NULL, NULL, 'FALSE'),
	(236, NULL, 2, NULL, NULL, 'WISNU WIBOWO', NULL, NULL, NULL, '0984-07-22', 1029, '', '', 'BELUM', 0, NULL, NULL, NULL, 'FALSE'),
	(237, NULL, 1, NULL, NULL, 'WISNU WIBOWO', NULL, NULL, NULL, '1984-07-22', 29, '', '', 'BELUM', 0, NULL, NULL, NULL, 'FALSE'),
	(238, NULL, 3, NULL, NULL, 'LUKY KRISNADI', NULL, NULL, NULL, NULL, NULL, '', '', 'BELUM', 0, NULL, NULL, NULL, 'FALSE'),
	(239, NULL, 2, NULL, NULL, 'LUKY KRISNADI', NULL, NULL, NULL, '1975-04-12', 38, '', '', 'BELUM', 0, NULL, NULL, NULL, 'FALSE'),
	(240, NULL, 3, NULL, NULL, 'MOH.ARIFIN', NULL, NULL, NULL, NULL, NULL, '', '', 'BELUM', 0, NULL, NULL, NULL, 'FALSE'),
	(241, NULL, 1, NULL, NULL, 'MOH.ARIFIN', NULL, NULL, NULL, '1979-09-11', 34, '', '', 'BELUM', 0, NULL, NULL, NULL, 'FALSE'),
	(242, NULL, 3, NULL, NULL, 'TB.DARUL SUKMA', NULL, NULL, NULL, '1976-05-25', 37, '', '', 'BELUM', 0, NULL, NULL, NULL, 'FALSE'),
	(243, NULL, 2, NULL, NULL, 'ACHMAD SYAFI\'I TOISUTA', NULL, NULL, NULL, NULL, NULL, '', '', 'BELUM', 0, NULL, NULL, NULL, 'FALSE'),
	(244, NULL, 3, NULL, NULL, 'ACHMAD SYAFI\'I TOISUTA', NULL, NULL, NULL, '1966-12-22', 47, '', '', 'BELUM', 0, NULL, NULL, NULL, 'FALSE'),
	(247, NULL, 3, NULL, NULL, 'JONSON P.SIALLAGAN', NULL, NULL, NULL, NULL, NULL, '', '', 'BELUM', 0, NULL, NULL, NULL, 'FALSE'),
	(248, NULL, 1, NULL, NULL, 'JONSON P.SIALLAGAN', NULL, NULL, NULL, '1974-02-16', 40, '', '', 'BELUM', 0, NULL, NULL, NULL, 'FALSE'),
	(249, NULL, 3, NULL, NULL, 'TRI YUDI JATMIKO', NULL, NULL, NULL, NULL, NULL, '', '', 'BELUM', 0, NULL, NULL, NULL, 'FALSE'),
	(250, NULL, 2, NULL, NULL, 'TRI YUDI JATMIKO', NULL, NULL, NULL, '1975-09-24', 38, '', '', 'BELUM', 0, NULL, NULL, NULL, 'FALSE'),
	(251, NULL, 1, NULL, NULL, 'MAFTUCHIN', NULL, NULL, NULL, NULL, NULL, '', '', 'BELUM', 0, NULL, NULL, NULL, 'FALSE'),
	(253, NULL, 3, NULL, NULL, 'MAFTUCHIN', NULL, NULL, NULL, '1969-04-16', 44, '', '', 'BELUM', 0, NULL, NULL, NULL, 'FALSE'),
	(254, NULL, 2, NULL, NULL, 'MAFTUCHIN', NULL, NULL, NULL, '1969-04-16', 44, '', '', 'BELUM', 0, NULL, NULL, NULL, 'FALSE'),
	(273, NULL, 1, NULL, NULL, 'JOKO PURWANTO', NULL, NULL, NULL, NULL, NULL, '', '', 'BELUM', 0, NULL, NULL, NULL, 'FALSE'),
	(274, NULL, 2, NULL, NULL, 'ARIEF WIDODO', NULL, NULL, NULL, NULL, NULL, '', '', 'BELUM', 0, NULL, NULL, NULL, 'FALSE'),
	(275, NULL, 3, NULL, NULL, 'ARIEF WIDODO', NULL, NULL, NULL, '1972-03-27', 41, '', '', 'BELUM', 0, NULL, NULL, NULL, 'FALSE'),
	(277, NULL, 1, NULL, NULL, 'JOHAR TAUFIK', NULL, NULL, NULL, '1969-05-11', 44, '', '', 'BELUM', 0, NULL, NULL, NULL, 'FALSE'),
	(278, NULL, 3, NULL, NULL, 'JOHAR TAUFIK', NULL, NULL, NULL, NULL, NULL, '', '', 'BELUM', 0, NULL, NULL, NULL, 'FALSE'),
	(279, NULL, 2, NULL, NULL, 'AGUS DOSO PRIHARTONO', NULL, NULL, NULL, '1976-08-14', 37, '', '', 'BELUM', 0, NULL, NULL, NULL, 'FALSE'),
	(280, NULL, 1, NULL, NULL, 'AGUS DOSO PRIHARTONO', NULL, NULL, NULL, NULL, NULL, '', '', 'BELUM', 0, NULL, NULL, NULL, 'FALSE'),
	(281, NULL, 1, NULL, NULL, 'GUNAWAN RAHARJA', NULL, NULL, NULL, '1966-07-21', 47, '', '', 'BELUM', 0, NULL, NULL, NULL, 'FALSE'),
	(282, NULL, 1, NULL, NULL, 'GUNAWAN RAHARJA', NULL, NULL, NULL, NULL, NULL, '', '', 'BELUM', 0, NULL, NULL, NULL, 'FALSE'),
	(283, NULL, 1, NULL, NULL, 'USMAN', NULL, NULL, NULL, '1978-05-05', 35, '', '', 'BELUM', 0, NULL, NULL, NULL, 'FALSE'),
	(284, NULL, 1, NULL, NULL, 'USMAN', NULL, NULL, NULL, NULL, NULL, '', '', 'BELUM', 0, NULL, NULL, NULL, 'FALSE'),
	(285, NULL, 2, NULL, NULL, 'DEDI SETIADI,DRG', NULL, NULL, NULL, '1951-01-12', 61, '', '', 'BELUM', 0, NULL, NULL, NULL, 'FALSE'),
	(286, NULL, 2, NULL, NULL, 'DEDI SETIADI,DRG', NULL, NULL, NULL, NULL, NULL, '', '', 'BELUM', 0, NULL, NULL, NULL, 'FALSE'),
	(287, NULL, 2, NULL, NULL, 'POPON KURAESIN', NULL, NULL, NULL, '1974-10-06', 39, '', '', 'BELUM', 0, NULL, NULL, NULL, 'FALSE'),
	(288, NULL, 2, NULL, NULL, 'POPON KURAESIN', NULL, NULL, NULL, NULL, NULL, '', '', 'BELUM', 0, NULL, NULL, NULL, 'FALSE'),
	(289, NULL, 2, NULL, NULL, 'NOPHA KARTIKA', NULL, NULL, NULL, '1979-04-21', 34, '', '', 'BELUM', 0, NULL, NULL, NULL, 'FALSE'),
	(290, NULL, 3, NULL, NULL, 'NOPHA KARTIKA', NULL, NULL, NULL, NULL, NULL, '', '', 'BELUM', 0, NULL, NULL, NULL, 'FALSE'),
	(291, NULL, 3, NULL, NULL, 'IYEP AM', NULL, NULL, NULL, '1985-07-13', 27, '', '', 'BELUM', 0, NULL, NULL, NULL, 'FALSE'),
	(292, NULL, 2, NULL, NULL, 'IYEP AM', NULL, NULL, NULL, NULL, NULL, '', '', 'BELUM', 0, NULL, NULL, NULL, 'FALSE'),
	(293, NULL, 2, NULL, NULL, 'LELY JAMALUL MAHALI', NULL, NULL, NULL, NULL, NULL, '', '', 'BELUM', 0, NULL, NULL, NULL, 'FALSE'),
	(295, NULL, 3, NULL, NULL, 'ASEP RUSWANDI', NULL, NULL, NULL, NULL, NULL, '', '', 'BELUM', 0, NULL, NULL, NULL, 'FALSE'),
	(296, NULL, 3, NULL, NULL, 'ASEP RUSWANDI', NULL, NULL, NULL, '1972-10-28', 40, '', '', 'BELUM', 0, NULL, NULL, NULL, 'FALSE'),
	(297, NULL, 2, NULL, NULL, 'AHMAD SUKUR', NULL, NULL, NULL, NULL, NULL, '', '', 'BELUM', 0, NULL, NULL, NULL, 'FALSE'),
	(299, NULL, 1, NULL, NULL, 'HALILINTAR', NULL, NULL, NULL, NULL, NULL, '', '', 'BELUM', 0, NULL, NULL, NULL, 'FALSE'),
	(300, NULL, 2, NULL, NULL, 'DEDI HADIAN', NULL, NULL, NULL, NULL, NULL, '', '', 'BELUM', 0, NULL, NULL, NULL, 'FALSE'),
	(301, NULL, 1, NULL, NULL, 'DEDI HADIAN', NULL, NULL, NULL, '1970-01-23', 43, '', '', 'BELUM', 0, NULL, NULL, NULL, 'FALSE'),
	(302, NULL, 2, NULL, NULL, 'MARSIA YULIANANDA', NULL, NULL, NULL, '1970-07-25', 43, '', '', 'BELUM', 0, NULL, NULL, NULL, 'FALSE'),
	(303, NULL, 1, NULL, NULL, 'SUPARMIN', NULL, NULL, NULL, '1970-06-12', 43, '', '', 'BELUM', 0, NULL, NULL, NULL, 'FALSE'),
	(304, NULL, 3, NULL, NULL, 'CECEP SOLIHIN BIN TOHA', NULL, NULL, NULL, '1976-06-05', 37, '', '', 'BELUM', 0, NULL, NULL, NULL, 'FALSE'),
	(305, NULL, 2, NULL, NULL, 'SAPTO MARTONO,SH', NULL, NULL, NULL, '1969-03-07', 44, '', '', 'BELUM', 0, NULL, NULL, NULL, 'FALSE'),
	(306, NULL, 1, NULL, NULL, 'FEBRINO DYAR FARIZA', NULL, NULL, NULL, '1982-02-15', 31, '', '', 'BELUM', 0, NULL, NULL, NULL, 'FALSE'),
	(307, NULL, 3, NULL, NULL, 'SONNY BUDI HARIADI', NULL, NULL, NULL, '1979-05-08', 34, '', '', 'BELUM', 0, NULL, NULL, NULL, 'FALSE'),
	(308, NULL, 2, NULL, NULL, 'YOSEP SUDRAJAT', NULL, NULL, NULL, '1984-08-31', 28, '', '', 'BELUM', 0, NULL, NULL, NULL, 'FALSE'),
	(309, NULL, 3, NULL, NULL, 'DENI CARDIMAN,S.T', NULL, NULL, NULL, '1975-12-16', 37, '', '', 'BELUM', 0, NULL, NULL, NULL, 'FALSE'),
	(311, NULL, 3, NULL, NULL, 'DEDE ROSTIKA', NULL, NULL, NULL, '1965-10-24', 47, '', '', 'BELUM', 0, NULL, NULL, NULL, 'FALSE'),
	(312, NULL, 2, NULL, NULL, 'ILHAM', NULL, NULL, NULL, '1982-12-22', 30, '', '', 'BELUM', 0, NULL, NULL, NULL, 'FALSE'),
	(313, NULL, 3, NULL, NULL, 'SARYANTO', NULL, NULL, NULL, NULL, NULL, '', '', 'BELUM', 0, NULL, NULL, NULL, 'FALSE'),
	(314, NULL, 2, NULL, NULL, 'SARYANTO', NULL, NULL, NULL, '1980-09-23', 33, '', '', 'BELUM', 0, NULL, NULL, NULL, 'FALSE'),
	(315, NULL, 2, NULL, NULL, 'TETRANTI SETIANINGTYAS', NULL, NULL, NULL, NULL, NULL, '', '', 'BELUM', 0, NULL, NULL, NULL, 'FALSE'),
	(316, NULL, 3, NULL, NULL, 'TETRANTI SETIANINGTYAS', NULL, NULL, NULL, '1986-07-19', 26, '', '', 'BELUM', 0, NULL, NULL, NULL, 'FALSE'),
	(317, NULL, 1, NULL, NULL, 'YULIANTI ANDARI', NULL, NULL, NULL, NULL, NULL, '', '', 'BELUM', 0, NULL, NULL, NULL, 'FALSE'),
	(318, NULL, 3, NULL, NULL, 'YULIANTI ANDARI', NULL, NULL, NULL, '1978-07-20', 34, '', '', 'BELUM', 0, NULL, NULL, NULL, 'FALSE'),
	(319, NULL, 2, NULL, NULL, 'FEBI MUNGGARANI', NULL, NULL, NULL, NULL, NULL, '', '', 'BELUM', 0, NULL, NULL, NULL, 'FALSE'),
	(320, NULL, 1, NULL, NULL, 'FEBI MUNGGARANI', NULL, NULL, NULL, '1983-02-08', 30, '', '', 'BELUM', 0, NULL, NULL, NULL, 'FALSE'),
	(321, NULL, 2, NULL, NULL, 'BEKTI SRI HARTATI', NULL, NULL, NULL, NULL, NULL, '', '', 'BELUM', 0, NULL, NULL, NULL, 'FALSE'),
	(322, NULL, 3, NULL, NULL, 'BEKTI SRI HARTATI', NULL, NULL, NULL, '1976-05-27', 36, '', '', 'BELUM', 0, NULL, NULL, NULL, 'FALSE'),
	(323, NULL, 1, NULL, NULL, 'DIAN KOSTIAWAN', NULL, NULL, NULL, NULL, NULL, '', '', 'BELUM', 0, NULL, NULL, NULL, 'FALSE'),
	(324, NULL, 2, NULL, NULL, 'DIAN KOSTIAWAN', NULL, NULL, NULL, '1979-04-01', 33, '', '', 'BELUM', 0, NULL, NULL, NULL, 'FALSE'),
	(325, NULL, 3, NULL, NULL, 'DADANG KUSNADI', NULL, NULL, NULL, NULL, NULL, '', '', 'BELUM', 0, NULL, NULL, NULL, 'FALSE'),
	(326, NULL, 3, NULL, NULL, 'DADANG KUSNADI', NULL, NULL, NULL, '1973-08-08', 39, '', '', 'BELUM', 0, NULL, NULL, NULL, 'FALSE'),
	(327, NULL, 1, NULL, NULL, 'RACHMAD WIDODO', NULL, NULL, NULL, NULL, NULL, '', '', 'BELUM', 0, NULL, NULL, NULL, 'FALSE'),
	(328, NULL, 3, NULL, NULL, 'RACHMAD WIDODO', NULL, NULL, NULL, '1972-08-27', 40, '', '', 'BELUM', 0, NULL, NULL, NULL, 'FALSE'),
	(329, NULL, 2, NULL, NULL, 'HENDRA GUNAWAN S.OS', NULL, NULL, NULL, NULL, NULL, '', '', 'BELUM', 0, NULL, NULL, NULL, 'FALSE'),
	(330, NULL, 1, NULL, NULL, 'HENDRA GUNAWAN S.OS', NULL, NULL, NULL, '1969-02-08', 44, '', '', 'BELUM', 0, NULL, NULL, NULL, 'FALSE'),
	(331, NULL, 1, NULL, NULL, 'EVA NURLAELA SUTARYA', NULL, NULL, NULL, NULL, NULL, '', '', 'BELUM', 0, NULL, NULL, NULL, 'FALSE'),
	(333, NULL, 1, NULL, NULL, 'YAYU NOERWAHYUNI', NULL, NULL, NULL, NULL, NULL, '', '', 'BELUM', 0, NULL, NULL, NULL, 'FALSE'),
	(335, NULL, 2, NULL, NULL, 'PADA INDAH', NULL, NULL, NULL, NULL, NULL, '', '', 'BELUM', 0, NULL, NULL, NULL, 'FALSE'),
	(336, NULL, 2, NULL, NULL, 'PADA INDAH', NULL, NULL, NULL, '1972-12-02', 40, '', '', 'BELUM', 0, NULL, NULL, NULL, 'FALSE'),
	(337, NULL, 2, NULL, NULL, 'SRI GUNAWAN', NULL, NULL, NULL, NULL, NULL, '', '', 'BELUM', 0, NULL, NULL, NULL, 'FALSE'),
	(338, NULL, 2, NULL, NULL, 'SRI GUNAWAN', NULL, NULL, NULL, '1980-06-13', 32, '', '', 'BELUM', 0, NULL, NULL, NULL, 'FALSE'),
	(339, NULL, 2, NULL, NULL, 'ROSYABARI NURJAMAN', NULL, NULL, NULL, NULL, NULL, '', '', 'BELUM', 0, NULL, NULL, NULL, 'FALSE'),
	(340, NULL, 3, NULL, NULL, 'ROSYABARI NURJAMAN', NULL, NULL, NULL, '1970-10-05', 42, '', '', 'BELUM', 0, NULL, NULL, NULL, 'FALSE'),
	(341, NULL, 3, NULL, NULL, 'TOYIB TOHIRIN', NULL, NULL, NULL, NULL, NULL, '', '', 'BELUM', 0, NULL, NULL, NULL, 'FALSE'),
	(342, NULL, 2, NULL, NULL, 'TOYIB TOHIRIN', NULL, NULL, NULL, '1968-04-10', 45, '', '', 'BELUM', 0, NULL, NULL, NULL, 'FALSE'),
	(343, NULL, 2, NULL, NULL, 'UNTUNG CASWITO', NULL, NULL, NULL, NULL, NULL, '', '', 'BELUM', 0, NULL, NULL, NULL, 'FALSE'),
	(344, NULL, 2, NULL, NULL, 'UNTUNG CASWITO', NULL, NULL, NULL, '1968-02-10', 45, '', '', 'BELUM', 0, NULL, NULL, NULL, 'FALSE'),
	(345, NULL, 3, NULL, NULL, 'ERWIN SIMSON MAROJAHAN', NULL, NULL, NULL, NULL, NULL, '', '', 'BELUM', 0, NULL, NULL, NULL, 'FALSE'),
	(346, NULL, 3, NULL, NULL, 'DELTA AGUSTIANTO (MORTGAGE)', NULL, NULL, NULL, NULL, NULL, '', '', 'BELUM', 0, NULL, NULL, NULL, 'FALSE'),
	(347, NULL, 2, NULL, NULL, 'DELTA AGUSTIANTO (MORTGAGE)', NULL, NULL, NULL, '1989-08-21', 24, '', '', 'BELUM', 0, NULL, NULL, NULL, 'FALSE'),
	(348, NULL, 2, NULL, NULL, 'RONY RADITYA (MORTGAGE)', NULL, NULL, NULL, NULL, NULL, '', '', 'BELUM', 0, NULL, NULL, NULL, 'FALSE'),
	(349, NULL, 1, NULL, NULL, 'RONY RADITYA (MORTGAGE)', NULL, NULL, NULL, '1989-07-28', 24, '', '', 'BELUM', 0, NULL, NULL, NULL, 'FALSE'),
	(350, NULL, 2, NULL, NULL, 'SUPRIYADI', NULL, NULL, NULL, NULL, NULL, '', '', 'BELUM', 0, NULL, NULL, NULL, 'FALSE'),
	(351, NULL, 1, NULL, NULL, 'SUPRIYADI', NULL, NULL, NULL, '1973-04-05', 40, '', '', 'BELUM', 0, NULL, NULL, NULL, 'FALSE'),
	(352, NULL, 1, NULL, NULL, 'YAYU NOERWAHYUNI', NULL, NULL, NULL, '1990-10-07', 22, '', '', 'BELUM', 0, NULL, NULL, NULL, 'FALSE'),
	(353, NULL, 3, NULL, NULL, 'DR.FAISAL SOEPARYANTO', NULL, NULL, NULL, '1971-04-09', 42, '', '', 'BELUM', 0, NULL, NULL, NULL, 'FALSE'),
	(355, NULL, 2, NULL, NULL, 'AGUS SUGOMO', NULL, NULL, NULL, '1977-09-03', 36, '', '', 'BELUM', 0, NULL, NULL, NULL, 'FALSE'),
	(356, NULL, 1, NULL, NULL, 'ROHMAT', NULL, NULL, 'SEMARANG', '1975-06-14', 38, '81398789870', '\r\nKP TENGKURAK RT.006 RW.002 KEL. WANAKARYA KEC.BO', 'BELUM', 0, NULL, NULL, NULL, 'FALSE'),
	(357, NULL, 3, NULL, NULL, 'MOCHAMAD NASUCHA', NULL, NULL, NULL, '1975-12-05', 38, '', '', 'BELUM', 0, NULL, NULL, NULL, 'FALSE'),
	(358, NULL, 1, NULL, NULL, 'EKO PRASETYO WAHYU DEWANTO', NULL, NULL, NULL, '1975-09-08', 38, '', '', 'BELUM', 0, NULL, NULL, NULL, 'FALSE'),
	(359, NULL, 1, NULL, NULL, 'RACHMAT MULYANA', NULL, NULL, NULL, '1981-06-24', 31, '', '', 'BELUM', 0, NULL, NULL, NULL, 'FALSE'),
	(360, NULL, 2, NULL, NULL, 'LELY JAMALUL MAHALI', NULL, NULL, NULL, '1984-06-23', 28, '', '', 'BELUM', 0, NULL, NULL, NULL, 'FALSE'),
	(361, NULL, 3, NULL, NULL, 'JOKO PURWANTO', NULL, NULL, NULL, '1976-01-29', 37, '', '', 'BELUM', 0, NULL, NULL, NULL, 'FALSE'),
	(362, NULL, 2, NULL, NULL, 'MAS TEGUH MURIAWAN GOENARTO', NULL, NULL, NULL, '1981-09-06', 32, '', '', 'BELUM', 0, NULL, NULL, NULL, 'FALSE'),
	(363, NULL, 1, NULL, NULL, 'YAYAH ROKAYAH', NULL, NULL, NULL, '1974-03-23', 40, '', '', 'BELUM', 0, NULL, NULL, NULL, 'FALSE'),
	(364, NULL, 3, NULL, NULL, 'HENRY SAPUTRA HASUGIAN', NULL, NULL, NULL, '1982-09-25', 31, '', '', 'BELUM', 0, NULL, NULL, NULL, 'FALSE'),
	(365, NULL, 1, NULL, NULL, 'PUHTUT SUGIANTORO,SH', NULL, NULL, NULL, '1973-01-18', 41, '', '', 'BELUM', 0, NULL, NULL, NULL, 'FALSE'),
	(367, NULL, 3, NULL, NULL, 'DRS.H.CECEP B GUNAWAN SH.MH.MSI', NULL, NULL, NULL, '1957-02-14', 57, '', '', 'BELUM', 0, NULL, NULL, NULL, 'FALSE'),
	(368, NULL, 2, NULL, NULL, 'EKO RUBIANTO', NULL, NULL, NULL, NULL, NULL, '', '', 'BELUM', 0, NULL, NULL, NULL, 'FALSE'),
	(369, NULL, 1, NULL, NULL, 'EKO RUBIANTO', NULL, NULL, NULL, '1984-12-31', 28, '', '', 'BELUM', 0, NULL, NULL, NULL, 'FALSE'),
	(370, NULL, 2, NULL, NULL, 'ARIP SURAHMAN', NULL, NULL, NULL, NULL, NULL, '', '', 'BELUM', 0, NULL, NULL, NULL, 'FALSE'),
	(371, NULL, 2, NULL, NULL, 'TAUFIK NOVIANDRY', NULL, NULL, NULL, NULL, NULL, '', '', 'BELUM', 0, NULL, NULL, NULL, 'FALSE'),
	(372, NULL, 2, NULL, NULL, 'TAUFIK NOVIANDRY', NULL, NULL, NULL, '1986-11-09', 26, '', '', 'BELUM', 0, NULL, NULL, NULL, 'FALSE'),
	(373, NULL, 1, NULL, NULL, 'IWAN HENDRAYANA', NULL, NULL, NULL, NULL, NULL, '', '', 'BELUM', 0, NULL, NULL, NULL, 'FALSE'),
	(374, NULL, 3, NULL, NULL, 'IWAN HENDRAYANA', NULL, NULL, NULL, '1974-01-12', 38, '', '', 'BELUM', 0, NULL, NULL, NULL, 'FALSE'),
	(375, NULL, 2, NULL, NULL, 'RIZKI ANGGRAENI', NULL, NULL, NULL, NULL, NULL, '', '', 'BELUM', 0, NULL, NULL, NULL, 'FALSE'),
	(376, NULL, 1, NULL, NULL, 'RIZKI ANGRAENI', NULL, NULL, NULL, '1986-01-05', 27, '', '', 'BELUM', 0, NULL, NULL, NULL, 'FALSE'),
	(377, NULL, 3, NULL, NULL, 'RIZKI ANGRAENI', NULL, NULL, NULL, NULL, NULL, '', '', 'BELUM', 0, NULL, NULL, NULL, 'FALSE'),
	(378, NULL, 2, NULL, NULL, 'ERNI SUKMADEWI', NULL, NULL, NULL, NULL, NULL, '', '', 'BELUM', 0, NULL, NULL, NULL, 'FALSE'),
	(379, NULL, 3, NULL, NULL, 'ERNI SUKMADEWI', NULL, NULL, NULL, '1971-01-30', 42, '', '', 'BELUM', 0, NULL, NULL, NULL, 'FALSE'),
	(380, NULL, 1, NULL, NULL, 'YULIANA PAINEM', NULL, NULL, NULL, NULL, NULL, '', '', 'BELUM', 0, NULL, NULL, NULL, 'FALSE'),
	(381, NULL, 3, NULL, NULL, 'YULIANA PAINEM', NULL, NULL, NULL, '1967-06-23', 46, '', '', 'BELUM', 0, NULL, NULL, NULL, 'FALSE'),
	(382, NULL, 2, NULL, NULL, 'OMI AFFIAN SUSANTO', NULL, NULL, NULL, NULL, NULL, '', '', 'BELUM', 0, NULL, NULL, NULL, 'FALSE'),
	(384, NULL, 2, NULL, NULL, 'NOVIRIANTY SAGALA', NULL, NULL, NULL, NULL, NULL, '', '', 'BELUM', 0, NULL, NULL, NULL, 'FALSE'),
	(385, NULL, 2, NULL, NULL, 'NOVIRIANTY SAGALA', NULL, NULL, NULL, '1986-11-18', 26, '', '', 'BELUM', 0, NULL, NULL, NULL, 'FALSE'),
	(386, NULL, 3, NULL, NULL, 'ADI SUTRISNO', NULL, NULL, NULL, NULL, NULL, '', '', 'BELUM', 0, NULL, NULL, NULL, 'FALSE'),
	(387, NULL, 1, NULL, NULL, 'ADI SUTRISNO', NULL, NULL, NULL, '1983-04-01', 29, '', '', 'BELUM', 0, NULL, NULL, NULL, 'FALSE'),
	(388, NULL, 3, NULL, NULL, 'OKI DWI PRIYANTI', NULL, NULL, NULL, NULL, NULL, '', '', 'BELUM', 0, NULL, NULL, NULL, 'FALSE'),
	(389, NULL, 2, NULL, NULL, 'OKI DWI PRIYANTI', NULL, NULL, NULL, '1982-10-25', 30, '', '', 'BELUM', 0, NULL, NULL, NULL, 'FALSE'),
	(390, NULL, 1, NULL, NULL, 'BUDI SANTOSO', NULL, NULL, NULL, NULL, NULL, '', '', 'BELUM', 0, NULL, NULL, NULL, 'FALSE'),
	(391, NULL, 2, NULL, NULL, 'BUDI SANTOSO', NULL, NULL, NULL, '1979-10-02', 33, '', '', 'BELUM', 0, NULL, NULL, NULL, 'FALSE'),
	(392, NULL, 3, NULL, NULL, 'TIMOTIUS MARDI NUGROHO', NULL, NULL, NULL, NULL, NULL, '', '', 'BELUM', 0, NULL, NULL, NULL, 'FALSE'),
	(395, NULL, 3, NULL, NULL, 'SUTARKO,SE', NULL, NULL, NULL, NULL, NULL, '', '', 'BELUM', 0, NULL, NULL, NULL, 'FALSE'),
	(396, NULL, 3, NULL, NULL, 'ESY OKTAVIA', NULL, NULL, NULL, NULL, NULL, '', '', 'BELUM', 0, NULL, NULL, NULL, 'FALSE'),
	(397, NULL, 1, NULL, NULL, 'ESY OKTAVIA', NULL, NULL, NULL, '1988-10-25', 24, '', '', 'BELUM', 0, NULL, NULL, NULL, 'FALSE'),
	(398, NULL, 3, NULL, NULL, 'BUDIMAN GANI', NULL, NULL, NULL, NULL, NULL, '', '', 'BELUM', 0, NULL, NULL, NULL, 'FALSE'),
	(399, NULL, 2, NULL, NULL, 'BUDIMAN GANI', NULL, NULL, NULL, '1977-04-17', 36, '', '', 'BELUM', 0, NULL, NULL, NULL, 'FALSE'),
	(400, NULL, 1, NULL, NULL, 'VITALIS OSILIA M.ST', NULL, NULL, NULL, NULL, NULL, '', '', 'BELUM', 0, NULL, NULL, NULL, 'FALSE'),
	(401, NULL, 1, NULL, NULL, 'VITALIS OSILIA MAHARANI,ST', NULL, NULL, NULL, '1978-08-03', 34, '', '', 'BELUM', 0, NULL, NULL, NULL, 'FALSE'),
	(402, NULL, 1, NULL, NULL, 'IRENE EVELYNE SIMARMATA', NULL, NULL, NULL, NULL, NULL, '', '', 'BELUM', 0, NULL, NULL, NULL, 'FALSE'),
	(403, NULL, 1, NULL, NULL, 'IRENE EVELYNE SIMARMATA', NULL, NULL, NULL, '1972-10-28', 40, '', '', 'BELUM', 0, NULL, NULL, NULL, 'FALSE'),
	(404, NULL, 1, NULL, NULL, 'YOPPY GUNAWAN', NULL, NULL, NULL, NULL, NULL, '', '', 'BELUM', 0, NULL, NULL, NULL, 'FALSE'),
	(405, NULL, 2, NULL, NULL, 'YOPPY GUNAWAN', NULL, NULL, NULL, '1974-05-16', 39, '', '', 'BELUM', 0, NULL, NULL, NULL, 'FALSE'),
	(406, NULL, 2, NULL, NULL, 'ADE RAHAYU', NULL, NULL, NULL, NULL, NULL, '', '', 'BELUM', 0, NULL, NULL, NULL, 'FALSE'),
	(407, NULL, 2, NULL, NULL, 'ADE RAHAYU', NULL, NULL, NULL, '1975-04-02', 37, '', '', 'BELUM', 0, NULL, NULL, NULL, 'FALSE'),
	(408, NULL, 2, NULL, NULL, 'DADANG HERMAWAN', NULL, NULL, NULL, NULL, NULL, '', '', 'BELUM', 0, NULL, NULL, NULL, 'FALSE'),
	(409, NULL, 2, NULL, NULL, 'DADANG HERMAWAN', NULL, NULL, NULL, '1970-06-06', 43, '', '', 'BELUM', 0, NULL, NULL, NULL, 'FALSE'),
	(410, NULL, 3, NULL, NULL, 'UPI SITI NOORBAYA', NULL, NULL, NULL, NULL, NULL, '', '', 'BELUM', 0, NULL, NULL, NULL, 'FALSE'),
	(412, NULL, 2, NULL, NULL, 'ASEP DEDDI', NULL, NULL, NULL, NULL, NULL, '', '', 'BELUM', 0, NULL, NULL, NULL, 'FALSE'),
	(413, NULL, 2, NULL, NULL, 'BAGUS BUDI HARTONO', NULL, NULL, NULL, NULL, NULL, '', '', 'BELUM', 0, NULL, NULL, NULL, 'FALSE'),
	(415, NULL, 3, NULL, NULL, 'PERTIWI HADININGTYAS', NULL, NULL, NULL, NULL, NULL, '', '', 'BELUM', 0, NULL, NULL, NULL, 'FALSE'),
	(416, NULL, 3, NULL, NULL, 'PERTIWI HADININGTYAS', NULL, NULL, NULL, '1986-12-21', 26, '', '', 'BELUM', 0, NULL, NULL, NULL, 'FALSE'),
	(417, NULL, 2, NULL, NULL, 'AHMAD HIDAYAT', NULL, NULL, NULL, NULL, NULL, '', '', 'BELUM', 0, NULL, NULL, NULL, 'FALSE'),
	(418, NULL, 2, NULL, NULL, 'AHMAD HIDAYAT', NULL, NULL, NULL, '1991-04-28', 21, '', '', 'BELUM', 0, NULL, NULL, NULL, 'FALSE'),
	(419, NULL, 1, NULL, NULL, 'RAHMAT HARTANTO,SPA', NULL, NULL, NULL, NULL, NULL, '', '', 'BELUM', 0, NULL, NULL, NULL, 'FALSE'),
	(420, NULL, 2, NULL, NULL, 'RAHMAT HARTANTO,SPA', NULL, NULL, NULL, '1979-02-01', 34, '', '', 'BELUM', 0, NULL, NULL, NULL, 'FALSE'),
	(421, NULL, 1, NULL, NULL, 'R.SETYO BOEDY UTOMO', NULL, NULL, NULL, NULL, NULL, '', '', 'BELUM', 0, NULL, NULL, NULL, 'FALSE'),
	(422, NULL, 2, NULL, NULL, 'R.SETYO BOEDY UTOMO', NULL, NULL, NULL, '1965-07-17', 47, '', '', 'BELUM', 0, NULL, NULL, NULL, 'FALSE'),
	(423, NULL, 1, NULL, NULL, 'SAVIRA MIRA', NULL, NULL, NULL, NULL, NULL, '', '', 'BELUM', 0, NULL, NULL, NULL, 'FALSE'),
	(424, NULL, 3, NULL, NULL, 'SAVIRA MIRA', NULL, NULL, NULL, '1985-10-26', 27, '', '', 'BELUM', 0, NULL, NULL, NULL, 'FALSE'),
	(425, NULL, 2, NULL, NULL, 'NINUK ARYANI', NULL, NULL, NULL, NULL, NULL, '', '', 'BELUM', 0, NULL, NULL, NULL, 'FALSE'),
	(426, NULL, 1, NULL, NULL, 'NINUK ARYANI', NULL, NULL, NULL, '1985-02-24', 28, '', '', 'BELUM', 0, NULL, NULL, NULL, 'FALSE'),
	(427, NULL, 3, NULL, NULL, 'TARI YULIANDINI', NULL, NULL, NULL, NULL, NULL, '', '', 'BELUM', 0, NULL, NULL, NULL, 'FALSE'),
	(430, NULL, 1, NULL, NULL, 'SURMANTO SUTEMI', NULL, NULL, NULL, NULL, NULL, '', '', 'BELUM', 0, NULL, NULL, NULL, 'FALSE'),
	(431, NULL, 3, NULL, NULL, 'SURMANTO SUTEMI', NULL, NULL, NULL, '1971-07-23', 41, '', '', 'BELUM', 0, NULL, NULL, NULL, 'FALSE'),
	(432, NULL, 3, NULL, NULL, 'ALFIN WINAMA', NULL, NULL, NULL, '1976-08-21', 36, '', '', 'BELUM', 0, NULL, NULL, NULL, 'FALSE'),
	(433, NULL, 2, NULL, NULL, 'ALFIN WINAMA', NULL, NULL, NULL, NULL, NULL, '', '', 'BELUM', 0, NULL, NULL, NULL, 'FALSE'),
	(435, NULL, 2, NULL, NULL, 'EKA MARA JATNIKA', NULL, NULL, NULL, NULL, NULL, '', '', 'BELUM', 0, NULL, NULL, NULL, 'FALSE'),
	(436, NULL, 2, NULL, NULL, 'KURNIAWAN', NULL, NULL, NULL, NULL, NULL, '', '', 'BELUM', 0, NULL, NULL, NULL, 'FALSE'),
	(437, NULL, 3, NULL, NULL, 'KURNIAWAN', NULL, NULL, NULL, '1979-03-01', 34, '', '', 'BELUM', 0, NULL, NULL, NULL, 'FALSE'),
	(438, NULL, 1, NULL, NULL, 'YUSUP', NULL, NULL, NULL, NULL, NULL, '', '', 'BELUM', 0, NULL, NULL, NULL, 'FALSE'),
	(439, NULL, 3, NULL, NULL, 'YUSUP (1)', NULL, NULL, NULL, '1962-03-06', 51, '', '', 'BELUM', 0, NULL, NULL, NULL, 'FALSE'),
	(440, NULL, 2, NULL, NULL, 'YUSUP', NULL, NULL, NULL, '1962-03-06', 51, '', '', 'BELUM', 0, NULL, NULL, NULL, 'FALSE'),
	(441, NULL, 2, NULL, NULL, 'SOMI MOHAMAD YUNUS', NULL, NULL, NULL, NULL, NULL, '', '', 'BELUM', 0, NULL, NULL, NULL, 'FALSE'),
	(443, NULL, 1, NULL, NULL, 'TOMI TISWOYO', NULL, NULL, NULL, '1978-08-16', 34, '', '', 'BELUM', 0, NULL, NULL, NULL, 'FALSE'),
	(444, NULL, 2, NULL, NULL, 'RENY AGUS RIANI', NULL, NULL, NULL, NULL, NULL, '', '', 'BELUM', 0, NULL, NULL, NULL, 'FALSE'),
	(445, NULL, 3, NULL, NULL, 'ATI DARYATI', NULL, NULL, NULL, '1960-07-01', 52, '', '', 'BELUM', 0, NULL, NULL, NULL, 'FALSE'),
	(447, NULL, 2, NULL, NULL, 'RINI ZULVIANI', NULL, NULL, NULL, NULL, NULL, '', '', 'BELUM', 0, NULL, NULL, NULL, 'FALSE'),
	(448, NULL, 3, NULL, NULL, 'FRENKY SURJA PUTRA', NULL, NULL, NULL, NULL, NULL, '', '', 'BELUM', 0, NULL, NULL, NULL, 'FALSE'),
	(449, NULL, 3, NULL, NULL, 'WAWAN GUNAWAN', NULL, NULL, NULL, '1960-06-02', 52, '', '', 'BELUM', 0, NULL, NULL, NULL, 'FALSE'),
	(450, NULL, 1, NULL, NULL, 'LUNDY EFRATA GUNAWAN', NULL, NULL, NULL, NULL, NULL, '', '', 'BELUM', 0, NULL, NULL, NULL, 'FALSE'),
	(451, NULL, 3, NULL, NULL, 'LUNDY EFRATA GUNAWAN', NULL, NULL, NULL, '1971-12-31', 41, '', '', 'BELUM', 0, NULL, NULL, NULL, 'FALSE'),
	(452, NULL, 2, NULL, NULL, 'ROMLAS', NULL, NULL, NULL, NULL, NULL, '', '', 'BELUM', 0, NULL, NULL, NULL, 'FALSE'),
	(453, NULL, 1, NULL, NULL, 'ROMLAS', NULL, NULL, NULL, '1980-07-09', 32, '', '', 'BELUM', 0, NULL, NULL, NULL, 'FALSE'),
	(454, NULL, 1, NULL, NULL, 'DOLI JEREMIA PURBAWA', NULL, NULL, NULL, NULL, NULL, '', '', 'BELUM', 0, NULL, NULL, NULL, 'FALSE'),
	(455, NULL, 1, NULL, NULL, 'DOLI JEREMIA PURBAWA', NULL, NULL, NULL, '1985-04-12', 28, '', '', 'BELUM', 0, NULL, NULL, NULL, 'FALSE'),
	(456, NULL, 1, NULL, NULL, 'TRI WAHONO', NULL, NULL, NULL, NULL, NULL, '', '', 'BELUM', 0, NULL, NULL, NULL, 'FALSE'),
	(457, NULL, 1, NULL, NULL, 'TRI WAHONO', NULL, NULL, NULL, '1979-06-11', 33, '', '', 'BELUM', 0, NULL, NULL, NULL, 'FALSE'),
	(458, NULL, 2, NULL, NULL, 'ARIFIN HANAFI', NULL, NULL, NULL, NULL, NULL, '', '', 'BELUM', 0, NULL, NULL, NULL, 'FALSE'),
	(459, NULL, 2, NULL, NULL, 'ARIFIN HANAFI', NULL, NULL, NULL, '1990-11-08', 22, '', '', 'BELUM', 0, NULL, NULL, NULL, 'FALSE'),
	(460, NULL, 2, NULL, NULL, 'DULAH EWI NORAN SITIO', NULL, NULL, NULL, NULL, NULL, '', '', 'BELUM', 0, NULL, NULL, NULL, 'FALSE'),
	(461, NULL, 2, NULL, NULL, 'DULAH EWI NORAN SITIO', NULL, NULL, NULL, '1978-11-28', 34, '', '', 'BELUM', 0, NULL, NULL, NULL, 'FALSE'),
	(462, NULL, 2, NULL, NULL, 'ENDANG SRI WAHYUNINGSIH', NULL, NULL, NULL, NULL, NULL, '', '', 'BELUM', 0, NULL, NULL, NULL, 'FALSE'),
	(463, NULL, 3, NULL, NULL, 'ENDANG SRI WAHYUNINGSIH', NULL, NULL, NULL, '1974-11-14', 38, '', '', 'BELUM', 0, NULL, NULL, NULL, 'FALSE'),
	(464, NULL, 3, NULL, NULL, 'ARNITA FURI', NULL, NULL, NULL, NULL, NULL, '', '', 'BELUM', 0, NULL, NULL, NULL, 'FALSE'),
	(465, NULL, 2, NULL, NULL, 'ARNITA FURI', NULL, NULL, NULL, '1985-02-18', 28, '', '', 'BELUM', 0, NULL, NULL, NULL, 'FALSE'),
	(466, NULL, 2, NULL, NULL, 'CAHYOKO', NULL, NULL, NULL, NULL, NULL, '', '', 'BELUM', 0, NULL, NULL, NULL, 'FALSE'),
	(467, NULL, 2, NULL, NULL, 'CAHYOKO', NULL, NULL, NULL, '1988-08-04', 24, '', '', 'BELUM', 0, NULL, NULL, NULL, 'FALSE'),
	(468, NULL, 1, NULL, NULL, 'HENKI SUSENO', NULL, NULL, NULL, '1978-12-29', 33, '', '', 'BELUM', 0, NULL, NULL, NULL, 'FALSE'),
	(469, NULL, 3, NULL, NULL, 'TOTON EPENDI', NULL, NULL, 'SERANG', '1975-05-20', 38, '', 'KP.CICONGKOK RT.004 RW.001 DS.PETIR KEC.PETIR KAB.', 'BELUM', 0, NULL, NULL, NULL, 'FALSE'),
	(470, NULL, 3, NULL, NULL, 'KASDIRUN', NULL, NULL, 'TANGERANG', '1964-06-06', 49, '', '\r\nLINK.WIDARA RT.003 RW.013 KEL.CIMUNCANG KEC.SERA', 'BELUM', 0, NULL, NULL, NULL, 'FALSE'),
	(471, NULL, 2, NULL, NULL, 'DADANG SURYADI', NULL, NULL, 'SERANG', '1978-03-07', 36, '', 'GRIYA PERMATA ASRI BLOK F.7 KEL.DALUNG KEC.CIPOCOK', 'BELUM', 0, NULL, NULL, NULL, 'FALSE'),
	(473, NULL, 2, NULL, NULL, 'ROHATI', NULL, NULL, 'TANGERANG', '1973-07-01', 40, '', 'Kp. Panjarakan Rt.014/004 Ds. Tambiluk Kec.Petir K', 'BELUM', 0, NULL, NULL, NULL, 'FALSE'),
	(474, NULL, 1, NULL, NULL, 'SULASTRI', NULL, NULL, 'PUJODADI', '1971-05-06', 42, '', 'Kp.Cipari Rt.006/002 Ds/Kel.Pancalaksana Kec.Curug', 'BELUM', 0, NULL, NULL, NULL, 'FALSE'),
	(475, NULL, 2, NULL, NULL, 'NAHUDI', NULL, NULL, 'SERANG', '1980-09-16', 33, '', 'Kp.Bagawati Rt.007/002 Kel/Ds.Kilasah Kec.Kasemen ', 'BELUM', 0, NULL, NULL, NULL, 'FALSE'),
	(476, NULL, 1, NULL, NULL, 'SITTU SELASTRI', NULL, NULL, 'SERANG', '1977-05-24', 36, '', 'Kp.Kapandean Rt.010/003 Ds.Sindangsari Kec.Petir K', 'BELUM', 0, NULL, NULL, NULL, 'FALSE'),
	(477, NULL, 2, NULL, NULL, 'EROH', NULL, NULL, 'SERANG', '1961-11-28', 52, '', 'Kp.Kamadean Rt.007/002 Ds.Seuat Kec.Petir Kab.Sera', 'BELUM', 0, NULL, NULL, NULL, 'FALSE'),
	(478, NULL, 1, NULL, NULL, 'BOBI FAISAL', NULL, NULL, 'PANDEGLANG', '1981-12-03', 32, '', 'Kp.Cikondang Rt.02/10 Kel.Pandeglang Kec.Pandeglan', 'BELUM', 0, NULL, NULL, NULL, 'FALSE'),
	(479, NULL, 3, NULL, NULL, 'DJUBAEDI', NULL, NULL, 'SERANG', '1973-04-12', 41, '', 'Kp.Pagedongan Tanjak Rt.003/003 Ds.Sukamanah Kec\r\n', 'BELUM', 0, NULL, NULL, NULL, 'FALSE'),
	(480, NULL, 2, NULL, NULL, 'SAIYAH', NULL, NULL, 'SERANG', '1972-08-08', 41, '', 'Link.Benda Rt.002/003 Ds/Kel.Banjar Agung Kec.Cipo', 'BELUM', 0, NULL, NULL, NULL, 'FALSE'),
	(481, NULL, 1, NULL, NULL, 'ENDANG', NULL, NULL, 'SERANG', '1980-03-23', 34, '', 'Kp.Katupang Waringin Rt.006/002 Ds/Kel Cilayang \r\n', 'BELUM', 0, NULL, NULL, NULL, 'FALSE'),
	(482, NULL, 3, NULL, NULL, 'RADEN TITO SOEMANTRI', NULL, NULL, 'SERANG', '1962-11-22', 51, '', 'Kp.Cipacung Rt.02/01 Ds.Cikeusal Kec.Cikeusal Kab.', 'BELUM', 0, NULL, NULL, NULL, 'FALSE'),
	(483, NULL, 2, NULL, NULL, 'RUMSI', NULL, NULL, 'SERANG', '1957-09-06', 56, '', 'Jl.Ciceri Jaya Rt.001/007 Kel.Sumur Pecung Kec.Ser', 'BELUM', 0, NULL, NULL, NULL, 'FALSE'),
	(484, NULL, 3, NULL, NULL, 'SUHERMAN H', NULL, NULL, 'PANDEGLANG', '1966-12-01', 47, '', 'Kp.Majasari Pasir Kacapi Rt.002/006 Ds/Kel.Sukarat', 'BELUM', 0, NULL, NULL, NULL, 'FALSE'),
	(485, NULL, 1, NULL, NULL, 'JUPARDIN', NULL, NULL, 'TANGERANG', '1977-04-19', 36, '', 'Kp.Cihasem Rt.004/006 Kel.Pandeglang Kec.Pandeglan', 'BELUM', 0, NULL, NULL, NULL, 'FALSE'),
	(486, NULL, 3, NULL, NULL, 'DEWI YULIASARI', NULL, NULL, 'SERANG', '1977-07-18', 36, '', 'jl.Yusuf Martadilaga Gg.Penerangan Rt.001/009 Kel.', 'BELUM', 0, NULL, NULL, NULL, 'FALSE'),
	(487, NULL, 2, NULL, NULL, 'MARWIYAH BT SAEFUDIN', NULL, NULL, 'SERANG', '1976-10-13', 37, '', 'Jl.45 Link.Muntil Rt.002/003 Kel/Kec Serang Kota S', 'BELUM', 0, NULL, NULL, NULL, 'FALSE'),
	(488, NULL, 3, NULL, NULL, 'TB SOBARI', NULL, NULL, 'SERANG', '1979-09-04', 34, '', 'Link.Kalgandu Masjid Kel.Kaigandu Kec.Serang Kota ', 'BELUM', 0, NULL, NULL, NULL, 'FALSE'),
	(489, NULL, 2, NULL, NULL, 'YENI HANDAYANI', NULL, NULL, 'SERANG', '1972-07-26', 41, '', 'Cimuncang Cilik Rt.005/014 Kel.Cimuncang Kec.Seran', 'BELUM', 0, NULL, NULL, NULL, 'FALSE'),
	(490, NULL, 2, NULL, NULL, 'EDI', NULL, NULL, 'SERANG', '1959-07-08', 54, '', 'Kp.Parumasan Rt.005/001 Ds.Nagarapadang Kec.Petir\r', 'BELUM', 0, NULL, NULL, NULL, 'FALSE'),
	(492, NULL, 3, NULL, NULL, 'NINGSIH', NULL, NULL, 'JAKARTA', '1977-07-18', 36, '', 'Permata Asri Rt.005/009 Kel.Banjarsari Kec.Cipocok', 'BELUM', 0, NULL, NULL, NULL, 'FALSE'),
	(493, NULL, 2, NULL, NULL, 'ASEP DEDDI', NULL, NULL, NULL, NULL, NULL, '', '', 'BELUM', 0, NULL, NULL, NULL, 'FALSE'),
	(494, NULL, 2, NULL, NULL, 'SUTARKO,SE', NULL, NULL, NULL, '1969-10-10', 43, '', '', 'BELUM', 0, NULL, NULL, NULL, 'FALSE'),
	(495, NULL, 1, NULL, NULL, 'TIMOTIUS MARDI NUGROHO', NULL, NULL, NULL, '1985-04-24', 28, '', '', 'BELUM', 0, NULL, NULL, NULL, 'FALSE'),
	(496, NULL, 3, NULL, NULL, 'YULIANA PAINEM', NULL, NULL, NULL, NULL, NULL, '', '', 'BELUM', 0, NULL, NULL, NULL, 'FALSE'),
	(497, NULL, 1, NULL, NULL, 'KAMTO', NULL, NULL, NULL, NULL, NULL, '', '', 'BELUM', 0, NULL, NULL, NULL, 'FALSE'),
	(499, NULL, 2, NULL, NULL, 'SUMARDI', NULL, NULL, NULL, '1961-01-10', 53, '', '', 'BELUM', 0, NULL, NULL, NULL, 'FALSE'),
	(500, NULL, 1, NULL, NULL, 'AMBARA', NULL, NULL, NULL, NULL, NULL, '', '', 'BELUM', 0, NULL, NULL, NULL, 'FALSE'),
	(501, NULL, 2, NULL, NULL, 'AMBARA', NULL, NULL, NULL, '1980-05-16', 33, '', '', 'BELUM', 0, NULL, NULL, NULL, 'FALSE'),
	(502, NULL, 3, NULL, NULL, 'SUFNAJAYA', NULL, NULL, NULL, '1971-05-07', 41, '', '', 'BELUM', 0, NULL, NULL, NULL, 'FALSE'),
	(503, NULL, 1, NULL, NULL, 'ARI WIBOWO', NULL, NULL, NULL, '1986-09-26', 27, '', '', 'BELUM', 0, NULL, NULL, NULL, 'FALSE'),
	(504, NULL, 2, NULL, NULL, 'ABUN', NULL, NULL, NULL, '1976-06-09', 37, '', '', 'BELUM', 0, NULL, NULL, NULL, 'FALSE'),
	(506, NULL, 3, NULL, NULL, 'DIANTO', NULL, NULL, NULL, '1973-05-26', 40, '', '', 'BELUM', 0, NULL, NULL, NULL, 'FALSE'),
	(507, NULL, 1, NULL, NULL, 'TEGUH', NULL, NULL, NULL, '1984-05-20', 29, '', '', 'BELUM', 0, NULL, NULL, NULL, 'FALSE'),
	(508, NULL, 3, NULL, NULL, 'JAYA PRANA', NULL, NULL, NULL, '1981-01-02', 33, '', '', 'BELUM', 0, NULL, NULL, NULL, 'FALSE'),
	(509, NULL, 3, NULL, NULL, 'IWO PRABOWO', NULL, NULL, NULL, '1971-01-12', 43, '', '', 'BELUM', 0, NULL, NULL, NULL, 'FALSE'),
	(510, NULL, 3, NULL, NULL, 'UPI SITI NOORBAYA', NULL, NULL, NULL, '1968-06-09', 45, '', '', 'BELUM', 0, NULL, NULL, NULL, 'FALSE'),
	(511, NULL, 3, NULL, NULL, 'JOKO PURWANTO', NULL, NULL, NULL, NULL, NULL, '', '', 'BELUM', 0, NULL, NULL, NULL, 'FALSE'),
	(512, NULL, 1, NULL, NULL, 'EVA NURLAELA SUTARYA', NULL, NULL, NULL, '1987-10-27', 25, '', '', 'BELUM', 0, NULL, NULL, NULL, 'FALSE'),
	(513, NULL, 2, NULL, NULL, 'TARI YULIANDINI', NULL, NULL, NULL, '1988-07-15', 24, '', '', 'BELUM', 0, NULL, NULL, NULL, 'FALSE'),
	(514, NULL, 3, NULL, NULL, 'EKA MARA JATNIKA', NULL, NULL, NULL, '1984-05-01', 29, '', '', 'BELUM', 0, NULL, NULL, NULL, 'FALSE'),
	(515, NULL, 2, NULL, NULL, 'APRIANTONI', NULL, NULL, NULL, NULL, NULL, '', '', 'BELUM', 0, NULL, NULL, NULL, 'FALSE'),
	(516, NULL, 1, NULL, NULL, 'YAYAH ROKAYAH', NULL, NULL, NULL, NULL, NULL, '', '', 'BELUM', 0, NULL, NULL, NULL, 'FALSE'),
	(517, NULL, 1, NULL, NULL, 'ABDUL KODIR', NULL, NULL, NULL, NULL, NULL, '', '', 'BELUM', 0, NULL, NULL, NULL, 'FALSE'),
	(519, NULL, 3, NULL, NULL, 'ABDUL KODIR', NULL, NULL, 'BANDUNG', '1970-11-13', 43, '', '', 'BELUM', 0, NULL, NULL, NULL, 'FALSE'),
	(520, NULL, 2, NULL, NULL, 'JAMALUDIN', NULL, NULL, NULL, NULL, NULL, '', '', 'BELUM', 0, NULL, NULL, NULL, 'FALSE'),
	(521, NULL, 1, NULL, NULL, 'EKO BAMBANG PRASETYO', NULL, NULL, NULL, NULL, NULL, '', '', 'BELUM', 0, NULL, NULL, NULL, 'FALSE'),
	(522, NULL, 1, NULL, NULL, 'NANI SURYANI', NULL, NULL, NULL, NULL, NULL, '', '', 'BELUM', 0, NULL, NULL, NULL, 'FALSE'),
	(523, NULL, 3, NULL, NULL, 'NANI SURYANI', NULL, NULL, NULL, '1957-03-04', 57, '', '', 'BELUM', 0, NULL, NULL, NULL, 'FALSE'),
	(524, NULL, 3, NULL, NULL, 'NURDASIM', NULL, NULL, NULL, '1958-07-09', 55, '', '', 'BELUM', 0, NULL, NULL, NULL, 'FALSE'),
	(525, NULL, 1, NULL, NULL, 'FIKI RATNA SARI', NULL, NULL, NULL, NULL, NULL, '', '', 'BELUM', 0, NULL, NULL, NULL, 'FALSE'),
	(529, NULL, 3, NULL, NULL, 'SOMI MOHAMAD YUNUS', NULL, NULL, NULL, '1970-11-29', 42, '', '', 'BELUM', 0, NULL, NULL, NULL, 'FALSE'),
	(532, NULL, 2, NULL, NULL, 'NURDASIM', NULL, NULL, NULL, NULL, NULL, '', '', 'BELUM', 0, NULL, NULL, NULL, 'FALSE'),
	(535, NULL, 2, NULL, NULL, 'FIRMAN HISYAM SUTANTO', NULL, NULL, NULL, '1981-07-03', 32, '', '', 'BELUM', 0, NULL, NULL, NULL, 'FALSE'),
	(536, NULL, 2, NULL, NULL, 'FIRMAN HISYAM SUTANTO', NULL, NULL, NULL, NULL, NULL, '', '', 'BELUM', 0, NULL, NULL, NULL, 'FALSE'),
	(537, NULL, 2, NULL, NULL, 'RACHMAT MULYANA', NULL, NULL, NULL, NULL, NULL, '', '', 'BELUM', 0, NULL, NULL, NULL, 'FALSE'),
	(539, NULL, 3, NULL, NULL, 'RAMRAM MANSUR RAMDANI', NULL, NULL, NULL, NULL, NULL, '', '', 'BELUM', 0, NULL, NULL, NULL, 'FALSE'),
	(540, NULL, 2, NULL, NULL, 'RAMRAM MANSUR RAMDANI', NULL, NULL, NULL, '1979-08-02', 34, '', '', 'BELUM', 0, NULL, NULL, NULL, 'FALSE'),
	(541, NULL, 2, NULL, NULL, 'LINTANG SAKTI', NULL, NULL, NULL, NULL, NULL, '', '', 'BELUM', 0, NULL, NULL, NULL, 'FALSE'),
	(542, NULL, 2, NULL, NULL, 'DICKY ACHMAD FAUZI', NULL, NULL, NULL, '1983-12-30', 30, '', '', 'BELUM', 0, NULL, NULL, NULL, 'FALSE'),
	(543, NULL, 3, NULL, NULL, 'DICKY ACHMAD FAUZI', NULL, NULL, NULL, NULL, NULL, '', '', 'BELUM', 0, NULL, NULL, NULL, 'FALSE'),
	(544, NULL, 3, NULL, NULL, 'LINTANG SAKTI D', NULL, NULL, NULL, '1982-11-16', 31, '', '', 'BELUM', 0, NULL, NULL, NULL, 'FALSE'),
	(545, NULL, 2, NULL, NULL, 'LINTANG SAKTI D', NULL, NULL, NULL, NULL, NULL, '', '', 'BELUM', 0, NULL, NULL, NULL, 'FALSE'),
	(546, NULL, 2, NULL, NULL, 'SURYONO', NULL, NULL, NULL, NULL, NULL, '', '', 'BELUM', 0, NULL, NULL, NULL, 'FALSE'),
	(547, NULL, 1, NULL, NULL, 'SURYONO', NULL, NULL, NULL, '1975-08-26', 38, '', '', 'BELUM', 0, NULL, NULL, NULL, 'FALSE'),
	(548, NULL, 2, NULL, NULL, 'MINA ARSITA MARSUDI', NULL, NULL, NULL, '1976-02-04', 38, '', '', 'BELUM', 0, NULL, NULL, NULL, 'FALSE'),
	(549, NULL, 1, NULL, NULL, 'RATU NURLAELA', NULL, NULL, NULL, '1975-05-12', 38, '', '', 'BELUM', 0, NULL, NULL, NULL, 'FALSE'),
	(550, NULL, 2, NULL, NULL, 'RATU NURLAELA', NULL, NULL, NULL, NULL, NULL, '', '', 'BELUM', 0, NULL, NULL, NULL, 'FALSE'),
	(551, NULL, 1, NULL, NULL, 'DENNY CHANDRA', NULL, NULL, NULL, NULL, NULL, '', '', 'BELUM', 0, NULL, NULL, NULL, 'FALSE'),
	(552, NULL, 1, NULL, NULL, 'AKIN HALIM DARMAWIJAYA', NULL, NULL, NULL, NULL, NULL, '', '', 'BELUM', 0, NULL, NULL, NULL, 'FALSE'),
	(553, NULL, 1, NULL, NULL, 'LISA ARTATI', NULL, NULL, NULL, NULL, NULL, '', '', 'BELUM', 0, NULL, NULL, NULL, 'FALSE'),
	(555, NULL, 1, NULL, NULL, 'IKA SETIANINGSIH', NULL, NULL, NULL, NULL, NULL, '', '', 'BELUM', 0, NULL, NULL, NULL, 'FALSE'),
	(557, NULL, 2, NULL, NULL, 'EKA YUNIAR', NULL, NULL, NULL, '1975-06-18', 37, '', '', 'BELUM', 0, NULL, NULL, NULL, 'FALSE'),
	(558, NULL, 2, NULL, NULL, 'AMINUDIN', NULL, NULL, NULL, '1979-01-05', 34, '', '', 'BELUM', 0, NULL, NULL, NULL, 'FALSE'),
	(559, NULL, 2, NULL, NULL, 'YULI DWI MARDIYANTO', NULL, NULL, NULL, NULL, NULL, '', '', 'BELUM', 0, NULL, NULL, NULL, 'FALSE'),
	(560, NULL, 2, NULL, NULL, 'ILHAM', NULL, NULL, NULL, NULL, NULL, '', '', 'BELUM', 0, NULL, NULL, NULL, 'FALSE'),
	(561, NULL, 2, NULL, NULL, 'SAPTO MARTONO,SH', NULL, NULL, NULL, NULL, NULL, '', '', 'BELUM', 0, NULL, NULL, NULL, 'FALSE'),
	(562, NULL, 3, NULL, NULL, 'FEBRINO DYAR FARIZA', NULL, NULL, NULL, NULL, NULL, '', '', 'BELUM', 0, NULL, NULL, NULL, 'FALSE'),
	(563, NULL, 3, NULL, NULL, 'AI YOGIANA', NULL, NULL, NULL, NULL, NULL, '', '', 'BELUM', 0, NULL, NULL, NULL, 'FALSE'),
	(564, NULL, 2, NULL, NULL, 'AI YOGIANA', NULL, NULL, NULL, '1977-12-11', 36, '', '', 'BELUM', 0, NULL, NULL, NULL, 'FALSE'),
	(565, NULL, 2, NULL, NULL, 'TENANG RIBOWO', NULL, NULL, NULL, '1977-07-13', 36, '', '', 'BELUM', 0, NULL, NULL, NULL, 'FALSE'),
	(566, NULL, 2, NULL, NULL, 'TENANG RIBOWO', NULL, NULL, NULL, NULL, NULL, '', '', 'BELUM', 0, NULL, NULL, NULL, 'FALSE'),
	(567, NULL, 3, NULL, NULL, 'ELIS HERYATI', NULL, NULL, NULL, '1959-02-22', 55, '', '', 'BELUM', 0, NULL, NULL, NULL, 'FALSE'),
	(568, NULL, 3, NULL, NULL, 'ELIS HERYATI', NULL, NULL, NULL, NULL, NULL, '', '', 'BELUM', 0, NULL, NULL, NULL, 'FALSE'),
	(569, NULL, 2, NULL, NULL, 'DONI SARIFUDIN', NULL, NULL, NULL, NULL, NULL, '', '', 'BELUM', 0, NULL, NULL, NULL, 'FALSE'),
	(570, NULL, 2, NULL, NULL, 'DONI SARIFUDIN', NULL, NULL, NULL, '1986-05-03', 27, '', '', 'BELUM', 0, NULL, NULL, NULL, 'FALSE'),
	(571, NULL, 1, NULL, NULL, 'INTAN SRIE RAHAYU', NULL, NULL, NULL, NULL, NULL, '', '', 'BELUM', 0, NULL, NULL, NULL, 'FALSE'),
	(572, NULL, 2, NULL, NULL, 'INTAN SRIE RAHAYU (MORTGAGE)', NULL, NULL, NULL, NULL, NULL, '', '', 'BELUM', 0, NULL, NULL, NULL, 'FALSE'),
	(575, NULL, 1, NULL, NULL, 'ARA MULYANA', NULL, NULL, NULL, NULL, NULL, '', '', 'BELUM', 0, NULL, NULL, NULL, 'FALSE'),
	(576, NULL, 3, NULL, NULL, 'GILANG ADITYA NUGRAHA', NULL, NULL, NULL, NULL, NULL, '', '', 'BELUM', 0, NULL, NULL, NULL, 'FALSE'),
	(577, NULL, 2, NULL, NULL, 'GILANG ADIYTA NUGRAHA', NULL, NULL, NULL, '1987-01-03', 27, '', '', 'BELUM', 0, NULL, NULL, NULL, 'FALSE'),
	(578, NULL, 2, NULL, NULL, 'ARA MULYANA', NULL, NULL, NULL, '1958-06-04', 55, '', '', 'BELUM', 0, NULL, NULL, NULL, 'FALSE'),
	(580, NULL, 1, NULL, NULL, 'IKA SETIANINGSIH', NULL, NULL, NULL, '1981-06-17', 32, '', '', 'BELUM', 0, NULL, NULL, NULL, 'FALSE'),
	(581, NULL, 1, NULL, NULL, 'DIAN HARDIANSYAH', NULL, NULL, NULL, NULL, NULL, '', '', 'BELUM', 0, NULL, NULL, NULL, 'FALSE'),
	(582, NULL, 1, NULL, NULL, 'DIAN HARDIANSYAH', NULL, NULL, NULL, '1974-06-15', 39, '', '', 'BELUM', 0, NULL, NULL, NULL, 'FALSE'),
	(583, NULL, 2, NULL, NULL, 'ARA MULYANA', NULL, NULL, NULL, NULL, NULL, '', '', 'BELUM', 0, NULL, NULL, NULL, 'FALSE'),
	(584, NULL, 3, NULL, NULL, 'GILANG ADITYA NUGRAHA', NULL, NULL, NULL, NULL, NULL, '', '', 'BELUM', 0, NULL, NULL, NULL, 'FALSE'),
	(585, NULL, 1, NULL, NULL, 'HENDRY A.SIAHAAN', NULL, NULL, NULL, NULL, NULL, '', '', 'BELUM', 0, NULL, NULL, NULL, 'FALSE'),
	(586, NULL, 3, NULL, NULL, 'HENDRY A.SIAHAAN', NULL, NULL, NULL, '1973-08-17', 40, '', '', 'BELUM', 0, NULL, NULL, NULL, 'FALSE'),
	(587, NULL, 2, NULL, NULL, 'JAJANG SETIAWAN', NULL, NULL, NULL, NULL, NULL, '', '', 'BELUM', 0, NULL, NULL, NULL, 'FALSE'),
	(588, NULL, 3, NULL, NULL, 'JAJANG SETIAWAN', NULL, NULL, NULL, '1978-04-12', 35, '', '', 'BELUM', 0, NULL, NULL, NULL, 'FALSE'),
	(589, NULL, 2, NULL, NULL, 'SONDARI MUGIYANTI', NULL, NULL, NULL, NULL, NULL, '', '', 'BELUM', 0, NULL, NULL, NULL, 'FALSE'),
	(590, NULL, 2, NULL, NULL, 'SONDARI MUGIYANTI', NULL, NULL, NULL, '1983-10-05', 30, '', '', 'BELUM', 0, NULL, NULL, NULL, 'FALSE'),
	(591, NULL, 3, NULL, NULL, 'ELAN MAULANA UTAMA', NULL, NULL, NULL, NULL, NULL, '', '', 'BELUM', 0, NULL, NULL, NULL, 'FALSE'),
	(592, NULL, 1, NULL, NULL, 'ELAN MAULANA UTAMA', NULL, NULL, NULL, '1983-12-28', 30, '', '', 'BELUM', 0, NULL, NULL, NULL, 'FALSE'),
	(593, NULL, 3, NULL, NULL, 'ANDRIANSYAH', NULL, NULL, NULL, NULL, NULL, '', '', 'BELUM', 0, NULL, NULL, NULL, 'FALSE'),
	(594, NULL, 2, NULL, NULL, 'ANDRIANSYAH', NULL, NULL, NULL, '1978-08-05', 35, '', '', 'BELUM', 0, NULL, NULL, NULL, 'FALSE'),
	(595, NULL, 1, NULL, NULL, 'SRI MULYANI', NULL, NULL, NULL, NULL, NULL, '', '', 'BELUM', 0, NULL, NULL, NULL, 'FALSE'),
	(596, NULL, 2, NULL, NULL, 'SRI MULYANI', NULL, NULL, NULL, '1972-03-13', 41, '', '', 'BELUM', 0, NULL, NULL, NULL, 'FALSE'),
	(597, NULL, 3, NULL, NULL, 'RAHMI PARLINA S.SI', NULL, NULL, NULL, NULL, NULL, '', '', 'BELUM', 0, NULL, NULL, NULL, 'FALSE'),
	(599, NULL, 2, NULL, NULL, 'DEDI KRISNIADI', NULL, NULL, NULL, NULL, NULL, '', '', 'BELUM', 0, NULL, NULL, NULL, 'FALSE'),
	(600, NULL, 3, NULL, NULL, 'DEDI KRISNIADI', NULL, NULL, NULL, '1981-12-12', 32, '', '', 'BELUM', 0, NULL, NULL, NULL, 'FALSE'),
	(601, NULL, 3, NULL, NULL, 'IIS KURNIA', NULL, NULL, NULL, NULL, NULL, '', '', 'BELUM', 0, NULL, NULL, NULL, 'FALSE'),
	(602, NULL, 1, NULL, NULL, 'IIS KURNIA', NULL, NULL, NULL, '1982-11-22', 31, '', '', 'BELUM', 0, NULL, NULL, NULL, 'FALSE'),
	(603, NULL, 3, NULL, NULL, 'RENI NOOR MAYANI', NULL, NULL, NULL, NULL, NULL, '', '', 'BELUM', 0, NULL, NULL, NULL, 'FALSE'),
	(604, NULL, 2, NULL, NULL, 'RENI NOOR MAYANI', NULL, NULL, NULL, '1972-09-30', 41, '', '', 'BELUM', 0, NULL, NULL, NULL, 'FALSE'),
	(605, NULL, 1, NULL, NULL, 'WALKI GUSTAMAN', NULL, NULL, NULL, NULL, NULL, '', '', 'BELUM', 0, NULL, NULL, NULL, 'FALSE'),
	(606, NULL, 1, NULL, NULL, 'WALKI GUSTAMAN', NULL, NULL, NULL, '1983-08-08', 30, '', '', 'BELUM', 0, NULL, NULL, NULL, 'FALSE'),
	(607, NULL, 1, NULL, NULL, 'SUDARMAN', NULL, NULL, NULL, NULL, NULL, '', '', 'BELUM', 0, NULL, NULL, NULL, 'FALSE'),
	(608, NULL, 1, NULL, NULL, 'SUDARMAN', NULL, NULL, NULL, '1960-07-01', 53, '', '', 'BELUM', 0, NULL, NULL, NULL, 'FALSE'),
	(609, NULL, 1, NULL, NULL, 'SARIP', NULL, NULL, NULL, NULL, NULL, '', '', 'BELUM', 0, NULL, NULL, NULL, 'FALSE'),
	(610, NULL, 2, NULL, NULL, 'SARIP', NULL, NULL, NULL, '1956-07-05', 57, '', '', 'BELUM', 0, NULL, NULL, NULL, 'FALSE'),
	(612, NULL, 2, NULL, NULL, 'SULISTIYO YUWONO', NULL, NULL, NULL, NULL, NULL, '', '', 'BELUM', 0, NULL, NULL, NULL, 'FALSE'),
	(613, NULL, 3, NULL, NULL, 'SARIP', NULL, NULL, NULL, NULL, NULL, '', '', 'BELUM', 0, NULL, NULL, NULL, 'FALSE'),
	(614, NULL, 2, NULL, NULL, 'NURDASIM', NULL, NULL, NULL, NULL, NULL, '', '', 'BELUM', 0, NULL, NULL, NULL, 'FALSE'),
	(615, NULL, 1, NULL, NULL, 'RAHMI PARLINA,S.SI', NULL, NULL, NULL, '1981-06-09', 32, '', '', 'BELUM', 0, NULL, NULL, NULL, 'FALSE'),
	(616, NULL, 2, NULL, NULL, 'ELAN MAULANA UTAMA', NULL, NULL, NULL, NULL, NULL, '', '', 'BELUM', 0, NULL, NULL, NULL, 'FALSE'),
	(617, NULL, 3, NULL, NULL, 'IKA SETIANINGSIH', NULL, NULL, NULL, NULL, NULL, '', '', 'BELUM', 0, NULL, NULL, NULL, 'FALSE'),
	(618, NULL, 2, NULL, NULL, 'IKA SETIANINGSIH', NULL, NULL, NULL, '1981-06-17', 32, '', '', 'BELUM', 0, NULL, NULL, NULL, 'FALSE'),
	(619, NULL, 1, NULL, NULL, 'INTAN SRIE RAHAYU', NULL, NULL, NULL, '1987-02-22', 27, '', '', 'BELUM', 0, NULL, NULL, NULL, 'FALSE'),
	(620, NULL, 1, NULL, NULL, 'AGUS SUPRIYANTO', NULL, NULL, NULL, '1987-10-16', 25, '', '', 'BELUM', 0, NULL, NULL, NULL, 'FALSE'),
	(621, NULL, 2, NULL, NULL, 'ERYANTO', NULL, NULL, NULL, '1977-11-23', 36, '', '', 'BELUM', 0, NULL, NULL, NULL, 'FALSE'),
	(622, NULL, 2, NULL, NULL, 'ERYANTO', NULL, NULL, NULL, NULL, NULL, '', '', 'BELUM', 0, NULL, NULL, NULL, 'FALSE'),
	(623, NULL, 2, NULL, NULL, 'HERBOWO SAMPURNO', NULL, NULL, NULL, '1983-12-02', 30, '', '', 'BELUM', 0, NULL, NULL, NULL, 'FALSE'),
	(624, NULL, 2, NULL, NULL, 'ACHMAD SYECHABUDIN', NULL, NULL, NULL, '1980-08-30', 33, '', '', 'BELUM', 0, NULL, NULL, NULL, 'FALSE'),
	(625, NULL, 3, NULL, NULL, 'ACHMAD SYECHABUDIN', NULL, NULL, NULL, NULL, NULL, '', '', 'BELUM', 0, NULL, NULL, NULL, 'FALSE'),
	(626, NULL, 3, NULL, NULL, 'MERIAWATI SUBARDJO', NULL, NULL, NULL, '1981-02-28', 33, '', '', 'BELUM', 0, NULL, NULL, NULL, 'FALSE'),
	(627, NULL, 2, NULL, NULL, 'MERIAWATI SUBARDJO', NULL, NULL, NULL, NULL, NULL, '', '', 'BELUM', 0, NULL, NULL, NULL, 'FALSE'),
	(628, NULL, 2, NULL, NULL, 'IRA RAHAYUNINGSIH', NULL, NULL, NULL, '1980-09-17', 33, '', '', 'BELUM', 0, NULL, NULL, NULL, 'FALSE'),
	(629, NULL, 1, NULL, NULL, 'IRA RAHAYUNINGSIH', NULL, NULL, NULL, NULL, NULL, '', '', 'BELUM', 0, NULL, NULL, NULL, 'FALSE'),
	(630, NULL, 2, NULL, NULL, 'YUDI IRAWAN', NULL, NULL, NULL, '1977-10-20', 36, '', '', 'BELUM', 0, NULL, NULL, NULL, 'FALSE'),
	(631, NULL, 1, NULL, NULL, 'YUDI IRAWAN', NULL, NULL, NULL, NULL, NULL, '', '', 'BELUM', 0, NULL, NULL, NULL, 'FALSE'),
	(632, NULL, 2, NULL, NULL, 'PARADITA KENYO ARUM DEWANTORO', NULL, NULL, NULL, '1988-07-11', 25, '', '', 'BELUM', 0, NULL, NULL, NULL, 'FALSE'),
	(633, NULL, 1, NULL, NULL, 'PARADITA KENYO ARUM DEWANTORO', NULL, NULL, NULL, NULL, NULL, '', '', 'BELUM', 0, NULL, NULL, NULL, 'FALSE'),
	(634, NULL, 3, NULL, NULL, 'RAFIK NENDI PERDANA P', NULL, NULL, NULL, '1977-10-13', 36, '', '', 'BELUM', 0, NULL, NULL, NULL, 'FALSE'),
	(635, NULL, 2, NULL, NULL, 'RAFIK NENDI PERDANA P', NULL, NULL, NULL, NULL, NULL, '', '', 'BELUM', 0, NULL, NULL, NULL, 'FALSE'),
	(636, NULL, 1, NULL, NULL, 'YUDI SARTONO', NULL, NULL, NULL, NULL, NULL, '', '', 'BELUM', 0, NULL, NULL, NULL, 'FALSE'),
	(637, NULL, 3, NULL, NULL, 'YUDI SARTONO', NULL, NULL, NULL, '1970-08-09', 43, '', '', 'BELUM', 0, NULL, NULL, NULL, 'FALSE'),
	(638, NULL, 2, NULL, NULL, 'SUWITO', NULL, NULL, NULL, '1966-07-29', 47, '', '', 'BELUM', 0, NULL, NULL, NULL, 'FALSE'),
	(639, NULL, 3, NULL, NULL, 'SUWITO', NULL, NULL, NULL, NULL, NULL, '', '', 'BELUM', 0, NULL, NULL, NULL, 'FALSE'),
	(640, NULL, 1, NULL, NULL, 'DIAN NURDIANSYAH', NULL, NULL, NULL, '1986-12-18', 27, '', '', 'BELUM', 0, NULL, NULL, NULL, 'FALSE'),
	(641, NULL, 3, NULL, NULL, 'DIAN NURDIANSYAH', NULL, NULL, NULL, NULL, NULL, '', '', 'BELUM', 0, NULL, NULL, NULL, 'FALSE'),
	(642, NULL, 2, NULL, NULL, 'FENTRI MARIANA', NULL, NULL, NULL, '1984-03-19', 30, '', '', 'BELUM', 0, NULL, NULL, NULL, 'FALSE'),
	(643, NULL, 3, NULL, NULL, 'FENTRI MARIANA', NULL, NULL, NULL, NULL, NULL, '', '', 'BELUM', 0, NULL, NULL, NULL, 'FALSE'),
	(644, NULL, 2, NULL, NULL, 'YAN PIETER ZHONKOEN', NULL, NULL, NULL, NULL, NULL, '', '', 'BELUM', 0, NULL, NULL, NULL, 'FALSE'),
	(645, NULL, 2, NULL, NULL, 'YAN PIETER ZHONKOEN', NULL, NULL, NULL, '1977-08-24', 36, '', '', 'BELUM', 0, NULL, NULL, NULL, 'FALSE'),
	(647, NULL, 3, NULL, NULL, 'AGUS MULYADI', NULL, NULL, NULL, '1975-10-19', 38, '', '', 'BELUM', 0, NULL, NULL, NULL, 'FALSE'),
	(648, NULL, 1, NULL, NULL, 'AGUS MULYADI', NULL, NULL, NULL, NULL, NULL, '', '', 'BELUM', 0, NULL, NULL, NULL, 'FALSE'),
	(649, NULL, 3, NULL, NULL, 'UUS ALAWI', NULL, NULL, NULL, '1980-04-07', 34, '', '', 'BELUM', 0, NULL, NULL, NULL, 'FALSE'),
	(650, NULL, 2, NULL, NULL, 'UUS ALAWI', NULL, NULL, NULL, NULL, NULL, '', '', 'BELUM', 0, NULL, NULL, NULL, 'FALSE'),
	(652, NULL, 2, NULL, NULL, 'VANNY SEPTIANI', NULL, NULL, NULL, NULL, NULL, '', '', 'BELUM', 0, NULL, NULL, NULL, 'FALSE'),
	(653, NULL, 3, NULL, NULL, 'GANJAR WIJAYA', NULL, NULL, NULL, '1980-05-28', 33, '', '', 'BELUM', 0, NULL, NULL, NULL, 'FALSE'),
	(654, NULL, 1, NULL, NULL, 'GANJAR WIJAYA', NULL, NULL, NULL, NULL, NULL, '', '', 'BELUM', 0, NULL, NULL, NULL, 'FALSE'),
	(655, NULL, 2, NULL, NULL, 'ABDUL AJID', NULL, NULL, NULL, '1965-04-13', 49, '', '', 'BELUM', 0, NULL, NULL, NULL, 'FALSE'),
	(656, NULL, 3, NULL, NULL, 'ABDUL AJID', NULL, NULL, NULL, NULL, NULL, '', '', 'BELUM', 0, NULL, NULL, NULL, 'FALSE'),
	(657, NULL, 3, NULL, NULL, 'AKHMAD BAKHRI', NULL, NULL, NULL, '1969-03-01', 44, '', '', 'BELUM', 0, NULL, NULL, NULL, 'FALSE'),
	(658, NULL, 1, NULL, NULL, 'AKHMAD BAKHRI', NULL, NULL, NULL, NULL, NULL, '', '', 'BELUM', 0, NULL, NULL, NULL, 'FALSE'),
	(660, NULL, 2, NULL, NULL, 'SYAMSUL USMAN SE', NULL, NULL, NULL, NULL, NULL, '', '', 'BELUM', 0, NULL, NULL, NULL, 'FALSE'),
	(661, NULL, 1, NULL, NULL, 'IRMA YUNITA', NULL, NULL, NULL, NULL, NULL, '', '', 'BELUM', 0, NULL, NULL, NULL, 'FALSE'),
	(662, NULL, 1, NULL, NULL, 'IRMA YUNITA', NULL, NULL, NULL, '1987-04-01', 27, '', '', 'BELUM', 0, NULL, NULL, NULL, 'FALSE'),
	(663, NULL, 1, NULL, NULL, 'AFRIDA MURTIKA', NULL, NULL, NULL, NULL, NULL, '', '', 'BELUM', 0, NULL, NULL, NULL, 'FALSE'),
	(664, NULL, 1, NULL, NULL, 'AFRIDA MURTIKA', NULL, NULL, NULL, '1989-04-11', 25, '', '', 'BELUM', 0, NULL, NULL, NULL, 'FALSE'),
	(665, NULL, 1, NULL, NULL, 'ROCKY TJIPTADI', NULL, NULL, NULL, NULL, NULL, '', '', 'BELUM', 0, NULL, NULL, NULL, 'FALSE'),
	(666, NULL, 2, NULL, NULL, 'ROCKY TJIPTADI', NULL, NULL, NULL, '1987-01-07', 27, '', '', 'BELUM', 0, NULL, NULL, NULL, 'FALSE'),
	(667, NULL, 2, NULL, NULL, 'SOBRI', NULL, NULL, NULL, NULL, NULL, '', '', 'BELUM', 0, NULL, NULL, NULL, 'FALSE'),
	(668, NULL, 2, NULL, NULL, 'SOBRI', NULL, NULL, NULL, '1979-11-21', 34, '', '', 'BELUM', 0, NULL, NULL, NULL, 'FALSE'),
	(669, NULL, 2, NULL, NULL, 'MOCHAMAD NUER', NULL, NULL, NULL, NULL, NULL, '', '', 'BELUM', 0, NULL, NULL, NULL, 'FALSE'),
	(671, NULL, 3, NULL, NULL, 'AHMAD SUKUR', NULL, NULL, NULL, '1964-11-08', 48, '', '', 'BELUM', 0, NULL, NULL, NULL, 'FALSE'),
	(672, NULL, 3, NULL, NULL, 'RIKA VITARIA', NULL, NULL, NULL, '1975-06-04', 38, '', '', 'BELUM', 0, NULL, NULL, NULL, 'FALSE'),
	(673, NULL, 2, NULL, NULL, 'DRA.RAMLAH', NULL, NULL, NULL, NULL, NULL, '', '', 'BELUM', 0, NULL, NULL, NULL, 'FALSE'),
	(675, NULL, 2, NULL, NULL, 'NANANG HERU SETYO PURDIANTO', NULL, NULL, NULL, NULL, NULL, '', '', 'BELUM', 0, NULL, NULL, NULL, 'FALSE'),
	(676, NULL, 3, NULL, NULL, 'NANANG HERU SETYO PURDIANTO', NULL, NULL, NULL, '1983-09-16', 30, '', '', 'BELUM', 0, NULL, NULL, NULL, 'FALSE'),
	(677, NULL, 3, NULL, NULL, 'SUHAMDI', NULL, NULL, NULL, NULL, NULL, '', '', 'BELUM', 0, NULL, NULL, NULL, 'FALSE'),
	(679, NULL, 2, NULL, NULL, 'SURATNO', NULL, NULL, NULL, '1976-08-10', 36, '', '', 'BELUM', 0, NULL, NULL, NULL, 'FALSE'),
	(680, NULL, 1, NULL, NULL, 'ANITA RACHMAWATI', NULL, NULL, NULL, NULL, NULL, '', '', 'BELUM', 0, NULL, NULL, NULL, 'FALSE'),
	(681, NULL, 2, NULL, NULL, 'ANITA RACHMAWATI', NULL, NULL, NULL, '1982-05-14', 31, '', '', 'BELUM', 0, NULL, NULL, NULL, 'FALSE'),
	(682, NULL, 1, NULL, NULL, 'H.BAMBANG HANDOKO', NULL, NULL, NULL, NULL, NULL, '', '', 'BELUM', 0, NULL, NULL, NULL, 'FALSE'),
	(683, NULL, 2, NULL, NULL, 'H.BAMBANG HANDOKO', NULL, NULL, NULL, '1964-07-06', 49, '', '', 'BELUM', 0, NULL, NULL, NULL, 'FALSE'),
	(684, NULL, 1, NULL, NULL, 'SYAFRIANTO CHANIAGO', NULL, NULL, NULL, NULL, NULL, '', '', 'BELUM', 0, NULL, NULL, NULL, 'FALSE'),
	(685, NULL, 3, NULL, NULL, 'SYAFRIANTO CHANIAGO', NULL, NULL, NULL, '1977-09-25', 36, '', '', 'BELUM', 0, NULL, NULL, NULL, 'FALSE'),
	(686, NULL, 2, NULL, NULL, 'SIHAT SAPUTRA', NULL, NULL, NULL, NULL, NULL, '', '', 'BELUM', 0, NULL, NULL, NULL, 'FALSE'),
	(687, NULL, 1, NULL, NULL, 'SIHAT SAPUTRA', NULL, NULL, NULL, '1972-03-25', 41, '', '', 'BELUM', 0, NULL, NULL, NULL, 'FALSE'),
	(688, NULL, 3, NULL, NULL, 'HERBOWO SAMPURNO', NULL, NULL, NULL, NULL, NULL, '', '', 'BELUM', 0, NULL, NULL, NULL, 'FALSE'),
	(689, NULL, 2, NULL, NULL, 'RANDI APRIYANSYAH', NULL, NULL, NULL, NULL, NULL, '', '', 'BELUM', 0, NULL, NULL, NULL, 'FALSE'),
	(690, NULL, 3, NULL, NULL, 'RANDI APRIYANSYAH', NULL, NULL, NULL, '1990-04-27', 23, '', '', 'BELUM', 0, NULL, NULL, NULL, 'FALSE'),
	(691, NULL, 1, NULL, NULL, 'YOSEP ANDIKA PRIHARTONO', NULL, NULL, NULL, NULL, NULL, '', '', 'BELUM', 0, NULL, NULL, NULL, 'FALSE'),
	(692, NULL, 3, NULL, NULL, 'YOSEP ANDIKA PRIHARTONO', NULL, NULL, NULL, '1982-03-19', 32, '', '', 'BELUM', 0, NULL, NULL, NULL, 'FALSE'),
	(693, NULL, 2, NULL, NULL, 'ANDRIANI KUSUMAWARJANTI', NULL, NULL, NULL, NULL, NULL, '', '', 'BELUM', 0, NULL, NULL, NULL, 'FALSE'),
	(694, NULL, 3, NULL, NULL, 'ANDRIANI KUSUMAWARJANTI', NULL, NULL, NULL, '1971-03-04', 43, '', '', 'BELUM', 0, NULL, NULL, NULL, 'FALSE'),
	(695, NULL, 2, NULL, NULL, 'ANDY HIDAJAT S.DRS.MM', NULL, NULL, NULL, '1967-04-29', 46, '', '', 'BELUM', 0, NULL, NULL, NULL, 'FALSE'),
	(696, NULL, 2, NULL, NULL, 'AMRI', NULL, NULL, NULL, NULL, NULL, '', '', 'BELUM', 0, NULL, NULL, NULL, 'FALSE'),
	(697, NULL, 3, NULL, NULL, 'DRA.RAMLAH', NULL, NULL, NULL, NULL, NULL, '', '', 'BELUM', 0, NULL, NULL, NULL, 'FALSE'),
	(698, NULL, 2, NULL, NULL, 'DRA.RAMLAH', NULL, NULL, NULL, '1967-01-06', 47, '', '', 'BELUM', 0, NULL, NULL, NULL, 'FALSE'),
	(699, NULL, 1, NULL, NULL, 'AMRIL', NULL, NULL, NULL, NULL, NULL, '', '', 'BELUM', 0, NULL, NULL, NULL, 'FALSE'),
	(702, NULL, 2, NULL, NULL, 'JEFFRY REINER TAMBOTO', NULL, NULL, NULL, NULL, NULL, '', '', 'BELUM', 0, NULL, NULL, NULL, 'FALSE'),
	(704, NULL, 2, NULL, NULL, 'JEFFRY REINER TAMBOTO', NULL, NULL, NULL, '1958-09-22', 55, '', '', 'BELUM', 0, NULL, NULL, NULL, 'FALSE'),
	(705, NULL, 1, NULL, NULL, 'JEFFRY REINER TAMBOTO (2)', NULL, NULL, NULL, '1958-09-22', 55, '', '', 'BELUM', 0, NULL, NULL, NULL, 'FALSE'),
	(706, NULL, 3, NULL, NULL, 'SYAIFUL ANWAR', NULL, NULL, NULL, NULL, NULL, '', '', 'BELUM', 0, NULL, NULL, NULL, 'FALSE'),
	(707, NULL, 1, NULL, NULL, 'SYAIFUL ANWAR', NULL, NULL, NULL, '1971-03-10', 43, '', '', 'BELUM', 0, NULL, NULL, NULL, 'FALSE'),
	(708, NULL, 2, NULL, NULL, 'ERFI FITRI SUSARI', NULL, NULL, NULL, NULL, NULL, '', '', 'BELUM', 0, NULL, NULL, NULL, 'FALSE'),
	(709, NULL, 3, NULL, NULL, 'ERFI FITRI SUSARI', NULL, NULL, NULL, '1974-10-18', 39, '', '', 'BELUM', 0, NULL, NULL, NULL, 'FALSE'),
	(710, NULL, 3, NULL, NULL, 'KH.HASAN NURI HIDAYATULLAH', NULL, NULL, NULL, '1978-02-25', 36, '', '', 'BELUM', 0, NULL, NULL, NULL, 'FALSE'),
	(713, NULL, 2, NULL, NULL, 'DR.SARMAN AGUSTANI', NULL, NULL, NULL, NULL, NULL, '', '', 'BELUM', 0, NULL, NULL, NULL, 'FALSE'),
	(714, NULL, 1, NULL, NULL, 'DR.SARMAN AGUSTANI', NULL, NULL, NULL, '1974-05-07', 38, '', '', 'BELUM', 0, NULL, NULL, NULL, 'FALSE'),
	(715, NULL, 1, NULL, NULL, 'OMI AFFIAN SUSANTO', NULL, NULL, NULL, '1972-10-27', 40, '', '', 'BELUM', 0, NULL, NULL, NULL, 'FALSE'),
	(716, NULL, 1, NULL, NULL, 'KOMARA MUCHLIS', NULL, NULL, NULL, '1973-05-17', 40, '', '', 'BELUM', 0, NULL, NULL, NULL, 'FALSE'),
	(717, NULL, 1, NULL, NULL, 'HADI WIJAYA', NULL, NULL, NULL, NULL, NULL, '', '', 'BELUM', 0, NULL, NULL, NULL, 'FALSE'),
	(718, NULL, 1, NULL, NULL, 'PRI HANARTO', NULL, NULL, NULL, NULL, NULL, '', '', 'BELUM', 0, NULL, NULL, NULL, 'FALSE'),
	(720, NULL, 2, NULL, NULL, 'IR.SYEFYU HELMI', NULL, NULL, NULL, '1965-04-13', 48, '', '', 'BELUM', 0, NULL, NULL, NULL, 'FALSE'),
	(721, NULL, 2, NULL, NULL, 'SUDI WIJAYA', NULL, NULL, NULL, NULL, NULL, '', '', 'BELUM', 0, NULL, NULL, NULL, 'FALSE'),
	(722, NULL, 2, NULL, NULL, 'SUDI WIJAYA', NULL, NULL, NULL, '1979-05-16', 34, '', '', 'BELUM', 0, NULL, NULL, NULL, 'FALSE'),
	(723, NULL, 2, NULL, NULL, 'HADI WIJAYA', NULL, NULL, NULL, '1991-07-01', 22, '', '', 'BELUM', 0, NULL, NULL, NULL, 'FALSE'),
	(724, NULL, 1, NULL, NULL, 'AMRI', NULL, NULL, NULL, NULL, NULL, '', '', 'BELUM', 0, NULL, NULL, NULL, 'FALSE'),
	(725, NULL, 3, NULL, NULL, 'AMRI', NULL, NULL, NULL, '1974-11-25', 38, '', '', 'BELUM', 0, NULL, NULL, NULL, 'FALSE'),
	(726, NULL, 2, NULL, NULL, 'MUCHAMAD NUER', NULL, NULL, NULL, NULL, NULL, '', '', 'BELUM', 0, NULL, NULL, NULL, 'FALSE'),
	(727, NULL, 2, NULL, NULL, 'SUHAMDI', NULL, NULL, NULL, '1979-06-15', 34, '', '', 'BELUM', 0, NULL, NULL, NULL, 'FALSE'),
	(728, NULL, 1, NULL, NULL, 'VANNY SEPTIANI', NULL, NULL, NULL, '1988-09-25', 25, '', '', 'BELUM', 0, NULL, NULL, NULL, 'FALSE'),
	(733, NULL, 1, NULL, NULL, 'IRWAN NAJMUDIN BADARAYAWAN', NULL, NULL, NULL, '1976-09-26', 36, '', '', 'BELUM', 0, NULL, NULL, NULL, 'FALSE'),
	(734, NULL, 2, NULL, NULL, 'H.MOCH.L ADIPRADJA', NULL, NULL, NULL, '1965-05-17', 48, '', '', 'BELUM', 0, NULL, NULL, NULL, 'FALSE'),
	(735, NULL, 3, NULL, NULL, 'ADE YUYUN JUNAEDI', NULL, NULL, NULL, '1978-10-08', 34, '', '', 'BELUM', 0, NULL, NULL, NULL, 'FALSE'),
	(736, NULL, 1, NULL, NULL, 'KENYAR SHAUMY PRITIANA', NULL, NULL, NULL, '1984-06-17', 29, '', '', 'BELUM', 0, NULL, NULL, NULL, 'FALSE'),
	(737, NULL, 3, NULL, NULL, 'KENYAR SHAUMY PRITIANA', NULL, NULL, NULL, NULL, NULL, '', '', 'BELUM', 0, NULL, NULL, NULL, 'FALSE'),
	(738, NULL, 3, NULL, NULL, 'DIDIK PRIBADI', NULL, NULL, NULL, '1986-12-31', 26, '', '', 'BELUM', 0, NULL, NULL, NULL, 'FALSE'),
	(739, NULL, 2, NULL, NULL, 'DINDIN INDRIAWAN', NULL, NULL, NULL, NULL, NULL, '', '', 'BELUM', 0, NULL, NULL, NULL, 'FALSE'),
	(740, NULL, 2, NULL, NULL, 'SUMADI', NULL, NULL, NULL, '1984-08-31', 29, '', '', 'BELUM', 0, NULL, NULL, NULL, 'FALSE'),
	(741, NULL, 2, NULL, NULL, 'ASEP NANA HERIYANTO', NULL, NULL, NULL, NULL, NULL, '', '', 'BELUM', 0, NULL, NULL, NULL, 'FALSE'),
	(742, NULL, 3, NULL, NULL, 'ASEP NANA HERIYANTO', NULL, NULL, NULL, '1973-03-17', 40, '', '', 'BELUM', 0, NULL, NULL, NULL, 'FALSE'),
	(743, NULL, 3, NULL, NULL, 'OTONG', NULL, NULL, NULL, NULL, NULL, '', '', 'BELUM', 0, NULL, NULL, NULL, 'FALSE'),
	(751, NULL, 1, NULL, NULL, 'ADI DWI BUNAWA', NULL, NULL, NULL, '1981-05-05', 32, '', '', 'BELUM', 0, NULL, NULL, NULL, 'FALSE'),
	(752, NULL, 2, NULL, NULL, 'SURYANI', NULL, NULL, NULL, '1982-08-23', 31, '', '', 'BELUM', 0, NULL, NULL, NULL, 'FALSE'),
	(753, NULL, 1, NULL, NULL, 'ADI DWI BUNAWA', NULL, NULL, NULL, NULL, NULL, '', '', 'BELUM', 0, NULL, NULL, NULL, 'FALSE'),
	(754, NULL, 2, NULL, NULL, 'AGUS AJAT', NULL, NULL, NULL, '1976-02-27', 38, '', '', 'BELUM', 0, NULL, NULL, NULL, 'FALSE'),
	(756, NULL, 3, NULL, NULL, 'HARRY SANDJAYA', NULL, NULL, NULL, '1960-04-05', 53, '', '', 'BELUM', 0, NULL, NULL, NULL, 'FALSE'),
	(757, NULL, 2, NULL, NULL, 'AGUS AJAT', NULL, NULL, NULL, NULL, NULL, '', '', 'BELUM', 0, NULL, NULL, NULL, 'FALSE'),
	(758, NULL, 2, NULL, NULL, 'ADHE NOVIE', NULL, NULL, NULL, '1984-11-02', 29, '', '', 'BELUM', 0, NULL, NULL, NULL, 'FALSE'),
	(759, NULL, 1, NULL, NULL, 'ADHE NOVIE', NULL, NULL, NULL, NULL, NULL, '', '', 'BELUM', 0, NULL, NULL, NULL, 'FALSE'),
	(760, NULL, 3, NULL, NULL, 'ASEP SUPRIJATNO', NULL, NULL, NULL, '1974-07-11', 39, '', '', 'BELUM', 0, NULL, NULL, NULL, 'FALSE'),
	(761, NULL, 2, NULL, NULL, 'ASEP SUPRIJATNO', NULL, NULL, NULL, NULL, NULL, '', '', 'BELUM', 0, NULL, NULL, NULL, 'FALSE'),
	(762, NULL, 1, NULL, NULL, 'ARIF MAULANA', NULL, NULL, NULL, '1984-02-24', 29, '', '', 'BELUM', 0, NULL, NULL, NULL, 'FALSE'),
	(763, NULL, 3, NULL, NULL, 'ARIF MAULANA', NULL, NULL, NULL, NULL, NULL, '', '', 'BELUM', 0, NULL, NULL, NULL, 'FALSE'),
	(764, NULL, 2, NULL, NULL, 'BOBBY FORIAWAN', NULL, NULL, NULL, '1974-09-23', 39, '', '', 'BELUM', 0, NULL, NULL, NULL, 'FALSE'),
	(765, NULL, 3, NULL, NULL, 'ANNE MARLIANA', NULL, NULL, NULL, '1975-05-16', 38, '', '', 'BELUM', 0, NULL, NULL, NULL, 'FALSE'),
	(766, NULL, 1, NULL, NULL, 'ANNE MARLIANA', NULL, NULL, NULL, NULL, NULL, '', '', 'BELUM', 0, NULL, NULL, NULL, 'FALSE'),
	(767, NULL, 3, NULL, NULL, 'BOBBY FORIAWAN', NULL, NULL, NULL, NULL, NULL, '', '', 'BELUM', 0, NULL, NULL, NULL, 'FALSE'),
	(768, NULL, 2, NULL, NULL, 'PARLINDUNGAN SIRAIT', NULL, NULL, NULL, '1982-05-20', 31, '', '', 'BELUM', 0, NULL, NULL, NULL, 'FALSE'),
	(769, NULL, 3, NULL, NULL, 'PARLINDUNGAN SIRAIT', NULL, NULL, NULL, NULL, NULL, '', '', 'BELUM', 0, NULL, NULL, NULL, 'FALSE'),
	(770, NULL, 2, NULL, NULL, 'ERNA INDRASARI', NULL, NULL, NULL, '1975-11-04', 38, '', '', 'BELUM', 0, NULL, NULL, NULL, 'FALSE'),
	(771, NULL, 2, NULL, NULL, 'ERNA INDRASARI', NULL, NULL, NULL, NULL, NULL, '', '', 'BELUM', 0, NULL, NULL, NULL, 'FALSE'),
	(772, NULL, 3, NULL, NULL, 'ISMULYANTO', NULL, NULL, NULL, '1977-03-02', 37, '', '', 'BELUM', 0, NULL, NULL, NULL, 'FALSE'),
	(773, NULL, 1, NULL, NULL, 'ISMULYANTO', NULL, NULL, NULL, NULL, NULL, '', '', 'BELUM', 0, NULL, NULL, NULL, 'FALSE'),
	(774, NULL, 3, NULL, NULL, 'DANIEL NAZIF', NULL, NULL, NULL, '1986-03-05', 28, '', '', 'BELUM', 0, NULL, NULL, NULL, 'FALSE'),
	(775, NULL, 2, NULL, NULL, 'DANIEL NAZIR', NULL, NULL, NULL, NULL, NULL, '', '', 'BELUM', 0, NULL, NULL, NULL, 'FALSE'),
	(776, NULL, 1, NULL, NULL, 'LEO FIRSTSON', NULL, NULL, NULL, '1984-07-26', 29, '', '', 'BELUM', 0, NULL, NULL, NULL, 'FALSE'),
	(777, NULL, 2, NULL, NULL, 'LEO FIRSTSON', NULL, NULL, NULL, NULL, NULL, '', '', 'BELUM', 0, NULL, NULL, NULL, 'FALSE'),
	(778, NULL, 3, NULL, NULL, 'MIRZA KAIZAR', NULL, NULL, NULL, '1990-02-07', 24, '', '', 'BELUM', 0, NULL, NULL, NULL, 'FALSE'),
	(779, NULL, 1, NULL, NULL, 'MIRZA KAIZAR', NULL, NULL, NULL, NULL, NULL, '', '', 'BELUM', 0, NULL, NULL, NULL, 'FALSE'),
	(780, NULL, 2, NULL, NULL, 'MIRA MARLINA', NULL, NULL, NULL, '1983-04-10', 30, '', '', 'BELUM', 0, NULL, NULL, NULL, 'FALSE'),
	(781, NULL, 3, NULL, NULL, 'MIRA MARLINA', NULL, NULL, NULL, NULL, NULL, '', '', 'BELUM', 0, NULL, NULL, NULL, 'FALSE'),
	(782, NULL, 3, NULL, NULL, 'RAMDHANY', NULL, NULL, NULL, '1971-11-07', 42, '', '', 'BELUM', 0, NULL, NULL, NULL, 'FALSE'),
	(783, NULL, 1, NULL, NULL, 'RAMDHANY', NULL, NULL, NULL, NULL, NULL, '', '', 'BELUM', 0, NULL, NULL, NULL, 'FALSE'),
	(784, NULL, 3, NULL, NULL, 'YUDI YUDINAR', NULL, NULL, NULL, '1970-02-12', 44, '', '', 'BELUM', 0, NULL, NULL, NULL, 'FALSE'),
	(785, NULL, 2, NULL, NULL, 'YUDI YUDINAR', NULL, NULL, NULL, NULL, NULL, '', '', 'BELUM', 0, NULL, NULL, NULL, 'FALSE'),
	(786, NULL, 1, NULL, NULL, 'NURLIA MARIA', NULL, NULL, NULL, '1979-09-12', 34, '', '', 'BELUM', 0, NULL, NULL, NULL, 'FALSE'),
	(787, NULL, 1, NULL, NULL, 'NURLIA MARIA', NULL, NULL, NULL, NULL, NULL, '', '', 'BELUM', 0, NULL, NULL, NULL, 'FALSE'),
	(788, NULL, 1, NULL, NULL, 'KARTIKA BUDIANTI LESTARI', NULL, NULL, NULL, '1990-07-26', 23, '', '', 'BELUM', 0, NULL, NULL, NULL, 'FALSE'),
	(789, NULL, 1, NULL, NULL, 'KARTIKA BUDIANTI LESTARI', NULL, NULL, NULL, NULL, NULL, '', '', 'BELUM', 0, NULL, NULL, NULL, 'FALSE'),
	(790, NULL, 1, NULL, NULL, 'ALEXANDER', NULL, NULL, NULL, '1988-04-09', 25, '', '', 'BELUM', 0, NULL, NULL, NULL, 'FALSE'),
	(791, NULL, 2, NULL, NULL, 'ALEXANDER', NULL, NULL, NULL, NULL, NULL, '', '', 'BELUM', 0, NULL, NULL, NULL, 'FALSE'),
	(792, NULL, 2, NULL, NULL, 'NUR AMDI', NULL, NULL, NULL, '1969-09-07', 44, '', '', 'BELUM', 0, NULL, NULL, NULL, 'FALSE'),
	(793, NULL, 2, NULL, NULL, 'NUR AMDI', NULL, NULL, NULL, NULL, NULL, '', '', 'BELUM', 0, NULL, NULL, NULL, 'FALSE'),
	(794, NULL, 2, NULL, NULL, 'MUCHAMAD NUER', NULL, NULL, NULL, NULL, NULL, '', '', 'BELUM', 0, NULL, NULL, NULL, 'FALSE'),
	(795, NULL, 2, NULL, NULL, 'MUCHAMAD NUER', NULL, NULL, NULL, '1985-06-14', 28, '', '', 'BELUM', 0, NULL, NULL, NULL, 'FALSE'),
	(796, NULL, 3, NULL, NULL, 'KH HASYIM NURI HIDAYATULLAH', NULL, NULL, NULL, NULL, NULL, '', '', 'BELUM', 0, NULL, NULL, NULL, 'FALSE'),
	(797, NULL, 3, NULL, NULL, 'TANTI ELIAWATI.A', NULL, NULL, NULL, '1977-02-02', 36, '', '', 'BELUM', 0, NULL, NULL, NULL, 'FALSE'),
	(798, NULL, 2, NULL, NULL, 'TANTI ELIAWATI. A', NULL, NULL, NULL, NULL, NULL, '', '', 'BELUM', 0, NULL, NULL, NULL, 'FALSE'),
	(800, NULL, 2, NULL, NULL, 'BAYU SUGIHARTO', NULL, NULL, NULL, '1983-03-04', 30, '', '', 'BELUM', 0, NULL, NULL, NULL, 'FALSE'),
	(801, NULL, 2, NULL, NULL, 'BAYU SUGIHARTO', NULL, NULL, NULL, NULL, NULL, '', '', 'BELUM', 0, NULL, NULL, NULL, 'FALSE'),
	(802, NULL, 3, NULL, NULL, 'HERLAMBANG SEDIONO', NULL, NULL, NULL, NULL, NULL, '', '', 'BELUM', 0, NULL, NULL, NULL, 'FALSE'),
	(803, NULL, 3, NULL, NULL, 'PRI HANARTO', NULL, NULL, NULL, '1976-05-21', 37, '', '', 'BELUM', 0, NULL, NULL, NULL, 'FALSE'),
	(804, NULL, 2, NULL, NULL, 'PRI HANARTO', NULL, NULL, NULL, NULL, NULL, '', '', 'BELUM', 0, NULL, NULL, NULL, 'FALSE'),
	(805, NULL, 2, NULL, NULL, 'WARISNO', NULL, NULL, NULL, '1965-07-15', 48, '', '', 'BELUM', 0, NULL, NULL, NULL, 'FALSE'),
	(807, NULL, 2, NULL, NULL, 'SYAMSUL USMAN', NULL, NULL, NULL, NULL, NULL, '', '', 'BELUM', 0, NULL, NULL, NULL, 'FALSE'),
	(808, NULL, 1, NULL, NULL, 'SYAMSUL USMAN,SE', NULL, NULL, NULL, '1969-12-04', 44, '', '', 'BELUM', 0, NULL, NULL, NULL, 'FALSE'),
	(809, NULL, 1, NULL, NULL, 'SYAMSUL USMAN', NULL, NULL, NULL, NULL, NULL, '', '', 'BELUM', 0, NULL, NULL, NULL, 'FALSE'),
	(810, NULL, 2, NULL, NULL, 'SYAMSUL USMAN,SE', NULL, NULL, NULL, NULL, NULL, '', '', 'BELUM', 0, NULL, NULL, NULL, 'FALSE'),
	(811, NULL, 1, NULL, NULL, 'DANIEL NAZIF', NULL, NULL, NULL, NULL, NULL, '', '', 'BELUM', 0, NULL, NULL, NULL, 'FALSE'),
	(812, NULL, 3, NULL, NULL, 'HARDY GUNAWAN', NULL, NULL, NULL, '1978-02-10', 35, '', '', 'BELUM', 0, NULL, NULL, NULL, 'FALSE'),
	(814, NULL, 2, NULL, NULL, 'YUNUS', NULL, NULL, NULL, '1973-07-04', 40, '', 'KOMP TCP BLOK G5 NO 26 RT.01 RW.05 KEL CITEREP KEC', 'BELUM', 0, NULL, NULL, NULL, 'FALSE'),
	(815, NULL, 1, NULL, NULL, 'HAMBALI', NULL, NULL, NULL, '1973-07-04', 40, '', 'KP.SINABA RT.009 RW.003 KEL.KILASAH KEC.KASEMEN\r\n', 'BELUM', 0, NULL, NULL, NULL, 'FALSE'),
	(819, NULL, 2, NULL, NULL, 'ADI CAHYADI', NULL, NULL, NULL, '1984-04-11', 30, '', '\r', 'BELUM', 0, NULL, NULL, NULL, 'FALSE'),
	(820, NULL, 3, NULL, NULL, 'SALIM B MASNUN', NULL, NULL, NULL, '1966-11-10', 47, '', '\r', 'BELUM', 0, NULL, NULL, NULL, 'FALSE'),
	(821, NULL, 1, NULL, NULL, 'H. MA\'MUN', NULL, NULL, NULL, '1968-05-02', 45, '', '\r', 'BELUM', 0, NULL, NULL, NULL, 'FALSE'),
	(822, NULL, 3, NULL, NULL, 'HINDUN', NULL, NULL, NULL, '1972-06-17', 41, '', '\r', 'BELUM', 0, NULL, NULL, NULL, 'FALSE'),
	(823, NULL, 2, NULL, NULL, 'RINA MARYANI', NULL, NULL, NULL, '1974-01-30', 40, '', '\r', 'BELUM', 0, NULL, NULL, NULL, 'FALSE'),
	(824, NULL, 3, NULL, NULL, 'MUDIYAH', NULL, NULL, NULL, '1988-12-10', 25, '', '\r', 'BELUM', 0, NULL, NULL, NULL, 'FALSE'),
	(825, NULL, 2, NULL, NULL, 'UJANG SUPENDI', NULL, NULL, NULL, '1981-01-10', 33, '', '\r', 'BELUM', 0, NULL, NULL, NULL, 'FALSE'),
	(826, NULL, 2, NULL, NULL, 'AMI RACHMI DEWI', NULL, NULL, NULL, '1966-11-26', 47, '', '\r', 'BELUM', 0, NULL, NULL, NULL, 'FALSE'),
	(827, NULL, 3, NULL, NULL, 'MAD PENDI', NULL, NULL, NULL, '1969-08-09', 44, '', '\r', 'BELUM', 0, NULL, NULL, NULL, 'FALSE'),
	(828, NULL, 1, NULL, NULL, 'DEDI TARMEDI WIJAYA', NULL, NULL, NULL, '1967-05-06', 46, '', '\r', 'BELUM', 0, NULL, NULL, NULL, 'FALSE'),
	(829, NULL, 3, NULL, NULL, 'SUGENG HARYANTO', NULL, NULL, NULL, '1980-01-24', 34, '', '\r', 'BELUM', 0, NULL, NULL, NULL, 'FALSE'),
	(830, NULL, 2, NULL, NULL, 'SUHAEMI', NULL, NULL, NULL, '1966-04-08', 48, '', '\r', 'BELUM', 0, NULL, NULL, NULL, 'FALSE'),
	(831, NULL, 1, NULL, NULL, 'JAJANG KURNIAWAN', NULL, NULL, NULL, '1973-05-07', 40, '', '\r', 'BELUM', 0, NULL, NULL, NULL, 'FALSE'),
	(832, NULL, 2, NULL, NULL, 'HIANTO SUKANTO', NULL, NULL, NULL, '1955-02-06', 59, '', '\r', 'BELUM', 0, NULL, NULL, NULL, 'FALSE'),
	(833, NULL, 3, NULL, NULL, 'JOKO PURNOMO', NULL, NULL, NULL, '1982-06-03', 31, '', '\r', 'BELUM', 0, NULL, NULL, NULL, 'FALSE'),
	(834, NULL, 1, NULL, NULL, 'SAHRUDIN', NULL, NULL, NULL, '1966-06-08', 47, '', '\r', 'BELUM', 0, NULL, NULL, NULL, 'FALSE'),
	(835, NULL, 2, NULL, NULL, 'NAPI', NULL, NULL, NULL, '1962-06-25', 51, '', '\r', 'BELUM', 0, NULL, NULL, NULL, 'FALSE'),
	(836, NULL, 3, NULL, NULL, 'SITI AISAH', NULL, NULL, NULL, '1966-11-28', 47, '', '\r', 'BELUM', 0, NULL, NULL, NULL, 'FALSE'),
	(837, NULL, 3, NULL, NULL, 'SUKMANAH', NULL, NULL, NULL, '1975-10-08', 38, '', '\r', 'BELUM', 0, NULL, NULL, NULL, 'FALSE'),
	(838, NULL, 1, NULL, NULL, 'ERNA MARIYANA', NULL, NULL, NULL, '1982-02-04', 32, '', '\r', 'BELUM', 0, NULL, NULL, NULL, 'FALSE'),
	(839, NULL, 3, NULL, NULL, 'SUHELI', NULL, NULL, NULL, '1972-08-11', 41, '', '\r', 'BELUM', 0, NULL, NULL, NULL, 'FALSE'),
	(840, NULL, 2, NULL, NULL, 'YUDI', NULL, NULL, NULL, '1986-04-24', 28, '', '\r', 'BELUM', 0, NULL, NULL, NULL, 'FALSE'),
	(841, NULL, 1, NULL, NULL, 'DUDIN SADUDIN', NULL, NULL, NULL, '1966-04-06', 48, '', '\r', 'BELUM', 0, NULL, NULL, NULL, 'FALSE'),
	(842, NULL, 1, NULL, NULL, 'ABYATI', NULL, NULL, NULL, '1980-05-10', 33, '', '\r', 'BELUM', 0, NULL, NULL, NULL, 'FALSE'),
	(843, NULL, 1, NULL, NULL, 'MARJA', NULL, NULL, NULL, '1956-11-03', 57, '', '\r', 'BELUM', 0, NULL, NULL, NULL, 'FALSE'),
	(844, NULL, 1, NULL, NULL, 'TARSINAH', NULL, NULL, NULL, '1980-06-06', 33, '', '\r', 'BELUM', 0, NULL, NULL, NULL, 'FALSE'),
	(845, NULL, 1, NULL, NULL, 'FARID LUTFI', NULL, NULL, NULL, '1977-03-11', 37, '', '\r', 'BELUM', 0, NULL, NULL, NULL, 'FALSE'),
	(846, NULL, 2, NULL, NULL, 'MASHATI', NULL, NULL, NULL, '1964-06-08', 49, '', '\r', 'BELUM', 0, NULL, NULL, NULL, 'FALSE'),
	(847, NULL, 2, NULL, NULL, 'H.ARI SYAMSURI', NULL, NULL, NULL, '1960-03-01', 54, '', '\r', 'BELUM', 0, NULL, NULL, NULL, 'FALSE'),
	(848, NULL, 2, NULL, NULL, 'AHMAD FAUJI', NULL, NULL, NULL, '1977-04-16', 37, '', '\r', 'BELUM', 0, NULL, NULL, NULL, 'FALSE'),
	(849, NULL, 2, NULL, NULL, 'HAMDANI DRS', NULL, NULL, NULL, '1964-02-15', 50, '', '\r', 'BELUM', 0, NULL, NULL, NULL, 'FALSE'),
	(850, NULL, 2, NULL, NULL, 'EDI SAKILA', NULL, NULL, NULL, '1966-03-13', 48, '', '\r', 'BELUM', 0, NULL, NULL, NULL, 'FALSE'),
	(851, NULL, 3, NULL, NULL, 'SENI PRIHATINI', NULL, NULL, NULL, '1973-04-26', 40, '', '\r', 'BELUM', 0, NULL, NULL, NULL, 'FALSE'),
	(852, NULL, 3, NULL, NULL, 'DAIMAH', NULL, NULL, NULL, '1965-12-31', 47, '', '\r', 'BELUM', 0, NULL, NULL, NULL, 'FALSE'),
	(853, NULL, 2, NULL, NULL, 'RISKAINDAH', NULL, NULL, NULL, '1972-12-22', 40, '', '\r', 'BELUM', 0, NULL, NULL, NULL, 'FALSE'),
	(854, NULL, 2, NULL, NULL, 'SUKENAH', NULL, NULL, NULL, '1978-09-22', 34, '', '\r', 'BELUM', 0, NULL, NULL, NULL, 'FALSE'),
	(855, NULL, 2, NULL, NULL, 'SUTARTI', NULL, NULL, NULL, '1970-07-22', 42, '', '\r', 'BELUM', 0, NULL, NULL, NULL, 'FALSE'),
	(856, NULL, 3, NULL, NULL, 'KHARIPAH', NULL, NULL, NULL, '1976-03-12', 37, '', '\r', 'BELUM', 0, NULL, NULL, NULL, 'FALSE'),
	(857, NULL, 3, NULL, NULL, 'SITI HASUNAH', NULL, NULL, NULL, '1975-07-19', 37, '', '\r', 'BELUM', 0, NULL, NULL, NULL, 'FALSE'),
	(858, NULL, 2, NULL, NULL, 'DIANA HERAWATI', NULL, NULL, NULL, '1980-06-17', 32, '', '\r', 'BELUM', 0, NULL, NULL, NULL, 'FALSE'),
	(859, NULL, 2, NULL, NULL, 'SUPARMAN', NULL, NULL, NULL, '1964-12-06', 48, '', '\r', 'BELUM', 0, NULL, NULL, NULL, 'FALSE'),
	(860, NULL, 1, NULL, NULL, 'SUPRIADI', NULL, NULL, NULL, '1975-05-24', 38, '', '\r', 'BELUM', 0, NULL, NULL, NULL, 'FALSE'),
	(861, NULL, 2, NULL, NULL, 'PRAMULATSIH WIJAYATMI', NULL, NULL, NULL, '1963-01-07', 50, '', '\r', 'BELUM', 0, NULL, NULL, NULL, 'FALSE'),
	(862, NULL, 1, NULL, NULL, 'JAZULI', NULL, NULL, NULL, '1976-12-17', 36, '', '\r', 'BELUM', 0, NULL, NULL, NULL, 'FALSE'),
	(863, NULL, 2, NULL, NULL, 'SRIKARTINI', NULL, NULL, NULL, '1965-03-10', 48, '', '\r', 'BELUM', 0, NULL, NULL, NULL, 'FALSE'),
	(864, NULL, 1, NULL, NULL, 'SUTOPO', NULL, NULL, NULL, '1976-06-19', 36, '', '\r', 'BELUM', 0, NULL, NULL, NULL, 'FALSE'),
	(865, NULL, 3, NULL, NULL, 'A SUJA\'I', NULL, NULL, NULL, '1963-06-15', 49, '', '\r', 'BELUM', 0, NULL, NULL, NULL, 'FALSE'),
	(866, NULL, 2, NULL, NULL, 'DEWI KOMALASARI', NULL, NULL, NULL, '1984-01-28', 29, '', '\r', 'BELUM', 0, NULL, NULL, NULL, 'FALSE'),
	(867, NULL, 1, NULL, NULL, 'HERRY ARMANTO', NULL, NULL, NULL, '1959-11-11', 53, '', '\r', 'BELUM', 0, NULL, NULL, NULL, 'FALSE'),
	(868, NULL, 3, NULL, NULL, 'PIRDAUS', NULL, NULL, NULL, '1980-04-26', 33, '', '\r', 'BELUM', 0, NULL, NULL, NULL, 'FALSE'),
	(869, NULL, 2, NULL, NULL, 'SUCI ELIMURTI', NULL, NULL, NULL, '1982-05-10', 31, '', '\r', 'BELUM', 0, NULL, NULL, NULL, 'FALSE'),
	(870, NULL, 3, NULL, NULL, 'DINA KOMALASANTI', NULL, NULL, NULL, '1983-07-07', 29, '', '\r', 'BELUM', 0, NULL, NULL, NULL, 'FALSE'),
	(871, NULL, 1, NULL, NULL, 'SURURUDIN', NULL, NULL, NULL, '1965-06-27', 47, '', '\r', 'BELUM', 0, NULL, NULL, NULL, 'FALSE'),
	(872, NULL, 3, NULL, NULL, 'SUMARSIH', NULL, NULL, NULL, '1968-05-10', 45, '', '\r', 'BELUM', 0, NULL, NULL, NULL, 'FALSE'),
	(873, NULL, 2, NULL, NULL, 'SARIYAH', NULL, NULL, NULL, '1976-06-01', 37, '', '\r', 'BELUM', 0, NULL, NULL, NULL, 'FALSE'),
	(874, NULL, 3, NULL, NULL, 'TRIYONO', NULL, NULL, NULL, '1977-01-12', 36, '', '\r', 'BELUM', 0, NULL, NULL, NULL, 'FALSE'),
	(875, NULL, 2, NULL, NULL, 'STEPHANUS PURNAMA', NULL, NULL, NULL, '1973-02-28', 40, '', '\r', 'BELUM', 0, NULL, NULL, NULL, 'FALSE'),
	(876, NULL, 2, NULL, NULL, 'RASTIM', NULL, NULL, NULL, '1954-04-07', 59, '', '\r', 'BELUM', 0, NULL, NULL, NULL, 'FALSE'),
	(877, NULL, 3, NULL, NULL, 'ALI YUSRAN NASUTION', NULL, NULL, NULL, '1973-06-01', 40, '', '\r', 'BELUM', 0, NULL, NULL, NULL, 'FALSE'),
	(878, NULL, 1, NULL, NULL, 'SALMINAH', NULL, NULL, NULL, '1952-08-04', 60, '', '\r', 'BELUM', 0, NULL, NULL, NULL, 'FALSE'),
	(879, NULL, 3, NULL, NULL, 'PUJO PRASETYO', NULL, NULL, NULL, '1964-02-29', 49, '', '\r', 'BELUM', 0, NULL, NULL, NULL, 'FALSE'),
	(880, NULL, 2, NULL, NULL, 'RESMINI', NULL, NULL, NULL, '1966-06-19', 46, '', '\r', 'BELUM', 0, NULL, NULL, NULL, 'FALSE'),
	(881, NULL, 1, NULL, NULL, 'FIRMANSYAH', NULL, NULL, NULL, '1984-12-26', 28, '', '\r', 'BELUM', 0, NULL, NULL, NULL, 'FALSE'),
	(882, NULL, 2, NULL, NULL, 'NOPRIYADI', NULL, NULL, NULL, '1987-11-08', 25, '', '\r', 'BELUM', 0, NULL, NULL, NULL, 'FALSE'),
	(883, NULL, 3, NULL, NULL, 'DENI CHANDRA', NULL, NULL, NULL, '1981-12-06', 31, '', '\r', 'BELUM', 0, NULL, NULL, NULL, 'FALSE'),
	(884, NULL, 1, NULL, NULL, 'IRWAN GUNAWAN', NULL, NULL, NULL, '1986-07-24', 26, '', '\r', 'BELUM', 0, NULL, NULL, NULL, 'FALSE'),
	(885, NULL, 2, NULL, NULL, 'ERIC CAPACCI', NULL, NULL, NULL, '1961-08-17', 51, '', '\r', 'BELUM', 0, NULL, NULL, NULL, 'FALSE'),
	(886, NULL, 3, NULL, NULL, 'SUDARTO SUYADI', NULL, NULL, NULL, '1950-05-05', 63, '', '\r', 'BELUM', 0, NULL, NULL, NULL, 'FALSE'),
	(887, NULL, 3, NULL, NULL, 'SAIDAH', NULL, NULL, NULL, '1959-05-20', 54, '', '\r', 'BELUM', 0, NULL, NULL, NULL, 'FALSE'),
	(888, NULL, 1, NULL, NULL, 'SUROTO', NULL, NULL, NULL, '1959-03-19', 54, '', '\r', 'BELUM', 0, NULL, NULL, NULL, 'FALSE'),
	(889, NULL, 3, NULL, NULL, 'PRASETYA', NULL, NULL, NULL, '1975-05-03', 38, '', '\r', 'BELUM', 0, NULL, NULL, NULL, 'FALSE'),
	(890, NULL, 2, NULL, NULL, 'HJ. SUDARTI', NULL, NULL, NULL, '1962-02-25', 51, '', '\r', 'BELUM', 0, NULL, NULL, NULL, 'FALSE'),
	(891, NULL, 1, NULL, NULL, 'SULIYAH', NULL, NULL, NULL, '1983-05-15', 30, '', '\r', 'BELUM', 0, NULL, NULL, NULL, 'FALSE'),
	(892, NULL, 1, NULL, NULL, 'WERDASNAH', NULL, NULL, NULL, '1962-07-07', 50, '', '\r', 'BELUM', 0, NULL, NULL, NULL, 'FALSE'),
	(893, NULL, 1, NULL, NULL, 'ARLIANA', NULL, NULL, NULL, '1978-05-05', 35, '', '\r', 'BELUM', 0, NULL, NULL, NULL, 'FALSE'),
	(894, NULL, 1, NULL, NULL, 'ONIH MULYANI', NULL, NULL, NULL, '1982-09-10', 30, '', '\r', 'BELUM', 0, NULL, NULL, NULL, 'FALSE'),
	(895, NULL, 1, NULL, NULL, 'MAKMUN', NULL, NULL, NULL, '1953-11-10', 59, '', '\r', 'BELUM', 0, NULL, NULL, NULL, 'FALSE'),
	(896, NULL, 2, NULL, NULL, 'AHMAD AL HUDAISI', NULL, NULL, NULL, '1979-08-10', 33, '', '\r', 'BELUM', 0, NULL, NULL, NULL, 'FALSE'),
	(897, NULL, 2, NULL, NULL, 'AZWAR', NULL, NULL, NULL, '1982-03-17', 31, '', '\r', 'BELUM', 0, NULL, NULL, NULL, 'FALSE'),
	(898, NULL, 2, NULL, NULL, 'DESIANA ROSSANDI', NULL, NULL, NULL, '1973-12-05', 39, '', '\r', 'BELUM', 0, NULL, NULL, NULL, 'FALSE'),
	(899, NULL, 2, NULL, NULL, 'WARDOYO', NULL, NULL, NULL, '1950-10-10', 62, '', '\r', 'BELUM', 0, NULL, NULL, NULL, 'FALSE'),
	(900, NULL, 2, NULL, NULL, 'AMINAH', NULL, NULL, NULL, '1977-05-24', 36, '', '\r', 'BELUM', 0, NULL, NULL, NULL, 'FALSE'),
	(901, NULL, 3, NULL, NULL, 'RUDI HARTONO', NULL, NULL, NULL, '1973-08-21', 39, '', '\r', 'BELUM', 0, NULL, NULL, NULL, 'FALSE'),
	(902, NULL, 3, NULL, NULL, 'MUHAMAD IRFAN', NULL, NULL, NULL, '1977-03-09', 36, '', '\r', 'BELUM', 0, NULL, NULL, NULL, 'FALSE'),
	(903, NULL, 2, NULL, NULL, 'AGUS SUSANTO', NULL, NULL, NULL, '1981-08-04', 31, '', '\r', 'BELUM', 0, NULL, NULL, NULL, 'FALSE'),
	(905, NULL, 2, NULL, NULL, 'EVI ROSDIANTI', NULL, NULL, NULL, '1976-08-04', 36, '', '\r', 'BELUM', 0, NULL, NULL, NULL, 'FALSE'),
	(906, NULL, 2, NULL, NULL, 'SUTIASSIH', NULL, NULL, NULL, '1968-09-01', 44, '', '\r', 'BELUM', 0, NULL, NULL, NULL, 'FALSE'),
	(907, NULL, 3, NULL, NULL, 'SURTI', NULL, NULL, NULL, '1968-12-31', 44, '', '\r', 'BELUM', 0, NULL, NULL, NULL, 'FALSE'),
	(908, NULL, 3, NULL, NULL, 'HERRI PARWANTO', NULL, NULL, NULL, '1971-10-08', 41, '', '\r', 'BELUM', 0, NULL, NULL, NULL, 'FALSE'),
	(909, NULL, 2, NULL, NULL, 'WIBISANA', NULL, NULL, NULL, '1964-09-28', 48, '', '\r', 'BELUM', 0, NULL, NULL, NULL, 'FALSE'),
	(910, NULL, 2, NULL, NULL, 'SANDY HARSOHENDRY', NULL, NULL, NULL, '1980-02-15', 33, '', '\r', 'BELUM', 0, NULL, NULL, NULL, 'FALSE'),
	(911, NULL, 1, NULL, NULL, 'TRI WIBOWO BURHAN', NULL, NULL, NULL, '1992-06-29', 20, '', '\r', 'BELUM', 0, NULL, NULL, NULL, 'FALSE'),
	(912, NULL, 2, NULL, NULL, 'HARUN AL RASID', NULL, NULL, NULL, '1977-04-27', 36, '', '\r', 'BELUM', 0, NULL, NULL, NULL, 'FALSE'),
	(913, NULL, 1, NULL, NULL, 'DJASMAN', NULL, NULL, NULL, '1957-10-06', 55, '', '\r', 'BELUM', 0, NULL, NULL, NULL, 'FALSE'),
	(914, NULL, 2, NULL, NULL, 'ROIDAH', NULL, NULL, NULL, '1972-02-12', 41, '', '\r', 'BELUM', 0, NULL, NULL, NULL, 'FALSE'),
	(915, NULL, 1, NULL, NULL, 'IMRON ROSYADI', NULL, NULL, NULL, '1977-01-21', 36, '', '\r', 'BELUM', 0, NULL, NULL, NULL, 'FALSE'),
	(916, NULL, 3, NULL, NULL, 'NURHAYATI', NULL, NULL, NULL, '1950-10-25', 62, '', '\r', 'BELUM', 0, NULL, NULL, NULL, 'FALSE'),
	(917, NULL, 2, NULL, NULL, 'MOH. YUSUP', NULL, NULL, NULL, '1966-09-24', 46, '', '\r', 'BELUM', 0, NULL, NULL, NULL, 'FALSE'),
	(918, NULL, 1, NULL, NULL, 'HARNO', NULL, NULL, NULL, '1967-07-01', 46, '', '\r', 'BELUM', 0, NULL, NULL, NULL, 'FALSE'),
	(919, NULL, 3, NULL, NULL, 'WARTINI', NULL, NULL, NULL, '1968-03-27', 46, '', '\r', 'BELUM', 0, NULL, NULL, NULL, 'FALSE'),
	(920, NULL, 2, NULL, NULL, 'AJI SUNARYO', NULL, NULL, NULL, '1971-03-25', 43, '', '\r', 'BELUM', 0, NULL, NULL, NULL, 'FALSE'),
	(921, NULL, 3, NULL, NULL, 'WASU AJAR WIROTO', NULL, NULL, NULL, '1978-12-28', 35, '', '\r', 'BELUM', 0, NULL, NULL, NULL, 'FALSE'),
	(922, NULL, 1, NULL, NULL, 'LIA PERMATAHATI OKTARIANI', NULL, NULL, NULL, '1986-10-27', 27, '', '\r', 'BELUM', 0, NULL, NULL, NULL, 'FALSE'),
	(923, NULL, 3, NULL, NULL, 'RINI BT NALIH', NULL, NULL, NULL, '1965-01-02', 49, '', '\r', 'BELUM', 0, NULL, NULL, NULL, 'FALSE'),
	(924, NULL, 2, NULL, NULL, 'UJANG NURUL IMAN', NULL, NULL, NULL, '1951-05-06', 62, '', '\r', 'BELUM', 0, NULL, NULL, NULL, 'FALSE'),
	(925, NULL, 3, NULL, NULL, 'NURLELA', NULL, NULL, NULL, '1962-05-15', 51, '', '\r', 'BELUM', 0, NULL, NULL, NULL, 'FALSE'),
	(926, NULL, 2, NULL, NULL, 'SUNARTI', NULL, NULL, NULL, '1961-07-01', 52, '', '\r', 'BELUM', 0, NULL, NULL, NULL, 'FALSE'),
	(927, NULL, 2, NULL, NULL, 'HARUN AL RASID', NULL, NULL, NULL, '1977-04-27', 36, '', '\r', 'BELUM', 0, NULL, NULL, NULL, 'FALSE'),
	(928, NULL, 3, NULL, NULL, 'ANDRI BAHTIAR', NULL, NULL, NULL, '1985-09-12', 28, '', '\r', 'BELUM', 0, NULL, NULL, NULL, 'FALSE'),
	(929, NULL, 1, NULL, NULL, 'SETIA NINGSIH', NULL, NULL, NULL, '1989-01-01', 25, '', '\r', 'BELUM', 0, NULL, NULL, NULL, 'FALSE'),
	(930, NULL, 3, NULL, NULL, 'AHMAD TABRANI', NULL, NULL, NULL, '1978-08-09', 35, '', '\r', 'BELUM', 0, NULL, NULL, NULL, 'FALSE'),
	(931, NULL, 2, NULL, NULL, 'YULIYANAH', NULL, NULL, NULL, '1978-08-09', 35, '', '\r', 'BELUM', 0, NULL, NULL, NULL, 'FALSE'),
	(932, NULL, 1, NULL, NULL, 'RIHANAH', NULL, NULL, NULL, '1976-06-06', 37, '', '\r', 'BELUM', 0, NULL, NULL, NULL, 'FALSE'),
	(933, NULL, 2, NULL, NULL, 'RAHMAWATI', NULL, NULL, NULL, '1960-12-31', 53, '', '\r', 'BELUM', 0, NULL, NULL, NULL, 'FALSE'),
	(934, NULL, 3, NULL, NULL, 'H SUKRA', NULL, NULL, NULL, '1963-02-02', 51, '', '\r', 'BELUM', 0, NULL, NULL, NULL, 'FALSE'),
	(935, NULL, 1, NULL, NULL, 'KUNJEN', NULL, NULL, NULL, '1953-04-06', 61, '', '\r', 'BELUM', 0, NULL, NULL, NULL, 'FALSE'),
	(936, NULL, 2, NULL, NULL, 'JUMHAYATI', NULL, NULL, NULL, '1960-10-17', 53, '', '\r', 'BELUM', 0, NULL, NULL, NULL, 'FALSE'),
	(937, NULL, 3, NULL, NULL, 'MADRUS', NULL, NULL, NULL, '1976-01-12', 38, '', '\r', 'BELUM', 0, NULL, NULL, NULL, 'FALSE'),
	(938, NULL, 3, NULL, NULL, 'JAMAL MIRDAD', NULL, NULL, NULL, '1954-01-01', 60, '', '\r', 'BELUM', 0, NULL, NULL, NULL, 'FALSE'),
	(939, NULL, 1, NULL, NULL, 'HERWAN', NULL, NULL, NULL, '1973-04-11', 41, '', '\r', 'BELUM', 0, NULL, NULL, NULL, 'FALSE'),
	(940, NULL, 3, NULL, NULL, 'AMAD', NULL, NULL, NULL, '1959-01-01', 55, '', '\r', 'BELUM', 0, NULL, NULL, NULL, 'FALSE'),
	(941, NULL, 2, NULL, NULL, 'YUNADIAH', NULL, NULL, NULL, '1965-02-10', 49, '', '\r', 'BELUM', 0, NULL, NULL, NULL, 'FALSE'),
	(942, NULL, 1, NULL, NULL, 'MUH CHUSNUL MUBAROQ SE', NULL, NULL, NULL, '1975-02-08', 39, '', '\r', 'BELUM', 0, NULL, NULL, NULL, 'FALSE'),
	(943, NULL, 1, NULL, NULL, 'H. NURHOLIDI', NULL, NULL, NULL, '1959-03-01', 55, '', '\r', 'BELUM', 0, NULL, NULL, NULL, 'FALSE'),
	(944, NULL, 1, NULL, NULL, 'BASTOMI BIN JUWENI', NULL, NULL, NULL, '1971-09-11', 42, '', '\r', 'BELUM', 0, NULL, NULL, NULL, 'FALSE'),
	(945, NULL, 1, NULL, NULL, 'H. SARIKIN', NULL, NULL, NULL, '1952-12-07', 61, '', '\r', 'BELUM', 0, NULL, NULL, NULL, 'FALSE'),
	(946, NULL, 1, NULL, NULL, 'MAMAT', NULL, NULL, NULL, '1956-01-30', 58, '', '\r', 'BELUM', 0, NULL, NULL, NULL, 'FALSE'),
	(947, NULL, 2, NULL, NULL, 'SUPANDI', NULL, NULL, NULL, '1968-12-06', 45, '', '\r', 'BELUM', 0, NULL, NULL, NULL, 'FALSE'),
	(948, NULL, 2, NULL, NULL, 'TRI SETIORINI', NULL, NULL, NULL, '1973-04-18', 41, '', '\r', 'BELUM', 0, NULL, NULL, NULL, 'FALSE'),
	(949, NULL, 2, NULL, NULL, 'ANWARUDIN', NULL, NULL, NULL, '1964-01-08', 50, '', '\r', 'BELUM', 0, NULL, NULL, NULL, 'FALSE'),
	(950, NULL, 2, NULL, NULL, 'SARMAN', NULL, NULL, NULL, '1976-11-28', 37, '', '\r', 'BELUM', 0, NULL, NULL, NULL, 'FALSE'),
	(951, NULL, 2, NULL, NULL, 'SURATMAN', NULL, NULL, NULL, '1967-01-11', 47, '', '\r', 'BELUM', 0, NULL, NULL, NULL, 'FALSE'),
	(952, NULL, 3, NULL, NULL, 'HENDRA HERMANSYAH', NULL, NULL, NULL, '1979-03-16', 35, '', '\r', 'BELUM', 0, NULL, NULL, NULL, 'FALSE'),
	(953, NULL, 3, NULL, NULL, 'H. KODIR', NULL, NULL, NULL, '1963-10-12', 50, '', '\r', 'BELUM', 0, NULL, NULL, NULL, 'FALSE'),
	(954, NULL, 2, NULL, NULL, 'SAIKAM', NULL, NULL, NULL, '1974-02-08', 40, '', '\r', 'BELUM', 0, NULL, NULL, NULL, 'FALSE'),
	(955, NULL, 2, NULL, NULL, 'MISAR', NULL, NULL, NULL, '1975-12-07', 38, '', '\r', 'BELUM', 0, NULL, NULL, NULL, 'FALSE'),
	(956, NULL, 2, NULL, NULL, 'AHMAD KOSASIH', NULL, NULL, NULL, '1976-05-31', 37, '', '\r', 'BELUM', 0, NULL, NULL, NULL, 'FALSE'),
	(957, NULL, 3, NULL, NULL, 'SYAMSUDIN', NULL, NULL, NULL, '1975-03-13', 39, '', '\r', 'BELUM', 0, NULL, NULL, NULL, 'FALSE'),
	(958, NULL, 3, NULL, NULL, 'ARYANTO', NULL, NULL, NULL, '1980-10-02', 33, '', '\r', 'BELUM', 0, NULL, NULL, NULL, 'FALSE'),
	(959, NULL, 2, NULL, NULL, 'ABDUL ROHIM', NULL, NULL, NULL, '1982-02-15', 32, '', '\r', 'BELUM', 0, NULL, NULL, NULL, 'FALSE'),
	(960, NULL, 2, NULL, NULL, 'H SAPARI', NULL, NULL, NULL, '1968-03-15', 46, '', '\r', 'BELUM', 0, NULL, NULL, NULL, 'FALSE'),
	(961, NULL, 1, NULL, NULL, 'MEVITA PUTRI DIATMA', NULL, NULL, NULL, '1985-05-05', 28, '', '\r', 'BELUM', 0, NULL, NULL, NULL, 'FALSE'),
	(962, NULL, 2, NULL, NULL, 'ALINUZAR BIN AMEK', NULL, NULL, NULL, '1968-04-12', 46, '', '\r', 'BELUM', 0, NULL, NULL, NULL, 'FALSE'),
	(963, NULL, 1, NULL, NULL, 'H KAHAR', NULL, NULL, NULL, '1970-04-07', 44, '', '\r', 'BELUM', 0, NULL, NULL, NULL, 'FALSE'),
	(964, NULL, 2, NULL, NULL, 'SAMUDI', NULL, NULL, NULL, '1957-05-09', 56, '', '\r', 'BELUM', 0, NULL, NULL, NULL, 'FALSE'),
	(965, NULL, 1, NULL, NULL, 'A SYUJAI', NULL, NULL, NULL, '1970-08-07', 43, '', '\r', 'BELUM', 0, NULL, NULL, NULL, 'FALSE'),
	(966, NULL, 3, NULL, NULL, 'H TB MUNTAQO ZAMZAMI', NULL, NULL, NULL, '1978-05-17', 35, '', '\r', 'BELUM', 0, NULL, NULL, NULL, 'FALSE'),
	(967, NULL, 2, NULL, NULL, 'AHMAD ROYANI', NULL, NULL, NULL, '1960-04-01', 54, '', '\r', 'BELUM', 0, NULL, NULL, NULL, 'FALSE'),
	(968, NULL, 1, NULL, NULL, 'BAHRUDIN BIN MAMAT', NULL, NULL, NULL, '1978-05-02', 35, '', '\r', 'BELUM', 0, NULL, NULL, NULL, 'FALSE'),
	(969, NULL, 3, NULL, NULL, 'CHANDRA', NULL, NULL, NULL, '1966-12-04', 47, '', '\r', 'BELUM', 0, NULL, NULL, NULL, 'FALSE'),
	(970, NULL, 2, NULL, NULL, 'ROHMAN', NULL, NULL, NULL, '1968-12-24', 45, '', '\r', 'BELUM', 0, NULL, NULL, NULL, 'FALSE'),
	(971, NULL, 3, NULL, NULL, 'ISWATI', NULL, NULL, NULL, '1975-05-30', 38, '', '\r', 'BELUM', 0, NULL, NULL, NULL, 'FALSE'),
	(972, NULL, 1, NULL, NULL, 'MULYADI', NULL, NULL, NULL, '1977-11-29', 36, '', '\r', 'BELUM', 0, NULL, NULL, NULL, 'FALSE'),
	(973, NULL, 3, NULL, NULL, 'AHMAD SOLIHIN', NULL, NULL, NULL, '1967-09-10', 46, '', '\r', 'BELUM', 0, NULL, NULL, NULL, 'FALSE'),
	(974, NULL, 2, NULL, NULL, 'AHMAD FIRMANSYAH', NULL, NULL, NULL, '1963-10-08', 50, '', '\r', 'BELUM', 0, NULL, NULL, NULL, 'FALSE'),
	(976, NULL, 3, NULL, NULL, 'customer', NULL, NULL, 'tmp_lahir', '2000-01-01', 0, 'tlp', 'alamat\r', 'BELUM', 0, NULL, NULL, NULL, 'FALSE'),
	(977, NULL, 2, NULL, NULL, 'MADURIP', NULL, NULL, 'SERANG', '1962-07-25', 51, '', ' JL. KH.ABDUL LATIEF RT.001 RW.001 BENDUNGAN CILEG', 'BELUM', 0, NULL, NULL, NULL, 'FALSE'),
	(978, NULL, 2, NULL, NULL, 'SATIAH', NULL, NULL, 'SERANG', '1973-07-05', 40, '', ' LINK.KUBANG LAMPIT RT.010 RW.001 TEGAL BUNDER PUR', 'BELUM', 0, NULL, NULL, NULL, 'FALSE'),
	(979, NULL, 3, NULL, NULL, 'H. ASKOLANI', NULL, NULL, 'CILEGON', '1965-05-15', 48, '', ' LINK.CIKERUT RT.001 RW.004 KARANG ASEM CIBEBER CI', 'BELUM', 0, NULL, NULL, NULL, 'FALSE'),
	(980, NULL, 1, NULL, NULL, 'ISABELLA', NULL, NULL, 'KOTABUMI', '1989-12-02', 24, '', ' LINK.TERATE UDIK RT.001 RW.002 MASIGIT JOMBANG CI', 'BELUM', 0, NULL, NULL, NULL, 'FALSE'),
	(981, NULL, 3, NULL, NULL, 'RAHMATULLAH', NULL, NULL, 'SERANG', '1981-06-09', 32, '', ' LINK.SUMUR MENJAGAN RT.002 RW.001 KOTASARI GROGOL', 'BELUM', 0, NULL, NULL, NULL, 'FALSE'),
	(982, NULL, 2, NULL, NULL, 'FIRDAUS', NULL, NULL, 'CILEGON', '1987-04-15', 26, '', ' LINK.TEGAL PADANG NO.07 RT.003 RW.003 KEBON DALEM', 'BELUM', 0, NULL, NULL, NULL, 'FALSE'),
	(983, NULL, 1, NULL, NULL, 'NENGSI HERMAWATI', NULL, NULL, 'CILEGON', '1990-10-01', 23, '', ' LINK.KUBANG LABAN RT.004 RW.002 PANGGUNG RAWI JOM', 'BELUM', 0, NULL, NULL, NULL, 'FALSE'),
	(984, NULL, 2, NULL, NULL, 'MARYATUL QIBTIYAH', NULL, NULL, 'SERANG', '1982-03-15', 32, '', ' JL.KH.ARIFUDIN NO.17 RT.002 RW.001 CITANGKIL CILE', 'BELUM', 0, NULL, NULL, NULL, 'FALSE'),
	(985, NULL, 3, NULL, NULL, 'MASFUFAH', NULL, NULL, 'SERANG', '1972-11-15', 41, '', ' LINK.CIRIU RT.001 RW.003 SAMANGRAYA CITANGKIL CIL', 'BELUM', 0, NULL, NULL, NULL, 'FALSE'),
	(986, NULL, 1, NULL, NULL, 'SARMAH', NULL, NULL, 'SERANG', '1984-06-26', 29, '', ' LINK.KUBANG LESUNG KULON RT.008 RW.004 TAMAN BARU', 'BELUM', 0, NULL, NULL, NULL, 'FALSE'),
	(987, NULL, 2, NULL, NULL, 'SUPANDI', NULL, NULL, 'CILEGON', '1977-11-10', 36, '', ' LINK.SAMBI BUHUT RT.009 RW.004 BAGENDUNG CILEGON ', 'BELUM', 0, NULL, NULL, NULL, 'FALSE'),
	(988, NULL, 3, NULL, NULL, 'JAJAN SUDJASMIN', NULL, NULL, 'JAKARTA', '1968-01-27', 46, '', ' JL.KEPONDANG NO.22 RT.002 RW.007 CIWADUK CILEGON ', 'BELUM', 0, NULL, NULL, NULL, 'FALSE'),
	(989, NULL, 3, NULL, NULL, 'FATIYAH', NULL, NULL, 'SERANG', '1965-02-05', 49, '', ' LINK.KIMUDAKIR CIGADING RT.001 RW.001 TEGAL RATU ', 'BELUM', 0, NULL, NULL, NULL, 'FALSE'),
	(990, NULL, 1, NULL, NULL, 'MARZUKI', NULL, NULL, 'SERANG', '1963-10-05', 50, '', ' LINK.TEGAL BUNTU RT.016 RW.006 TEGAL RATU CIWANDA', 'BELUM', 0, NULL, NULL, NULL, 'FALSE'),
	(991, NULL, 3, NULL, NULL, 'BADRIYAH', NULL, NULL, NULL, '1974-05-04', 39, '87888684426', 'JL.TANAH SERATUS NO.101 RT003 RW002 KEL.SUDIMARA J', 'BELUM', 0, NULL, NULL, NULL, 'FALSE'),
	(992, NULL, 2, NULL, NULL, 'MOH.MASHUD', NULL, NULL, NULL, '1962-11-09', 51, '217371429', 'KP.PONDOK AREN NO.54 RT008 RW003 KEL.PONDOK BETUNG', 'BELUM', 0, NULL, NULL, NULL, 'FALSE'),
	(993, NULL, 1, NULL, NULL, 'ERTALINA ZULFANEDI', NULL, NULL, NULL, '1972-12-12', 41, '2195159728', 'JL.SEKTOR X NO.47 RT002 RW009 KEL.SUDIMARA JAYA KE', 'BELUM', 0, NULL, NULL, NULL, 'FALSE'),
	(994, NULL, 1, NULL, NULL, 'BUDI ALIANSYAH', NULL, NULL, NULL, '1982-08-02', 31, '81389991900', 'KP.PONDOK BAHAR RT002 RW002 KEL.PONDOK BAHAR KEC.K', 'BELUM', 0, NULL, NULL, NULL, 'FALSE'),
	(995, NULL, 1, NULL, NULL, 'SLAMET RIYADI', NULL, NULL, NULL, '1974-04-05', 40, '81385857399', 'KOMP.PERURI RT02 RW002 KEL.SUDIMARA TIMUR KEC.CILE', 'BELUM', 0, NULL, NULL, NULL, 'FALSE'),
	(996, NULL, 1, NULL, NULL, 'MUKLIS ADE SAPUTRA', NULL, NULL, NULL, '1985-07-26', 28, '85716118024', 'JL.KWINI NO.20 RT010 RW002 KEL.GANDARIA UTARA KEC.', 'BELUM', 0, NULL, NULL, NULL, 'FALSE'),
	(997, NULL, 1, NULL, NULL, 'M. YUSUF', NULL, NULL, NULL, '1979-05-05', 34, '81389991900', 'JL.KARYAWAN IV RT001 RW015 KEL.KARANG TENGAH KEC.K', 'BELUM', 0, NULL, NULL, NULL, 'FALSE'),
	(998, NULL, 2, NULL, NULL, 'OEY TJOEN HOK', NULL, NULL, NULL, '1968-08-09', 45, '2170985991', 'JL.MAHONI II/20 TAMAN ROYAL I RT006 RW015 KEL.TANA', 'BELUM', 0, NULL, NULL, NULL, 'FALSE'),
	(999, NULL, 2, NULL, NULL, 'EDI SUSANTO', NULL, NULL, NULL, '1973-10-13', 40, '81389991900', 'KP.PONDOK BAHAR RT002 RW002 KEL.PONDOK BAHAR KEC.K', 'BELUM', 0, NULL, NULL, NULL, 'FALSE'),
	(1000, NULL, 2, NULL, NULL, 'ALI MASKURI', NULL, NULL, NULL, '1974-01-31', 40, '82123819456', 'KP.CIPUTAT NO.15 RT004 RW005 KEL.TAJUR KEC.CILEDUG', 'BELUM', 0, NULL, NULL, NULL, 'FALSE'),
	(1001, NULL, 2, NULL, NULL, 'WERDASNAH', NULL, NULL, NULL, '1962-07-07', 51, '81281729469', 'KP.PANINGGILAN RT004 RW006 KEL.LARANGAN SELATAN KE', 'BELUM', 0, NULL, NULL, NULL, 'FALSE'),
	(1002, NULL, 2, NULL, NULL, 'SURONO', NULL, NULL, NULL, '1963-12-10', 50, '87774832149', 'JL.SUNAN GIRI RT004 RW002 KEL.PONDOK PUCUNG KEC.KA', 'BELUM', 0, NULL, NULL, NULL, 'FALSE'),
	(1004, NULL, 2, NULL, NULL, 'YENI HANDAYANI', NULL, NULL, 'SERANG', '1972-07-26', 41, '', 'CIMUNCANG CILIK RT.005/014 KEL.CIMUNCANG KEC.SERAN', 'BELUM', 0, NULL, NULL, NULL, 'FALSE'),
	(1005, NULL, 2, NULL, NULL, 'MARWIYAH BT SAEFUDIN', NULL, NULL, 'SERANG', '1976-10-13', 37, '', 'JL.45 LINK.MUNTIL RT.002/003 KEL/KEC SERANG KOTA S', 'BELUM', 0, NULL, NULL, NULL, 'FALSE'),
	(1006, NULL, 2, NULL, NULL, 'DEWI YULIASARI', NULL, NULL, 'SERANG', '1977-07-18', 36, '', 'JL.YUSUF MARTADILAGA GG.PENERANGAN RT.001/009 KEL.', 'BELUM', 0, NULL, NULL, NULL, 'FALSE'),
	(1007, NULL, 3, NULL, NULL, 'JUPARDIN', NULL, NULL, 'TANGERANG', '1977-04-19', 36, '', 'KP.CIHASEM RT.004/006 KEL.PANDEGLANG KEC.PANDEGLAN', 'BELUM', 0, NULL, NULL, NULL, 'FALSE'),
	(1009, NULL, 2, NULL, NULL, 'ENDANG', NULL, NULL, 'SERANG', '1980-03-23', 34, '', 'KP.KATUPANG WARINGIN RT.006/002 DS/KEL CILAYANG \r', 'BELUM', 0, NULL, NULL, NULL, 'FALSE'),
	(1010, NULL, 1, NULL, NULL, 'SAIYAH', NULL, NULL, 'SERANG', '1972-08-08', 41, '', 'LINK.BENDA RT.002/003 DS/KEL.BANJAR AGUNG KEC.CIPO', 'BELUM', 0, NULL, NULL, NULL, 'FALSE'),
	(1012, NULL, 2, NULL, NULL, 'BOBI FAISAL', NULL, NULL, 'PANDEGLANG', '1981-12-03', 32, '', 'KP.CIKONDANG RT.02/10 KEL.PANDEGLANG KEC.PANDEGLAN', 'BELUM', 0, NULL, NULL, NULL, 'FALSE'),
	(1013, NULL, 1, NULL, NULL, 'EROH', NULL, NULL, 'SERANG', '1961-11-28', 52, '', 'KP.KAMADEAN RT.007/002 DS.SEUAT KEC.PETIR KAB.SERA', 'BELUM', 0, NULL, NULL, NULL, 'FALSE'),
	(1014, NULL, 3, NULL, NULL, 'SITTU SELASTRI', NULL, NULL, 'SERANG', '1977-05-24', 36, '', 'KP.KAPANDEAN RT.010/003 DS.SINDANGSARI KEC.PETIR K', 'BELUM', 0, NULL, NULL, NULL, 'FALSE'),
	(1015, NULL, 2, NULL, NULL, 'NAHUDI', NULL, NULL, 'SERANG', '1980-09-16', 33, '', 'KP.BAGAWATI RT.007/002 KEL/DS.KILASAH KEC.KASEMEN ', 'BELUM', 0, NULL, NULL, NULL, 'FALSE'),
	(1016, NULL, 1, NULL, NULL, 'SULASTRI', NULL, NULL, 'PUJODADI', '1971-05-06', 42, '', 'KP.CIPARI RT.006/002 DS/KEL.PANCALAKSANA KEC.CURUG', 'BELUM', 0, NULL, NULL, NULL, 'FALSE'),
	(1017, NULL, 3, NULL, NULL, 'ROHATI', NULL, NULL, 'TANGERANG', '1973-07-01', 40, '', 'KP. PANJARAKAN RT.014/004 DS. TAMBILUK KEC.PETIR K', 'BELUM', 0, NULL, NULL, NULL, 'FALSE'),
	(1021, NULL, 2, NULL, NULL, 'HAMDANAH', NULL, NULL, NULL, '1965-11-05', 48, '', 'KP.SUKALILA RT.06 RW.03 DESA KEPUREN KEC.WALANTAKA', 'BELUM', 0, NULL, NULL, NULL, 'FALSE'),
	(1022, NULL, 2, NULL, NULL, 'BAEHAKI', NULL, NULL, NULL, '1982-02-04', 32, '', 'KP.TAMBAK BAYA RT.005 RW.003 DESA SUKANEGARA KEC.P', 'BELUM', 0, NULL, NULL, NULL, 'FALSE'),
	(1023, NULL, 3, NULL, NULL, 'HASBI', NULL, NULL, NULL, '1969-10-08', 44, '', 'KP.PONTANG LEGON RT.005 RW.002 DESA PONTANG LEGON ', 'BELUM', 0, NULL, NULL, NULL, 'FALSE'),
	(1024, NULL, 1, NULL, NULL, 'MARTINA MAXI KAHIRUPAN', NULL, NULL, NULL, '1984-03-25', 30, '', 'GRIYA SERANG ASRI BLOK V6 RT.003 RW.010 KEL.CIPOCO', 'BELUM', 0, NULL, NULL, NULL, 'FALSE'),
	(1025, NULL, 3, NULL, NULL, 'SUHAEMI', NULL, NULL, NULL, '1973-08-17', 40, '', 'KOMP.PURI CITRA BLOK F2 NO.18 RT.0238 RW.008 KEL.P', 'BELUM', 0, NULL, NULL, NULL, 'FALSE'),
	(1026, NULL, 2, NULL, NULL, 'SUSANTO', NULL, NULL, NULL, '1978-05-08', 35, '', 'BANJAR AGUNG INDAH F14 NO.05 RT.008 RW.009 KEL.BAN', 'BELUM', 0, NULL, NULL, NULL, 'FALSE'),
	(1027, NULL, 1, NULL, NULL, 'ROHMAT', NULL, NULL, NULL, '1963-02-06', 51, '', 'KP.PENANGKAN RT.002 RW.001 DESA KEPUREN KEC.WALANT', 'BELUM', 0, NULL, NULL, NULL, 'FALSE'),
	(1028, NULL, 2, NULL, NULL, 'LEO SETIAWAN (WEB)', NULL, NULL, NULL, '1983-03-19', 31, '', '', 'BELUM', 0, NULL, NULL, NULL, 'FALSE'),
	(1029, NULL, 3, NULL, NULL, 'SAMIDI (WEB)', NULL, NULL, NULL, '1980-06-22', 33, '', '', 'BELUM', 0, NULL, NULL, NULL, 'FALSE'),
	(1030, NULL, 1, NULL, NULL, 'LEO SETIAWAN (WEB)', NULL, NULL, NULL, NULL, NULL, '', '', 'BELUM', 0, NULL, NULL, NULL, 'FALSE'),
	(1031, NULL, 2, NULL, NULL, 'SAMIDI (WEB)', NULL, NULL, NULL, NULL, NULL, '', '', 'BELUM', 0, NULL, NULL, NULL, 'FALSE'),
	(1032, NULL, 3, NULL, NULL, 'RIANA AGUSTIAN (WEB)', NULL, NULL, NULL, '1984-08-02', 29, '', '', 'BELUM', 0, NULL, NULL, NULL, 'FALSE'),
	(1033, NULL, 3, NULL, NULL, 'DARYANA BIN UJU JUNAEDI (WEB)', NULL, NULL, NULL, '1978-04-16', 35, '', '', 'BELUM', 0, NULL, NULL, NULL, 'FALSE'),
	(1034, NULL, 1, NULL, NULL, 'DYAH RETNO YULIA ARYANI (WEB)', NULL, NULL, NULL, '1990-07-02', 23, '', '', 'BELUM', 0, NULL, NULL, NULL, 'FALSE'),
	(1035, NULL, 3, NULL, NULL, 'RULLY HARVIN (WEB)', NULL, NULL, NULL, '1982-10-13', 31, '', '', 'BELUM', 0, NULL, NULL, NULL, 'FALSE'),
	(1036, NULL, 2, NULL, NULL, 'TEDI GUNANDI (WEB)', NULL, NULL, NULL, '1977-09-24', 36, '', '', 'BELUM', 0, NULL, NULL, NULL, 'FALSE'),
	(1037, NULL, 1, NULL, NULL, 'DR WILDAN YUSUF (WEB)', NULL, NULL, NULL, '1981-08-21', 32, '', '', 'BELUM', 0, NULL, NULL, NULL, 'FALSE'),
	(1038, NULL, 1, NULL, NULL, 'AYEP IWAN SURYAWAN (WEB)', NULL, NULL, NULL, '1979-07-10', 34, '', '', 'BELUM', 0, NULL, NULL, NULL, 'FALSE'),
	(1039, NULL, 1, NULL, NULL, 'ASEP MASKUR (WEB)', NULL, NULL, NULL, '1974-12-12', 39, '', '', 'BELUM', 0, NULL, NULL, NULL, 'FALSE'),
	(1040, NULL, 1, NULL, NULL, 'RITA (WEB)', NULL, NULL, NULL, '1976-10-27', 37, '', '', 'BELUM', 0, NULL, NULL, NULL, 'FALSE'),
	(1041, NULL, 1, NULL, NULL, 'MAMAY MAEMUNAH (WEB)', NULL, NULL, NULL, '1982-08-01', 31, '', '', 'BELUM', 0, NULL, NULL, NULL, 'FALSE'),
	(1042, NULL, 2, NULL, NULL, 'EKA RAHMAT DZULFIKRI (WEB)', NULL, NULL, NULL, '1985-07-26', 28, '', '', 'BELUM', 0, NULL, NULL, NULL, 'FALSE'),
	(1043, NULL, 2, NULL, NULL, 'DRS BOWO WALUYO B (WEB)', NULL, NULL, NULL, '1951-05-04', 62, '', '', 'BELUM', 0, NULL, NULL, NULL, 'FALSE'),
	(1044, NULL, 2, NULL, NULL, 'YENNI (WEB)', NULL, NULL, NULL, '1981-07-08', 32, '', '', 'BELUM', 0, NULL, NULL, NULL, 'FALSE'),
	(1045, NULL, 2, NULL, NULL, 'DYAH RETNO YULIA ARYANI (WEB)', NULL, NULL, NULL, NULL, NULL, '', '', 'BELUM', 0, NULL, NULL, NULL, 'FALSE'),
	(1046, NULL, 2, NULL, NULL, 'DARYANA BIN UJU JUNAEDI (WEB)', NULL, NULL, NULL, NULL, NULL, '', '', 'BELUM', 0, NULL, NULL, NULL, 'FALSE'),
	(1047, NULL, 3, NULL, NULL, 'RULLY HARVIN (WEB)', NULL, NULL, NULL, NULL, NULL, '', '', 'BELUM', 0, NULL, NULL, NULL, 'FALSE'),
	(1048, NULL, 3, NULL, NULL, 'RIANA AGUSTIAN (WEB)', NULL, NULL, NULL, NULL, NULL, '', '', 'BELUM', 0, NULL, NULL, NULL, 'FALSE'),
	(1049, NULL, 2, NULL, NULL, 'AYEP IWAN SURYAWAN (WEB)', NULL, NULL, NULL, NULL, NULL, '', '', 'BELUM', 0, NULL, NULL, NULL, 'FALSE'),
	(1050, NULL, 2, NULL, NULL, 'DR WILDAN YUSUF (WEB)', NULL, NULL, NULL, NULL, NULL, '', '', 'BELUM', 0, NULL, NULL, NULL, 'FALSE'),
	(1051, NULL, 2, NULL, NULL, 'TEDI GUNANDI (WEB)', NULL, NULL, NULL, NULL, NULL, '', '', 'BELUM', 0, NULL, NULL, NULL, 'FALSE'),
	(1052, NULL, 3, NULL, NULL, 'TEDI GUNANDI 2 (WEB)', NULL, NULL, NULL, NULL, NULL, '', '', 'BELUM', 0, NULL, NULL, NULL, 'FALSE'),
	(1053, NULL, 3, NULL, NULL, 'TEDI GUNANDI 3 (WEB)', NULL, NULL, NULL, NULL, NULL, '', '', 'BELUM', 0, NULL, NULL, NULL, 'FALSE'),
	(1054, NULL, 2, NULL, NULL, 'MAMAY MAEMUNAH (WEB)', NULL, NULL, NULL, NULL, NULL, '', '', 'BELUM', 0, NULL, NULL, NULL, 'FALSE'),
	(1055, NULL, 2, NULL, NULL, 'DIAH RODIAH (WEB)', NULL, NULL, NULL, NULL, NULL, '', '', 'BELUM', 0, NULL, NULL, NULL, 'FALSE'),
	(1056, NULL, 1, NULL, NULL, 'ASEP MASKUR (WEB)', NULL, NULL, NULL, NULL, NULL, '', '', 'BELUM', 0, NULL, NULL, NULL, 'FALSE'),
	(1057, NULL, 2, NULL, NULL, 'ASEP MASKUR 2 (WEB)', NULL, NULL, NULL, NULL, NULL, '', '', 'BELUM', 0, NULL, NULL, NULL, 'FALSE'),
	(1058, NULL, 1, NULL, NULL, 'RITA (WEB)', NULL, NULL, NULL, NULL, NULL, '', '', 'BELUM', 0, NULL, NULL, NULL, 'FALSE'),
	(1059, NULL, 2, NULL, NULL, 'EKA RAHMAT DZULFIKRI (WEB)', NULL, NULL, NULL, NULL, NULL, '', '', 'BELUM', 0, NULL, NULL, NULL, 'FALSE'),
	(1060, NULL, 1, NULL, NULL, 'DRS BOWO WALUYO B (WEB)', NULL, NULL, NULL, NULL, NULL, '', '', 'BELUM', 0, NULL, NULL, NULL, 'FALSE'),
	(1061, NULL, 1, NULL, NULL, 'YENNI (WEB)', NULL, NULL, NULL, NULL, NULL, '', '', 'BELUM', 0, NULL, NULL, NULL, 'FALSE'),
	(1063, NULL, 1, NULL, NULL, 'ATIH PUJIAWATI', NULL, NULL, 'SERANG', '1983-10-04', 30, '', 'KP.CILEGET RT/RW 002/002 DS/KEL.NYOMPOK KEC.KOPO K', 'BELUM', 0, NULL, NULL, NULL, 'FALSE'),
	(1064, NULL, 1, NULL, NULL, 'TATANG', NULL, NULL, 'SERANG', '1979-05-23', 34, '', 'KP.PASIR HARENDONG 009/003 JAWILAN SERANG\r', 'BELUM', 0, NULL, NULL, NULL, 'FALSE'),
	(1065, NULL, 1, NULL, NULL, 'BAMBANG HARIYO SUBROTO', NULL, NULL, 'KEDIRI', '1972-11-05', 41, '', 'CIKANDE PERMAI M.5/19 002/007 SITU TERATE CIKANDE ', 'BELUM', 0, NULL, NULL, NULL, 'FALSE'),
	(1066, NULL, 1, NULL, NULL, 'NURHAYATI', NULL, NULL, 'SERANG', '1969-10-05', 44, '', 'LINK.KESUREN 001/023 SUMUR PECUNG SERANG\r', 'BELUM', 0, NULL, NULL, NULL, 'FALSE'),
	(1067, NULL, 2, NULL, NULL, 'IZIT DEANI PERNANDI', NULL, NULL, 'serang', '1984-09-23', 29, '', 'KP.PENGULAH 005/003 KEPUREN WALANTAKA SERANG\r', 'BELUM', 0, NULL, NULL, NULL, 'FALSE'),
	(1068, NULL, 2, NULL, NULL, 'SUGRI', NULL, NULL, 'SERANG', '1985-05-10', 28, '', 'KP.BAKUNG TURUS 006/003 KAMURANG SERANG\r', 'BELUM', 0, NULL, NULL, NULL, 'FALSE'),
	(1069, NULL, 2, NULL, NULL, 'HENDRAYANI', NULL, NULL, 'JAKARTA', '1969-12-11', 44, '', 'CIKANDE PERMAI B.4/25 009/005 SITU TERATE CIKANDE ', 'BELUM', 0, NULL, NULL, NULL, 'FALSE'),
	(1070, NULL, 2, NULL, NULL, 'DEDE MUSA FIRMANSYAH', NULL, NULL, 'TASIKMALAYA', '1978-06-01', 35, '', 'KOMP.LEBAK TIRTA 001/004 CIPOCOK JAYA SERANG\r', 'BELUM', 0, NULL, NULL, NULL, 'FALSE'),
	(1071, NULL, 2, NULL, NULL, 'SUGITO', NULL, NULL, 'MAGELANG', '1976-01-22', 38, '', 'TCP BLOK. J.2 NO.32 002/004 PELAWAD CIRUAS SERANG\r', 'BELUM', 0, NULL, NULL, NULL, 'FALSE'),
	(1072, NULL, 3, NULL, NULL, 'JENAB HJ', NULL, NULL, 'SERANG', '1967-03-12', 47, '', 'KP.TAMBAK PASIR 002/001 TAMBAK KIBIN SERANG\r', 'BELUM', 0, NULL, NULL, NULL, 'FALSE'),
	(1073, NULL, 3, NULL, NULL, 'HUSEN', NULL, NULL, 'SERANG', '1967-08-10', 46, '', 'KP.BOJONG NANGKA 021/005 PADASUKA PETIR SERANG\r', 'BELUM', 0, NULL, NULL, NULL, 'FALSE'),
	(1074, NULL, 2, NULL, NULL, 'JAMRI', NULL, NULL, 'PADANG', '1972-05-02', 41, '', 'BUMI AGUNG PERMAI BLOK.H6 NO.9 005/011 UNYUR SERAN', 'BELUM', 0, NULL, NULL, NULL, 'FALSE'),
	(1075, NULL, 2, NULL, NULL, 'IKHWANUL MUSLIMIN', NULL, NULL, 'SERANG', '1980-03-31', 34, '', 'KOMP.KIDEMANG BLOK.E3 NO.5 002/010 UNYUR SERANG\r', 'BELUM', 0, NULL, NULL, NULL, 'FALSE'),
	(1076, NULL, 2, NULL, NULL, 'INAH', NULL, NULL, 'LEBAK', '1973-01-24', 41, '', 'KP. TAMBAKBAYA RT/RW. 10/03 DS/KEL.TAMBAKBAYA KEC.', 'BELUM', 0, NULL, NULL, NULL, 'FALSE'),
	(1077, NULL, 3, NULL, NULL, 'ENOK UMAYAH', NULL, NULL, NULL, '1965-07-02', 47, '', '\r', 'BELUM', 0, NULL, NULL, NULL, 'FALSE'),
	(1078, NULL, 3, NULL, NULL, 'MOHAMAD ROMLI', NULL, NULL, NULL, '1973-01-04', 40, '', '\r', 'BELUM', 0, NULL, NULL, NULL, 'FALSE'),
	(1079, NULL, 2, NULL, NULL, 'MAIL', NULL, NULL, NULL, '1971-07-08', 41, '', '\r', 'BELUM', 0, NULL, NULL, NULL, 'FALSE'),
	(1080, NULL, 2, NULL, NULL, 'ODIH B SUBARI', NULL, NULL, NULL, '1979-12-17', 33, '', '\r', 'BELUM', 0, NULL, NULL, NULL, 'FALSE'),
	(1081, NULL, 1, NULL, NULL, 'INDRA', NULL, NULL, NULL, '1973-07-03', 39, '', '\r', 'BELUM', 0, NULL, NULL, NULL, 'FALSE'),
	(1082, NULL, 2, NULL, NULL, 'HAERUDIN', NULL, NULL, NULL, '1972-06-18', 40, '', '\r', 'BELUM', 0, NULL, NULL, NULL, 'FALSE'),
	(1083, NULL, 1, NULL, NULL, 'MOH SOLEH', NULL, NULL, NULL, '1982-09-11', 30, '', '\r', 'BELUM', 0, NULL, NULL, NULL, 'FALSE'),
	(1084, NULL, 2, NULL, NULL, 'EMBAY SUPARTINI', NULL, NULL, NULL, '1984-09-23', 28, '', '\r', 'BELUM', 0, NULL, NULL, NULL, 'FALSE'),
	(1085, NULL, 1, NULL, NULL, 'OMAN', NULL, NULL, NULL, '1968-11-01', 44, '', '\r', 'BELUM', 0, NULL, NULL, NULL, 'FALSE'),
	(1086, NULL, 3, NULL, NULL, 'ASEP DARNATA', NULL, NULL, NULL, '1977-08-18', 35, '', '\r', 'BELUM', 0, NULL, NULL, NULL, 'FALSE'),
	(1087, NULL, 2, NULL, NULL, 'ELAS SULASMINI', NULL, NULL, NULL, '1976-02-20', 37, '', '\r', 'BELUM', 0, NULL, NULL, NULL, 'FALSE'),
	(1088, NULL, 1, NULL, NULL, 'TJOA TJIE HOK', NULL, NULL, NULL, '1957-02-10', 56, '', '\r', 'BELUM', 0, NULL, NULL, NULL, 'FALSE'),
	(1089, NULL, 3, NULL, NULL, 'NURSIA', NULL, NULL, NULL, '1956-05-05', 56, '', '\r', 'BELUM', 0, NULL, NULL, NULL, 'FALSE'),
	(1090, NULL, 2, NULL, NULL, 'SUHERMAN', NULL, NULL, NULL, '1987-05-09', 25, '', '\r', 'BELUM', 0, NULL, NULL, NULL, 'FALSE'),
	(1091, NULL, 3, NULL, NULL, 'RAIFAL HUNAEFI', NULL, NULL, NULL, '1984-05-07', 28, '', '\r', 'BELUM', 0, NULL, NULL, NULL, 'FALSE'),
	(1092, NULL, 1, NULL, NULL, 'LIRA SABRINA', NULL, NULL, NULL, '1987-07-21', 25, '', '\r', 'BELUM', 0, NULL, NULL, NULL, 'FALSE'),
	(1093, NULL, 3, NULL, NULL, 'KUSNADI', NULL, NULL, NULL, '1964-02-29', 49, '', '\r', 'BELUM', 0, NULL, NULL, NULL, 'FALSE'),
	(1094, NULL, 2, NULL, NULL, 'DUDI', NULL, NULL, NULL, '1968-10-15', 44, '', '\r', 'BELUM', 0, NULL, NULL, NULL, 'FALSE'),
	(1095, NULL, 3, NULL, NULL, 'ENAH', NULL, NULL, NULL, '1964-07-12', 49, '', '\r', 'BELUM', 0, NULL, NULL, NULL, 'FALSE'),
	(1096, NULL, 2, NULL, NULL, 'SUNENGSIH', NULL, NULL, NULL, '1976-02-05', 38, '', '\r', 'BELUM', 0, NULL, NULL, NULL, 'FALSE'),
	(1097, NULL, 2, NULL, NULL, 'HAPID B KARNA', NULL, NULL, 'PANDEGLANG', '1978-10-05', 35, '', '\r', 'BELUM', 0, NULL, NULL, NULL, 'FALSE'),
	(1098, NULL, 3, NULL, NULL, 'H. RAWA', NULL, NULL, 'PANDEGLANG', '1969-06-24', 44, '', '\r', 'BELUM', 0, NULL, NULL, NULL, 'FALSE'),
	(1099, NULL, 1, NULL, NULL, 'ENI', NULL, NULL, 'PANDEGLANG', '1984-03-18', 30, '', '\r', 'BELUM', 0, NULL, NULL, NULL, 'FALSE'),
	(1100, NULL, 3, NULL, NULL, 'TAUFIK HIDAYAT B SALEH', NULL, NULL, 'PANDEGLANG', '1970-10-06', 43, '', '\r', 'BELUM', 0, NULL, NULL, NULL, 'FALSE'),
	(1101, NULL, 2, NULL, NULL, 'ADE RUKMINI', NULL, NULL, 'PANDEGLANG', '1983-07-28', 30, '', '\r', 'BELUM', 0, NULL, NULL, NULL, 'FALSE'),
	(1102, NULL, 1, NULL, NULL, 'ROJALI', NULL, NULL, NULL, '1972-03-12', 42, '', '\r', 'BELUM', 0, NULL, NULL, NULL, 'FALSE'),
	(1103, NULL, 2, NULL, NULL, 'SANAWI', NULL, NULL, 'PANDEGLANG', '1967-05-05', 46, '', '\r', 'BELUM', 0, NULL, NULL, NULL, 'FALSE'),
	(1104, NULL, 3, NULL, NULL, 'SITI MASITOH', NULL, NULL, 'PANDEGLANG', '1961-04-15', 53, '', '\r', 'BELUM', 0, NULL, NULL, NULL, 'FALSE'),
	(1105, NULL, 1, NULL, NULL, 'RENI NOFIAWATI', NULL, NULL, 'BANDUNG', '1988-11-07', 25, '', '\r', 'BELUM', 0, NULL, NULL, NULL, 'FALSE'),
	(1106, NULL, 2, NULL, NULL, 'WARTANI', NULL, NULL, 'PANDEGLANG', '1983-04-06', 31, '', '\r', 'BELUM', 0, NULL, NULL, NULL, 'FALSE'),
	(1107, NULL, 3, NULL, NULL, 'ISLI', NULL, NULL, 'PANDEGLANG', '1984-05-15', 29, '', '\r', 'BELUM', 0, NULL, NULL, NULL, 'FALSE'),
	(1108, NULL, 3, NULL, NULL, 'ENA SUHARNA', NULL, NULL, 'PANDEGLANG', '1980-02-12', 34, '', '\r', 'BELUM', 0, NULL, NULL, NULL, 'FALSE'),
	(1109, NULL, 1, NULL, NULL, 'YONAN', NULL, NULL, 'PANDEGLANG', '1971-03-05', 43, '', '\r', 'BELUM', 0, NULL, NULL, NULL, 'FALSE'),
	(1110, NULL, 3, NULL, NULL, 'BABAY B SARMAN', NULL, NULL, NULL, '1966-05-05', 47, '', 'LINK IPIK RT.004 RW.001 KEL.GELAM KEC.CIPOCOK JAYA', 'BELUM', 0, NULL, NULL, NULL, 'FALSE'),
	(1111, NULL, 2, NULL, NULL, 'LENA ERAWATI', NULL, NULL, NULL, '1980-08-28', 33, '', 'KP.CIPACUNG RT.06 RW.03 DESA SIDAMUKTI KEC.BAROS K', 'BELUM', 0, NULL, NULL, NULL, 'FALSE'),
	(1112, NULL, 1, NULL, NULL, 'SUMINI', NULL, NULL, NULL, '1970-10-04', 43, '', 'KP.KEMERANGGEN RT.021 RW.007 KEL.TAMAN BARU KEC.TA', 'BELUM', 0, NULL, NULL, NULL, 'FALSE'),
	(1113, NULL, 1, NULL, NULL, 'M TOBRI', NULL, NULL, NULL, '1973-02-01', 41, '', 'RAU TIMUR RT.02 RW.10 KEL.CIMUNCANG KEC.SERANG KOT', 'BELUM', 0, NULL, NULL, NULL, 'FALSE'),
	(1114, NULL, 1, NULL, NULL, 'SUPRAPTO', NULL, NULL, NULL, '1970-01-12', 44, '', '"KP', 'BELUM', 0, NULL, NULL, NULL, 'FALSE'),
	(1115, NULL, 1, NULL, NULL, 'SARKANI', NULL, NULL, NULL, '1978-05-18', 35, '', 'KP.SAI AWE RT.012 RW.003 KEL.MEKARSARI KEC.CARENAN', 'BELUM', 0, NULL, NULL, NULL, 'FALSE'),
	(1116, NULL, 1, NULL, NULL, 'SUBHI', NULL, NULL, NULL, '1968-07-23', 45, '', 'KP.MAGELARAN RT.002 RW.005 KEL.KASEMEN KEC.SERANG ', 'BELUM', 0, NULL, NULL, NULL, 'FALSE'),
	(1117, NULL, 2, NULL, NULL, 'ARYANA', NULL, NULL, NULL, '1977-08-01', 36, '', 'KP.SIPANJANG RT.007 RW.003 KEL.TENJO AYU KEC.TANAR', 'BELUM', 0, NULL, NULL, NULL, 'FALSE'),
	(1118, NULL, 2, NULL, NULL, 'ALI ARIFIN', NULL, NULL, NULL, '1987-05-02', 26, '', 'LINK.KALIWADAS RT.001 RW.006 KEL.LOPANG KEC.SERANG', 'BELUM', 0, NULL, NULL, NULL, 'FALSE'),
	(1119, NULL, 2, NULL, NULL, 'FARUK', NULL, NULL, NULL, '1968-12-13', 45, '', 'KP.JEMBULAN RT.002 RW.001 DESA GOSARA KEC.CIRUAS K', 'BELUM', 0, NULL, NULL, NULL, 'FALSE'),
	(1120, NULL, 2, NULL, NULL, 'ANTARINI', NULL, NULL, NULL, '1970-08-06', 43, '', 'LINK.MAYABON RT.006 RW.003 DESA BANJARSARI KEC.CIP', 'BELUM', 0, NULL, NULL, NULL, 'FALSE'),
	(1121, NULL, 2, NULL, NULL, 'JIYAM B MADLAMI', NULL, NULL, NULL, '1973-01-21', 41, '', 'KP.BATU GEDE RT.001 RW.003 KEL.SAYAR KEC.TAKTAKAN ', 'BELUM', 0, NULL, NULL, NULL, 'FALSE'),
	(1122, NULL, 3, NULL, NULL, 'JOHADI', NULL, NULL, NULL, '1968-07-19', 45, '', 'KP.PASULUHAN RT.006 RW.002 KEL.PASULUHAN KEC.WALAN', 'BELUM', 0, NULL, NULL, NULL, 'FALSE'),
	(1123, NULL, 3, NULL, NULL, 'ERNA NENTI', NULL, NULL, NULL, '1971-08-10', 42, '', 'LINK.KALIWADAS RT.001 RW.006 KEL.LOPANG KEC.SERANG', 'BELUM', 0, NULL, NULL, NULL, 'FALSE'),
	(1124, NULL, 2, NULL, NULL, 'HAZIZI', NULL, NULL, NULL, '1973-03-18', 41, '', 'KP.KEPAKSAN RT.004 RW.002 KEL.KESERANGAN KEC.PONTA', 'BELUM', 0, NULL, NULL, NULL, 'FALSE'),
	(1125, NULL, 2, NULL, NULL, 'ROHAYATI', NULL, NULL, NULL, '1975-01-01', 39, '', 'LINK.NANGKA BUGANG RT.03 RW.02 KEL.PASULUHAN KEC.W', 'BELUM', 0, NULL, NULL, NULL, 'FALSE'),
	(1126, NULL, 2, NULL, NULL, 'ANAS NASRULLOH', NULL, NULL, NULL, '1977-07-27', 36, '', 'JL.PINTU AIR / 22 RT004 RW002 KEL.KARANG TENGAH KE', 'BELUM', 0, NULL, NULL, NULL, 'FALSE'),
	(1127, NULL, 3, NULL, NULL, 'RUDI HARYADI', NULL, NULL, NULL, '1987-11-10', 26, '', 'SUDIMARA PINANG RT001 RW003 KEL.SUDIMARA PINANG KE', 'BELUM', 0, NULL, NULL, NULL, 'FALSE'),
	(1129, NULL, 2, NULL, NULL, 'DODI HUPSIN', NULL, NULL, NULL, '1985-01-25', 29, '', 'DUSUN CIGAGAK WETAN RT002 RW001 KEL.CIPANDANWANGI ', 'BELUM', 0, NULL, NULL, NULL, 'FALSE'),
	(1130, NULL, 1, NULL, NULL, 'SUPONO', NULL, NULL, NULL, '1974-07-17', 39, '', 'JL.KH.MAS\'UD RT016 RW09 KEL.KEBAYORAN LAMA UTARA K', 'BELUM', 0, NULL, NULL, NULL, 'FALSE'),
	(1131, NULL, 2, NULL, NULL, 'IRSYAD', NULL, NULL, NULL, '1967-06-06', 46, '', 'JL.H.JENAN / 29 RT037 RW013 KEL.KARANG TENGAH KEC.', 'BELUM', 0, NULL, NULL, NULL, 'FALSE'),
	(1132, NULL, 1, NULL, NULL, 'IFRAN', NULL, NULL, NULL, '1982-06-30', 31, '', 'MERUYA SELATAN RT007 RW002 KEL.MERUYA SELATAN KEC.', 'BELUM', 0, NULL, NULL, NULL, 'FALSE'),
	(1133, NULL, 2, NULL, NULL, 'PATRIA', NULL, NULL, NULL, '1963-07-22', 50, '', 'MERUYA SELATAN RT007 RW002 KEL.MERUYA SELATAN KEC.', 'BELUM', 0, NULL, NULL, NULL, 'FALSE'),
	(1134, NULL, 1, NULL, NULL, 'IWAN SETIAWAN', NULL, NULL, NULL, '1976-12-07', 37, '', 'JL.KARYAWAN I NO.64 RT002 RW003 KEL.KARANG TENGAH ', 'BELUM', 0, NULL, NULL, NULL, 'FALSE'),
	(1135, NULL, 3, NULL, NULL, 'DIAH HADIAWATI', NULL, NULL, 'SERANG', '1970-07-19', 43, '', 'KP SALATUHUR RT.01 RW.01 CIKONENG ANYAR CILEGON\r\n\r', 'BELUM', 0, NULL, NULL, NULL, 'FALSE'),
	(1136, NULL, 2, NULL, NULL, 'DIAH RODIAH (WEB)', NULL, NULL, NULL, '1957-06-15', 56, '', '', 'BELUM', 0, NULL, NULL, NULL, 'FALSE'),
	(1137, NULL, 1, NULL, NULL, 'DIAH RODIAH 2 (WEB)', NULL, NULL, NULL, '1957-06-15', 56, '', '', 'BELUM', 0, NULL, NULL, NULL, 'FALSE'),
	(1138, NULL, 3, NULL, NULL, 'SAIN', NULL, NULL, 'SERANG', '1984-11-12', 28, '', 'JL CIKERAI KP KAROTEK RT.03 RW.02 KALTIMBANG CILEG', 'BELUM', 0, NULL, NULL, NULL, 'FALSE'),
	(1139, NULL, 2, NULL, NULL, 'IDA WIDIANINGSIH (WEB)', NULL, NULL, NULL, '1976-09-10', 37, '', '', 'BELUM', 0, NULL, NULL, NULL, 'FALSE'),
	(1140, NULL, 3, NULL, NULL, 'DAYDY KOMAR', NULL, NULL, 'PADANG PANJANG', '1972-06-06', 41, '', 'LINK CIBEBER TIMUR RT.01 RW.01 KEL.CIBEBER CILEGON', 'BELUM', 0, NULL, NULL, NULL, 'FALSE'),
	(1141, NULL, 1, NULL, NULL, 'IDA WIDIANINGSIH (WEB)', NULL, NULL, NULL, NULL, NULL, '', '', 'BELUM', 0, NULL, NULL, NULL, 'FALSE'),
	(1142, NULL, 3, NULL, NULL, 'DEDE NURDIN (WEB)', NULL, NULL, NULL, '1969-11-25', 44, '', '', 'BELUM', 0, NULL, NULL, NULL, 'FALSE'),
	(1143, NULL, 2, NULL, NULL, 'DEDE NURDIN (WEB)', NULL, NULL, NULL, NULL, NULL, '', '', 'BELUM', 0, NULL, NULL, NULL, 'FALSE'),
	(1144, NULL, 3, NULL, NULL, 'NURAENI', NULL, NULL, 'GARUT', '1976-06-25', 37, '', 'LINK TEGAL TONG RT.011 RW.003 KEBONSARI CILEGON\r\n\r', 'BELUM', 0, NULL, NULL, NULL, 'FALSE'),
	(1145, NULL, 2, NULL, NULL, 'MUHYIDIN', NULL, NULL, 'CILEGON', '1975-10-05', 37, '', '\r\nLINK JERANG BARAT RT.04 RW.01 KARANGASEM CILEGON', 'BELUM', 0, NULL, NULL, NULL, 'FALSE'),
	(1146, NULL, 2, NULL, NULL, 'SITI IMAS KOMALASARI', NULL, NULL, 'CILEGON', '1980-10-27', 32, '', 'LINK. KUBANG SEPAT INPRES RT.02/10 CITANGKIL CILEG', 'BELUM', 0, NULL, NULL, NULL, 'FALSE'),
	(1155, NULL, 3, NULL, NULL, 'ROIHATUZZAHROH', NULL, NULL, 'JAKARTA', '1979-02-09', 34, '', 'LINK PEGANTUNGAN BARU RT 05/14 JOMBANG WETAN JOMBA', 'BELUM', 0, NULL, NULL, NULL, 'FALSE'),
	(1156, NULL, 2, NULL, NULL, 'JUBEDI', NULL, NULL, 'SERANG', '1959-02-04', 54, '', 'LINK TEMU PUTIH RT 004/002 CIWADUK CILEGON\r\n', 'BELUM', 0, NULL, NULL, NULL, 'FALSE'),
	(1157, NULL, 2, NULL, NULL, 'FATWA', NULL, NULL, 'SERANG', '1986-01-15', 27, '', 'LINK WERI RT 02/01 KEBONSARI CITANGKIL CILEGON\r\n', 'BELUM', 0, NULL, NULL, NULL, 'FALSE'),
	(1158, NULL, 3, NULL, NULL, 'SAHURI', NULL, NULL, 'SERANG', '1969-09-03', 44, '', 'LINK CIBERKO CIBEBER CILEGON\r\n', 'BELUM', 0, NULL, NULL, NULL, 'FALSE'),
	(1159, NULL, 1, NULL, NULL, 'ABDUL WAHID', NULL, NULL, 'LAMPUNG', '1975-11-12', 37, '', 'KOMP TWI CWA 14 NO. 02 RT 004/005 WARNASARI CITANG', 'BELUM', 0, NULL, NULL, NULL, 'FALSE'),
	(1160, NULL, 3, NULL, NULL, 'ABDUL MANSUR', NULL, NULL, 'SERANG', '1973-05-10', 40, '', 'LINK PANAKODAN RT 09/04 CIKERAI CIBEBER CILEGON\r\n', 'BELUM', 0, NULL, NULL, NULL, 'FALSE'),
	(1161, NULL, 1, NULL, NULL, 'NIKMAH WULANDARI', NULL, NULL, 'LAMONGAN', '1977-06-19', 36, '', 'LINK KRANGGOT RT 08 / 04 SUKMAJAYA JOMBANG CILEGON', 'BELUM', 0, NULL, NULL, NULL, 'FALSE'),
	(1162, NULL, 2, NULL, NULL, 'AHMAD NAFISI', NULL, NULL, 'CILEGON', '1970-06-02', 43, '', 'LINK KADIPATEN RT 004/ 002 CIBEBER CILEGON\r\n', 'BELUM', 0, NULL, NULL, NULL, 'FALSE'),
	(1163, NULL, 3, NULL, NULL, 'HATIB', NULL, NULL, 'SERANG', '1970-03-02', 43, '', 'LINK SAMBIRANGGON RT 01/05 KARANG ASEM CIBEBER CIL', 'BELUM', 0, NULL, NULL, NULL, 'FALSE'),
	(1164, NULL, 3, NULL, NULL, 'HAFIDZ', NULL, NULL, 'SERANG', '1956-08-05', 57, '', 'KP TENGKURAK RT 006/002 WARNAKARTA BOJONEGARA KAB ', 'BELUM', 0, NULL, NULL, NULL, 'FALSE'),
	(1165, NULL, 1, NULL, NULL, 'GONO SUPARNO M', NULL, NULL, 'KEBUMEN', '1951-09-08', 62, '', 'LINK BAROKAH RT 04/13 KEL JOMBANG WETAN KEC JOMBAN', 'BELUM', 0, NULL, NULL, NULL, 'FALSE'),
	(1166, NULL, 3, NULL, NULL, 'LENI KARLINA', NULL, NULL, 'CILEGON', '1973-01-24', 40, '', 'KOMP DAMKAR BLOK F3 NO.09 RT.01/06 KOTABUMI PURWAK', 'BELUM', 0, NULL, NULL, NULL, 'FALSE'),
	(1167, NULL, 2, NULL, NULL, 'APKIN', NULL, NULL, 'SERANG', '1976-01-04', 37, '', 'KP KEPUH II RT 01/03 ANYAR ANYAR CILEGON\r\n', 'BELUM', 0, NULL, NULL, NULL, 'FALSE'),
	(1168, '3306124403910302', 1, NULL, NULL, 'FAJRIYANTO', NULL, NULL, 'JAKARTA', '1984-02-29', 29, '', 'LINK PABUARAN RT 07/03 TAMAN BARU CITANGKIL CILEGO', 'BELUM', 0, NULL, NULL, NULL, 'FALSE'),
	(1169, NULL, 1, NULL, NULL, 'LINDA SUSILAWATI', NULL, NULL, 'CILEGON', '1973-09-15', 40, '', 'PCI BLOK D72 NO 22 RT 05/05 CIBEBER CILEGON\r\n', 'BELUM', 0, NULL, NULL, NULL, 'FALSE'),
	(1170, NULL, 1, NULL, NULL, 'HASBULLAH', NULL, NULL, 'SERANG', '1966-02-12', 1, '', 'LINK KELELET RT 13/03 WARNASARI CITANGKIL CILEGON\r', 'BELUM', 0, NULL, NULL, NULL, 'FALSE'),
	(1171, NULL, 1, NULL, NULL, 'NENENG ARYANAH', NULL, NULL, 'SERANG', '1984-10-16', 28, '', 'KP CIBANGBARA CIOMAS SERANG\r\n', 'BELUM', 0, NULL, NULL, NULL, 'FALSE'),
	(1172, NULL, 1, NULL, NULL, 'ROHAYATI', NULL, NULL, 'SERANG', '1981-11-20', 31, '', 'KP KADONG RT 010/001 LAMBANGSARI BOJONEGARA KAB SE', 'BELUM', 0, NULL, NULL, NULL, 'FALSE'),
	(1173, NULL, 2, NULL, NULL, 'BAYINAH', NULL, NULL, 'SERANG', '1983-06-25', 30, '', 'LINK KETILENG BARAT RT 014/002 KETILENG CILEGON\r\n', 'BELUM', 0, NULL, NULL, NULL, 'FALSE'),
	(1174, NULL, 2, NULL, NULL, 'SUBROMELISI', NULL, NULL, 'SERANG', '1976-08-10', 37, '', 'LINK PASAR BUNDER RT 004/002 TEGAL BUNDER PURWAKAR', 'BELUM', 0, NULL, NULL, NULL, 'FALSE'),
	(1175, NULL, 2, NULL, NULL, 'JUHRI', NULL, NULL, 'SERANG', '1963-02-01', 50, '', 'LINK CIKERUT RT 004/004 KARANG ASEM CIBEBER CILEGO', 'BELUM', 0, NULL, NULL, NULL, 'FALSE'),
	(1176, NULL, 2, NULL, NULL, 'RASNITI', NULL, NULL, 'PANDEGLANG', '1958-08-08', 55, '87772013824', 'KP CANGKARA RT 002 RW 001 DS SUKAJADI KEC CARITA\n', 'BELUM', 0, NULL, NULL, NULL, 'FALSE'),
	(1177, NULL, 2, NULL, NULL, 'PONIKEM', NULL, NULL, 'SERANG', '1975-05-25', 38, '', 'KP CINAGREG INDAH DS KARANG KEPUH KEC. BOJONEGARA ', 'BELUM', 0, NULL, NULL, NULL, 'FALSE'),
	(1178, NULL, 3, NULL, NULL, 'MUNJIAH', NULL, NULL, 'SERANG', '1990-09-05', 23, '', 'LINK PEGANTUNGAN RT 006/007 DS JOMBANG WETAN KEC J', 'BELUM', 0, NULL, NULL, NULL, 'FALSE'),
	(1182, NULL, 3, NULL, NULL, 'ERNA ROSLIANA (WEB)', NULL, NULL, NULL, '1979-03-25', 35, '', '', 'BELUM', 0, NULL, NULL, NULL, 'FALSE'),
	(1183, NULL, 2, NULL, NULL, 'SULISTIYO YUWONO', NULL, NULL, NULL, '1976-02-12', 37, '', '', 'BELUM', 0, NULL, NULL, NULL, 'FALSE'),
	(1184, NULL, 2, NULL, NULL, 'BAGUS BUDI HARTONO', NULL, NULL, NULL, '1978-03-10', 35, '', '', 'BELUM', 0, NULL, NULL, NULL, 'FALSE'),
	(1185, NULL, 2, NULL, NULL, 'KH.HASAN NURI HIDAYATULLAH', NULL, NULL, NULL, '1978-02-25', 36, '', '', 'BELUM', 0, NULL, NULL, NULL, 'FALSE'),
	(1186, NULL, 3, NULL, NULL, 'KAMTO', NULL, NULL, NULL, '1983-06-05', 30, '', '', 'BELUM', 0, NULL, NULL, NULL, 'FALSE'),
	(1187, NULL, 3, NULL, NULL, 'IWAN SUHERLAN', NULL, NULL, NULL, NULL, NULL, '', '', 'BELUM', 0, NULL, NULL, NULL, 'FALSE'),
	(1188, NULL, 2, NULL, NULL, 'IWAN SUHERLAN', NULL, NULL, NULL, '1969-05-18', 44, '', '', 'BELUM', 0, NULL, NULL, NULL, 'FALSE'),
	(1189, NULL, 2, NULL, NULL, 'SUTARNO', NULL, NULL, NULL, '1971-01-15', 43, '', '', 'BELUM', 0, NULL, NULL, NULL, 'FALSE'),
	(1190, NULL, 1, NULL, NULL, 'RAJA REZI ERLIANA', NULL, NULL, NULL, '1975-11-28', 38, '', '', 'BELUM', 0, NULL, NULL, NULL, 'FALSE'),
	(1191, NULL, 2, NULL, NULL, 'POPPY ARIMAMIE', NULL, NULL, NULL, NULL, NULL, '', '', 'BELUM', 0, NULL, NULL, NULL, 'FALSE'),
	(1192, NULL, 1, NULL, NULL, 'POPPY ARIMAMIE', NULL, NULL, NULL, '1957-07-17', 56, '', '', 'BELUM', 0, NULL, NULL, NULL, 'FALSE'),
	(1193, NULL, 2, NULL, NULL, 'H.ENDANG SUHENDANG', NULL, NULL, NULL, NULL, NULL, '', '', 'BELUM', 0, NULL, NULL, NULL, 'FALSE'),
	(1194, NULL, 1, NULL, NULL, 'H.ENDANG SUHENDANG', NULL, NULL, NULL, '1973-07-25', 40, '', '', 'BELUM', 0, NULL, NULL, NULL, 'FALSE'),
	(1195, NULL, 3, NULL, NULL, 'SJAFRIZAL', NULL, NULL, NULL, NULL, NULL, '', '', 'BELUM', 0, NULL, NULL, NULL, 'FALSE'),
	(1196, NULL, 2, NULL, NULL, 'SJAFRIZAL', NULL, NULL, NULL, '1968-09-23', 45, '', '', 'BELUM', 0, NULL, NULL, NULL, 'FALSE'),
	(1197, NULL, 1, NULL, NULL, 'SANDY IRAWAN', NULL, NULL, NULL, NULL, NULL, '', '', 'BELUM', 0, NULL, NULL, NULL, 'FALSE'),
	(1198, NULL, 3, NULL, NULL, 'SANDI IRAWAN', NULL, NULL, NULL, '1980-09-18', 33, '', '', 'BELUM', 0, NULL, NULL, NULL, 'FALSE'),
	(1199, NULL, 2, NULL, NULL, 'SANTINI', NULL, NULL, NULL, '1972-08-31', 41, '', '', 'BELUM', 0, NULL, NULL, NULL, 'FALSE'),
	(1200, NULL, 3, NULL, NULL, 'SANTINI', NULL, NULL, NULL, NULL, NULL, '', '', 'BELUM', 0, NULL, NULL, NULL, 'FALSE'),
	(1201, NULL, 1, NULL, NULL, 'SUNARTO', NULL, NULL, NULL, '1971-09-07', 42, '', '', 'BELUM', 0, NULL, NULL, NULL, 'FALSE'),
	(1202, NULL, 3, NULL, NULL, 'LINA NURLINA', NULL, NULL, NULL, '1989-08-17', 24, '', '', 'BELUM', 0, NULL, NULL, NULL, 'FALSE'),
	(1203, NULL, 2, NULL, NULL, 'LINA NURLINA', NULL, NULL, NULL, NULL, NULL, '', '', 'BELUM', 0, NULL, NULL, NULL, 'FALSE'),
	(1204, NULL, 3, NULL, NULL, 'DEWI KUMALASARI', NULL, NULL, NULL, NULL, NULL, '', '', 'BELUM', 0, NULL, NULL, NULL, 'FALSE'),
	(1205, NULL, 2, NULL, NULL, 'DEWI KUMALASARI', NULL, NULL, NULL, '1976-10-05', 37, '', '', 'BELUM', 0, NULL, NULL, NULL, 'FALSE'),
	(1206, NULL, 2, NULL, NULL, 'ERNA ROSLIANA (WEB)', NULL, NULL, NULL, NULL, NULL, '', '', 'BELUM', 0, NULL, NULL, NULL, 'FALSE'),
	(1207, NULL, 3, NULL, NULL, 'UUD SUHUD', NULL, NULL, NULL, NULL, NULL, '', '', 'BELUM', 0, NULL, NULL, NULL, 'FALSE'),
	(1208, NULL, 3, NULL, NULL, 'UUD SUHUD', NULL, NULL, NULL, '1971-09-14', 42, '', '', 'BELUM', 0, NULL, NULL, NULL, 'FALSE'),
	(1209, NULL, 2, NULL, NULL, 'TRI ROHMADI', NULL, NULL, NULL, NULL, NULL, '', '', 'BELUM', 0, NULL, NULL, NULL, 'FALSE'),
	(1210, NULL, 3, NULL, NULL, 'TRI ROHMADI', NULL, NULL, NULL, '1977-03-09', 37, '', '', 'BELUM', 0, NULL, NULL, NULL, 'FALSE'),
	(1211, NULL, 1, NULL, NULL, 'BAMBANG WISNU WARDOYO', NULL, NULL, NULL, NULL, NULL, '', '', 'BELUM', 0, NULL, NULL, NULL, 'FALSE'),
	(1212, NULL, 3, NULL, NULL, 'BAMBANG WISNU WARDOYO', NULL, NULL, NULL, '1973-06-13', 40, '', '', 'BELUM', 0, NULL, NULL, NULL, 'FALSE'),
	(1213, NULL, 3, NULL, NULL, 'FRANSISCUS XAVERIUS FAJAR WIDIHARJO', NULL, NULL, NULL, NULL, NULL, '', '', 'BELUM', 0, NULL, NULL, NULL, 'FALSE'),
	(1214, NULL, 1, NULL, NULL, 'FRANSISCUS XAVERIUS FAJAR WIDIHARJO', NULL, NULL, NULL, '1979-12-12', 34, '', '', 'BELUM', 0, NULL, NULL, NULL, 'FALSE'),
	(1215, NULL, 3, NULL, NULL, 'RENY AGUS RIANI (2)', NULL, NULL, NULL, NULL, NULL, '', '', 'BELUM', 0, NULL, NULL, NULL, 'FALSE'),
	(1216, NULL, 2, NULL, NULL, 'RENY AGUS RIANI', NULL, NULL, NULL, '1975-08-05', 37, '', '', 'BELUM', 0, NULL, NULL, NULL, 'FALSE'),
	(1217, NULL, 1, NULL, NULL, 'SADELI', NULL, NULL, NULL, NULL, NULL, '', '', 'BELUM', 0, NULL, NULL, NULL, 'FALSE'),
	(1218, NULL, 2, NULL, NULL, 'SADELI', NULL, NULL, NULL, '1965-08-04', 48, '', '', 'BELUM', 0, NULL, NULL, NULL, 'FALSE'),
	(1219, NULL, 3, NULL, NULL, 'AGUS SETIAWAN', NULL, NULL, NULL, NULL, NULL, '', '', 'BELUM', 0, NULL, NULL, NULL, 'FALSE'),
	(1220, NULL, 1, NULL, NULL, 'AGUS SETIAWAN', NULL, NULL, NULL, '1979-09-22', 34, '', '', 'BELUM', 0, NULL, NULL, NULL, 'FALSE'),
	(1221, NULL, 2, NULL, NULL, 'ADE ANDRI KUSTIWA', NULL, NULL, NULL, NULL, NULL, '', '', 'BELUM', 0, NULL, NULL, NULL, 'FALSE'),
	(1222, NULL, 3, NULL, NULL, 'ADE ANDRI KUSTIWA', NULL, NULL, NULL, '1974-11-24', 38, '', '', 'BELUM', 0, NULL, NULL, NULL, 'FALSE'),
	(1223, NULL, 3, NULL, NULL, 'JIMMY SETIAWAN BUNTORO', NULL, NULL, NULL, '1976-05-10', 37, '', '', 'BELUM', 0, NULL, NULL, NULL, 'FALSE'),
	(1224, NULL, 1, NULL, NULL, 'JIMMY SETIAWAN BUNTORO', NULL, NULL, NULL, NULL, NULL, '', '', 'BELUM', 0, NULL, NULL, NULL, 'FALSE'),
	(1225, NULL, 3, NULL, NULL, 'YANTI KUSPIATI', NULL, NULL, NULL, '1977-03-28', 37, '', '', 'BELUM', 0, NULL, NULL, NULL, 'FALSE'),
	(1227, NULL, 1, NULL, NULL, 'FAUJAHTUL ZANNAH', NULL, NULL, NULL, '1984-07-10', 28, '', '', 'BELUM', 0, NULL, NULL, NULL, 'FALSE'),
	(1228, NULL, 1, NULL, NULL, 'FAUJAHTUL ZANNAH', NULL, NULL, NULL, NULL, NULL, '', '', 'BELUM', 0, NULL, NULL, NULL, 'FALSE'),
	(1229, NULL, 1, NULL, NULL, 'TITIK YULIANI', NULL, NULL, NULL, '1969-07-02', 44, '', '', 'BELUM', 0, NULL, NULL, NULL, 'FALSE'),
	(1230, NULL, 1, NULL, NULL, 'TITIK YULIANI', NULL, NULL, NULL, NULL, NULL, '', '', 'BELUM', 0, NULL, NULL, NULL, 'FALSE'),
	(1231, NULL, 1, NULL, NULL, 'UNDANG SUTRIANA', NULL, NULL, NULL, '1962-10-01', 50, '', '', 'BELUM', 0, NULL, NULL, NULL, 'FALSE'),
	(1232, NULL, 2, NULL, NULL, 'UNDANG SUTRISNA', NULL, NULL, NULL, NULL, NULL, '', '', 'BELUM', 0, NULL, NULL, NULL, 'FALSE'),
	(1233, NULL, 2, NULL, NULL, 'TOMY SUSETYO', NULL, NULL, NULL, NULL, NULL, '', '', 'BELUM', 0, NULL, NULL, NULL, 'FALSE'),
	(1234, NULL, 2, NULL, NULL, 'IRWAN NAJIMUDIN BADARAYAWAN', NULL, NULL, NULL, NULL, NULL, '', '', 'BELUM', 0, NULL, NULL, NULL, 'FALSE'),
	(1235, NULL, 2, NULL, NULL, 'DEDEN RACHMAT SYAWALUDIN', NULL, NULL, NULL, '1968-01-12', 46, '', '', 'BELUM', 0, NULL, NULL, NULL, 'FALSE'),
	(1236, NULL, 2, NULL, NULL, 'DEDEN RACHMAT SYAWALUDIN', NULL, NULL, NULL, NULL, NULL, '', '', 'BELUM', 0, NULL, NULL, NULL, 'FALSE'),
	(1237, NULL, 3, NULL, NULL, 'ADE YUYUN JUNAEDI', NULL, NULL, NULL, NULL, NULL, '', '', 'BELUM', 0, NULL, NULL, NULL, 'FALSE'),
	(1238, NULL, 3, NULL, NULL, 'H.MOCH.L ADIPRADJA', NULL, NULL, NULL, NULL, NULL, '', '', 'BELUM', 0, NULL, NULL, NULL, 'FALSE'),
	(1239, NULL, 2, NULL, NULL, 'SANTOSO TEGUH', NULL, NULL, NULL, '1973-03-15', 41, '', '', 'BELUM', 0, NULL, NULL, NULL, 'FALSE'),
	(1240, NULL, 2, NULL, NULL, 'KHODIJAH', NULL, NULL, NULL, '1975-06-11', 38, '', '', 'BELUM', 0, NULL, NULL, NULL, 'FALSE'),
	(1241, NULL, 2, NULL, NULL, 'SANTOSO TEGUH', NULL, NULL, NULL, NULL, NULL, '', '', 'BELUM', 0, NULL, NULL, NULL, 'FALSE'),
	(1242, NULL, 3, NULL, NULL, 'KHODIJAH', NULL, NULL, NULL, NULL, NULL, '', '', 'BELUM', 0, NULL, NULL, NULL, 'FALSE'),
	(1243, NULL, 3, NULL, NULL, 'PRIMO PARLINDUNGAN LUMBAN TORUAN', NULL, NULL, NULL, '1981-04-28', 33, '', '', 'BELUM', 0, NULL, NULL, NULL, 'FALSE'),
	(1244, NULL, 2, NULL, NULL, 'PRIMO PARLINDUNGAN LUMBAN TORUAN', NULL, NULL, NULL, NULL, NULL, '', '', 'BELUM', 0, NULL, NULL, NULL, 'FALSE'),
	(1245, NULL, 2, NULL, NULL, 'I PUTU AGUS YASA', NULL, NULL, NULL, '1972-08-03', 41, '', '', 'BELUM', 0, NULL, NULL, NULL, 'FALSE'),
	(1246, NULL, 1, NULL, NULL, 'I PUTU AGUS YASA', NULL, NULL, NULL, NULL, NULL, '', '', 'BELUM', 0, NULL, NULL, NULL, 'FALSE'),
	(1247, NULL, 2, NULL, NULL, 'DAYAT SUMANTA', NULL, NULL, NULL, '1953-03-02', 61, '', '', 'BELUM', 0, NULL, NULL, NULL, 'FALSE'),
	(1248, NULL, 1, NULL, NULL, 'NENENG HASANAH', NULL, NULL, NULL, NULL, NULL, '', '', 'BELUM', 0, NULL, NULL, NULL, 'FALSE'),
	(1249, NULL, 2, NULL, NULL, 'NENENG HASANAH', NULL, NULL, NULL, '1984-03-26', 30, '', '', 'BELUM', 0, NULL, NULL, NULL, 'FALSE'),
	(1250, NULL, 1, NULL, NULL, 'DEDI LUTFI TRISNADI', NULL, NULL, NULL, '1974-08-03', 39, '', '', 'BELUM', 0, NULL, NULL, NULL, 'FALSE'),
	(1251, NULL, 3, NULL, NULL, 'DEDI LUTFI TRISNADI', NULL, NULL, NULL, NULL, NULL, '', '', 'BELUM', 0, NULL, NULL, NULL, 'FALSE'),
	(1252, NULL, 2, NULL, NULL, 'SUBARI PRIANGGODO', NULL, NULL, NULL, NULL, NULL, '', '', 'BELUM', 0, NULL, NULL, NULL, 'FALSE'),
	(1253, NULL, 1, NULL, NULL, 'RACHMAT SIMON GULTOM', NULL, NULL, NULL, '1975-04-11', 38, '', '', 'BELUM', 0, NULL, NULL, NULL, 'FALSE'),
	(1254, NULL, 3, NULL, NULL, 'RACHMAT SIMON GULTOM', NULL, NULL, NULL, NULL, NULL, '', '', 'BELUM', 0, NULL, NULL, NULL, 'FALSE'),
	(1255, NULL, 2, NULL, NULL, 'TOMMI TIRTA WIGUNA', NULL, NULL, NULL, '1987-06-19', 26, '', '', 'BELUM', 0, NULL, NULL, NULL, 'FALSE'),
	(1256, NULL, 3, NULL, NULL, 'TOMMI TIRTA WIGUNA', NULL, NULL, NULL, NULL, NULL, '', '', 'BELUM', 0, NULL, NULL, NULL, 'FALSE'),
	(1257, NULL, 1, NULL, NULL, 'ADE RUHAFAH', NULL, NULL, NULL, '1966-11-30', 46, '', '', 'BELUM', 0, NULL, NULL, NULL, 'FALSE'),
	(1258, NULL, 3, NULL, NULL, 'ADE RUHAFAH', NULL, NULL, NULL, NULL, NULL, '', '', 'BELUM', 0, NULL, NULL, NULL, 'FALSE'),
	(1259, NULL, 2, NULL, NULL, 'DERIS SETIAWAN', NULL, NULL, NULL, '1981-03-06', 32, '', '', 'BELUM', 0, NULL, NULL, NULL, 'FALSE'),
	(1260, NULL, 3, NULL, NULL, 'DERIS SETIAWAN', NULL, NULL, NULL, NULL, NULL, '', '', 'BELUM', 0, NULL, NULL, NULL, 'FALSE'),
	(1261, NULL, 2, NULL, NULL, 'RENI HERDA F.D,S.PD,M.PD', NULL, NULL, NULL, '1970-06-21', 43, '', '', 'BELUM', 0, NULL, NULL, NULL, 'FALSE'),
	(1262, NULL, 2, NULL, NULL, 'RENI HERDA F.D,S.PD,M.PD', NULL, NULL, NULL, NULL, NULL, '', '', 'BELUM', 0, NULL, NULL, NULL, 'FALSE'),
	(1263, NULL, 3, NULL, NULL, 'AGUS SULAEMAN', NULL, NULL, NULL, NULL, NULL, '', '', 'BELUM', 0, NULL, NULL, NULL, 'FALSE'),
	(1264, NULL, 1, NULL, NULL, 'AGUS SULAEMAN', NULL, NULL, NULL, '1972-08-17', 41, '', '', 'BELUM', 0, NULL, NULL, NULL, 'FALSE'),
	(1265, NULL, 3, NULL, NULL, 'YUDHI SYAKHRUL MUTTAQIN', NULL, NULL, NULL, NULL, NULL, '', '', 'BELUM', 0, NULL, NULL, NULL, 'FALSE'),
	(1266, NULL, 2, NULL, NULL, 'YUDHI SYAKHRUL MUTTAQIN', NULL, NULL, NULL, '1980-07-27', 32, '', '', 'BELUM', 0, NULL, NULL, NULL, 'FALSE'),
	(1267, NULL, 1, NULL, NULL, 'SRI KARTINA BUDIANA', NULL, NULL, NULL, NULL, NULL, '', '', 'BELUM', 0, NULL, NULL, NULL, 'FALSE'),
	(1268, NULL, 2, NULL, NULL, 'SRI KARTINA BUDIANA', NULL, NULL, NULL, '1976-07-27', 37, '', '', 'BELUM', 0, NULL, NULL, NULL, 'FALSE'),
	(1269, NULL, 3, NULL, NULL, 'ASEP NURMAN', NULL, NULL, NULL, NULL, NULL, '', '', 'BELUM', 0, NULL, NULL, NULL, 'FALSE'),
	(1270, NULL, 1, NULL, NULL, 'ASEP NURMAN', NULL, NULL, NULL, '1966-09-10', 46, '', '', 'BELUM', 0, NULL, NULL, NULL, 'FALSE'),
	(1271, NULL, 2, NULL, NULL, 'RIVA JUNIAR K', NULL, NULL, NULL, '1979-06-16', 34, '', '', 'BELUM', 0, NULL, NULL, NULL, 'FALSE'),
	(1272, NULL, 3, NULL, NULL, 'RIVA JUNIAR K', NULL, NULL, NULL, NULL, NULL, '', '', 'BELUM', 0, NULL, NULL, NULL, 'FALSE'),
	(1273, NULL, 3, NULL, NULL, 'WAWAN SETIAWAN', NULL, NULL, NULL, '1977-03-28', 36, '', '', 'BELUM', 0, NULL, NULL, NULL, 'FALSE'),
	(1274, NULL, 1, NULL, NULL, 'FAJAR IMANUDIN (MORTGAGE)', NULL, NULL, NULL, NULL, NULL, '', '', 'BELUM', 0, NULL, NULL, NULL, 'FALSE'),
	(1275, NULL, 3, NULL, NULL, 'FAJAR IMANUDIN (MORTGAGE)', NULL, NULL, NULL, '1984-09-01', 29, '', '', 'BELUM', 0, NULL, NULL, NULL, 'FALSE'),
	(1276, NULL, 2, NULL, NULL, 'TENGKU SYAHRIAN', NULL, NULL, NULL, NULL, NULL, '', '', 'BELUM', 0, NULL, NULL, NULL, 'FALSE'),
	(1277, NULL, 1, NULL, NULL, 'TENGKU SYAHRIAN', NULL, NULL, NULL, '1966-07-28', 47, '', '', 'BELUM', 0, NULL, NULL, NULL, 'FALSE'),
	(1278, NULL, 1, NULL, NULL, 'SONNY DJATNIKA', NULL, NULL, NULL, NULL, NULL, '', '', 'BELUM', 0, NULL, NULL, NULL, 'FALSE'),
	(1279, NULL, 1, NULL, NULL, 'SONNY DJATNIKA', NULL, NULL, NULL, '1963-09-10', 50, '', '', 'BELUM', 0, NULL, NULL, NULL, 'FALSE'),
	(1280, NULL, 1, NULL, NULL, 'KARINA RASMITA SEMBIRING', NULL, NULL, NULL, '1977-11-23', 36, '', '', 'BELUM', 0, NULL, NULL, NULL, 'FALSE'),
	(1281, NULL, 1, NULL, NULL, 'JULIANI LIBERTINA NASUTION', NULL, NULL, NULL, NULL, NULL, '', '', 'BELUM', 0, NULL, NULL, NULL, 'FALSE'),
	(1282, NULL, 2, NULL, NULL, 'INDRA GUNAWAN', NULL, NULL, NULL, '1978-07-27', 35, '', '', 'BELUM', 0, NULL, NULL, NULL, 'FALSE'),
	(1283, NULL, 2, NULL, NULL, 'INDRA GUNAWAN', NULL, NULL, NULL, NULL, NULL, '', '', 'BELUM', 0, NULL, NULL, NULL, 'FALSE'),
	(1284, NULL, 2, NULL, NULL, 'MUHAMAD FATQUNIAM', NULL, NULL, NULL, NULL, NULL, '', '', 'BELUM', 0, NULL, NULL, NULL, 'FALSE'),
	(1285, NULL, 2, NULL, NULL, 'MUHAMAD FATQUNIAM', NULL, NULL, NULL, '1982-10-08', 31, '', '', 'BELUM', 0, NULL, NULL, NULL, 'FALSE'),
	(1286, NULL, 2, NULL, NULL, 'NAGA RINI', NULL, NULL, NULL, NULL, NULL, '', '', 'BELUM', 0, NULL, NULL, NULL, 'FALSE'),
	(1287, NULL, 3, NULL, NULL, 'NAGA RINI', NULL, NULL, NULL, '1988-03-04', 26, '', '', 'BELUM', 0, NULL, NULL, NULL, 'FALSE'),
	(1288, NULL, 3, NULL, NULL, 'R. DIAN HARDIANA', NULL, NULL, NULL, '1986-05-02', 28, '', '', 'BELUM', 0, NULL, NULL, NULL, 'FALSE'),
	(1289, NULL, 2, NULL, NULL, 'NENI NURAENI', NULL, NULL, NULL, NULL, NULL, '', '', 'BELUM', 0, NULL, NULL, NULL, 'FALSE'),
	(1290, NULL, 2, NULL, NULL, 'NENI NURAENI', NULL, NULL, NULL, '1985-10-14', 28, '', '', 'BELUM', 0, NULL, NULL, NULL, 'FALSE'),
	(1291, NULL, 2, NULL, NULL, 'JAJANG HASANUDIN', NULL, NULL, NULL, NULL, NULL, '', '', 'BELUM', 0, NULL, NULL, NULL, 'FALSE'),
	(1292, NULL, 3, NULL, NULL, 'JAJANG HASANUDIN', NULL, NULL, NULL, '1971-09-28', 42, '', '', 'BELUM', 0, NULL, NULL, NULL, 'FALSE'),
	(1293, NULL, 3, NULL, NULL, 'ODI KARTIWA', NULL, NULL, NULL, NULL, NULL, '', '', 'BELUM', 0, NULL, NULL, NULL, 'FALSE'),
	(1294, NULL, 2, NULL, NULL, 'ODI KARTIWA', NULL, NULL, NULL, '1965-04-15', 49, '', '', 'BELUM', 0, NULL, NULL, NULL, 'FALSE'),
	(1295, NULL, 2, NULL, NULL, 'FRANSISKUS ASISI RAHMANTA NL', NULL, NULL, NULL, NULL, NULL, '', '', 'BELUM', 0, NULL, NULL, NULL, 'FALSE'),
	(1296, NULL, 1, NULL, NULL, 'FRANSISKUS ASISI RAHMANTA NL', NULL, NULL, NULL, '1984-07-18', 29, '', '', 'BELUM', 0, NULL, NULL, NULL, 'FALSE'),
	(1297, NULL, 2, NULL, NULL, 'FERDI SEPTIANTO', NULL, NULL, NULL, '1988-09-12', 25, '', '', 'BELUM', 0, NULL, NULL, NULL, 'FALSE'),
	(1298, NULL, 1, NULL, NULL, 'FERDI SEPTIANTO', NULL, NULL, NULL, NULL, NULL, '', '', 'BELUM', 0, NULL, NULL, NULL, 'FALSE'),
	(1299, NULL, 2, NULL, NULL, 'KARTONO WIJAYANTO', NULL, NULL, NULL, NULL, NULL, '', '', 'BELUM', 0, NULL, NULL, NULL, 'FALSE'),
	(1300, NULL, 1, NULL, NULL, 'KARTONO WIJAYANTO', NULL, NULL, NULL, '1987-04-20', 27, '', '', 'BELUM', 0, NULL, NULL, NULL, 'FALSE'),
	(1301, NULL, 3, NULL, NULL, 'RICKY MEGAWAN', NULL, NULL, NULL, NULL, NULL, '', '', 'BELUM', 0, NULL, NULL, NULL, 'FALSE'),
	(1302, NULL, 2, NULL, NULL, 'RICKY MEGAWAN', NULL, NULL, NULL, '1977-04-17', 37, '', '', 'BELUM', 0, NULL, NULL, NULL, 'FALSE'),
	(1303, NULL, 1, NULL, NULL, 'DARMAWAN HENDRA SAPUTRA', NULL, NULL, NULL, '1978-03-22', 36, '', '', 'BELUM', 0, NULL, NULL, NULL, 'FALSE'),
	(1304, NULL, 3, NULL, NULL, 'DARMAWAN HENDRA SAPUTRA', NULL, NULL, NULL, NULL, NULL, '', '', 'BELUM', 0, NULL, NULL, NULL, 'FALSE'),
	(1305, NULL, 2, NULL, NULL, 'INDRIARTO YUNIANTORO', NULL, NULL, NULL, NULL, NULL, '', '', 'BELUM', 0, NULL, NULL, NULL, 'FALSE'),
	(1306, NULL, 3, NULL, NULL, 'INDRIARTO YUNIANTORO', NULL, NULL, NULL, '1965-06-01', 48, '', '', 'BELUM', 0, NULL, NULL, NULL, 'FALSE'),
	(1308, NULL, 3, NULL, NULL, 'ENUR NURHAYATI', NULL, NULL, NULL, '1987-03-09', 26, '', '', 'BELUM', 0, NULL, NULL, NULL, 'FALSE'),
	(1309, NULL, 2, NULL, NULL, 'BUNGA NOVALIA BINTARI', NULL, NULL, NULL, NULL, NULL, '', '', 'BELUM', 0, NULL, NULL, NULL, 'FALSE'),
	(1310, NULL, 3, NULL, NULL, 'BUNGA NOVALIA BINTARI', NULL, NULL, NULL, '1991-11-07', 22, '', '', 'BELUM', 0, NULL, NULL, NULL, 'FALSE'),
	(1311, NULL, 2, NULL, NULL, 'NIZAM YAMA FK', NULL, NULL, NULL, NULL, NULL, '', '', 'BELUM', 0, NULL, NULL, NULL, 'FALSE'),
	(1312, NULL, 2, NULL, NULL, 'NIZAM YAMA FK', NULL, NULL, NULL, '1973-02-23', 41, '', '', 'BELUM', 0, NULL, NULL, NULL, 'FALSE'),
	(1313, NULL, 3, NULL, NULL, 'AGUS MULYANA', NULL, NULL, NULL, NULL, NULL, '', '', 'BELUM', 0, NULL, NULL, NULL, 'FALSE'),
	(1314, NULL, 1, NULL, NULL, 'AGUS MULYANA', NULL, NULL, NULL, '1976-08-25', 37, '', '', 'BELUM', 0, NULL, NULL, NULL, 'FALSE'),
	(1315, NULL, 3, NULL, NULL, 'AAM AMIR MAHMUD', NULL, NULL, NULL, NULL, NULL, '', '', 'BELUM', 0, NULL, NULL, NULL, 'FALSE'),
	(1316, NULL, 2, NULL, NULL, 'AAM AMIR MAHMUD', NULL, NULL, NULL, '1973-10-06', 40, '', '', 'BELUM', 0, NULL, NULL, NULL, 'FALSE'),
	(1317, NULL, 1, NULL, NULL, 'ANDI HENDRIYANA', NULL, NULL, NULL, NULL, NULL, '', '', 'BELUM', 0, NULL, NULL, NULL, 'FALSE'),
	(1318, NULL, 2, NULL, NULL, 'ANDI HENDRIYANA', NULL, NULL, NULL, '1990-05-27', 23, '', '', 'BELUM', 0, NULL, NULL, NULL, 'FALSE'),
	(1319, NULL, 3, NULL, NULL, 'DIDIK RAKHMAD EFFENDI', NULL, NULL, NULL, NULL, NULL, '', '', 'BELUM', 0, NULL, NULL, NULL, 'FALSE'),
	(1320, NULL, 1, NULL, NULL, 'DIDIK RAKHMAD EFFENDI', NULL, NULL, NULL, '1971-11-21', 42, '', '', 'BELUM', 0, NULL, NULL, NULL, 'FALSE'),
	(1321, NULL, 2, NULL, NULL, 'ERYANI HERLINA', NULL, NULL, NULL, '1984-10-21', 29, '', '', 'BELUM', 0, NULL, NULL, NULL, 'FALSE'),
	(1322, NULL, 2, NULL, NULL, 'ERYANI HERLINA', NULL, NULL, NULL, NULL, NULL, '', '', 'BELUM', 0, NULL, NULL, NULL, 'FALSE'),
	(1324, NULL, 1, NULL, NULL, 'DRG.PUJI NURATI', NULL, NULL, NULL, '1971-06-05', 42, '', '', 'BELUM', 0, NULL, NULL, NULL, 'FALSE'),
	(1325, NULL, 3, NULL, NULL, 'ESPI SITI', NULL, NULL, NULL, NULL, NULL, '', '', 'BELUM', 0, NULL, NULL, NULL, 'FALSE'),
	(1326, NULL, 2, NULL, NULL, 'ESPI SITI', NULL, NULL, NULL, '1983-03-10', 30, '', '', 'BELUM', 0, NULL, NULL, NULL, 'FALSE'),
	(1327, NULL, 1, NULL, NULL, 'POPI SRI PUSPITASARI', NULL, NULL, NULL, NULL, NULL, '', '', 'BELUM', 0, NULL, NULL, NULL, 'FALSE'),
	(1328, NULL, 1, NULL, NULL, 'POPI SRI PUSPITASARI', NULL, NULL, NULL, '1975-09-19', 38, '', '', 'BELUM', 0, NULL, NULL, NULL, 'FALSE'),
	(1329, NULL, 1, NULL, NULL, 'RIZKI WIDYAMAN S.PT (MORTGAGE)', NULL, NULL, NULL, NULL, NULL, '', '', 'BELUM', 0, NULL, NULL, NULL, 'FALSE'),
	(1330, NULL, 1, NULL, NULL, 'RIZKI WIDYAMAN S.PT (MORTGAGE)', NULL, NULL, NULL, '1983-01-16', 31, '', '', 'BELUM', 0, NULL, NULL, NULL, 'FALSE'),
	(1331, NULL, 1, NULL, NULL, 'H.CICIN KUSNADI', NULL, NULL, NULL, NULL, NULL, '', '', 'BELUM', 0, NULL, NULL, NULL, 'FALSE'),
	(1332, NULL, 2, NULL, NULL, 'H.CICIN KUSNADI', NULL, NULL, NULL, '1953-01-16', 60, '', '', 'BELUM', 0, NULL, NULL, NULL, 'FALSE'),
	(1333, NULL, 2, NULL, NULL, 'WAWAN HERNIWAN', NULL, NULL, NULL, NULL, NULL, '', '', 'BELUM', 0, NULL, NULL, NULL, 'FALSE'),
	(1334, NULL, 2, NULL, NULL, 'WAWAN HERNIWAN', NULL, NULL, NULL, '1966-06-27', 47, '', '', 'BELUM', 0, NULL, NULL, NULL, 'FALSE'),
	(1335, NULL, 2, NULL, NULL, 'RUDI DERMAWAN (WEB)', NULL, NULL, NULL, NULL, NULL, '', '', 'BELUM', 0, NULL, NULL, NULL, 'FALSE'),
	(1336, NULL, 2, NULL, NULL, 'RUDI DERMAWAN (WEB)', NULL, NULL, NULL, '1968-11-11', 45, '', '', 'BELUM', 0, NULL, NULL, NULL, 'FALSE'),
	(1337, NULL, 3, NULL, NULL, 'DIKDIK MS, SE (WEB)', NULL, NULL, NULL, '1968-11-01', 45, '', '', 'BELUM', 0, NULL, NULL, NULL, 'FALSE'),
	(1338, NULL, 3, NULL, NULL, 'DIKDIK MS, SE (WEB)', NULL, NULL, NULL, NULL, NULL, '', '', 'BELUM', 0, NULL, NULL, NULL, 'FALSE'),
	(1340, NULL, 2, NULL, NULL, 'AGUS ABDUL HAMID (WEB)', NULL, NULL, NULL, '1969-10-26', 44, '', '', 'BELUM', 0, NULL, NULL, NULL, 'FALSE'),
	(1341, NULL, 2, NULL, NULL, 'AGUS ABDUL HAMID (WEB)', NULL, NULL, NULL, NULL, NULL, '', '', 'BELUM', 0, NULL, NULL, NULL, 'FALSE'),
	(1342, NULL, 2, NULL, NULL, 'IRNA SUPARMAN (WEB)', NULL, NULL, NULL, '1973-04-11', 41, '', '', 'BELUM', 0, NULL, NULL, NULL, 'FALSE'),
	(1343, NULL, 3, NULL, NULL, 'IRNA SUPARMAN (WEB)', NULL, NULL, NULL, NULL, NULL, '', '', 'BELUM', 0, NULL, NULL, NULL, 'FALSE'),
	(1344, NULL, 3, NULL, NULL, 'WAWAN HERMAWAN (WEB)', NULL, NULL, NULL, '1975-01-19', 39, '', '', 'BELUM', 0, NULL, NULL, NULL, 'FALSE'),
	(1345, NULL, 2, NULL, NULL, 'WAWAN HERMAWAN (WEB)', NULL, NULL, NULL, NULL, NULL, '', '', 'BELUM', 0, NULL, NULL, NULL, 'FALSE'),
	(1346, NULL, 2, NULL, NULL, 'KUSNA (WEB)', NULL, NULL, NULL, '1965-05-29', 48, '', '', 'BELUM', 0, NULL, NULL, NULL, 'FALSE'),
	(1347, NULL, 1, NULL, NULL, 'KUSNA (WEB)', NULL, NULL, NULL, NULL, NULL, '', '', 'BELUM', 0, NULL, NULL, NULL, 'FALSE'),
	(1348, NULL, 2, NULL, NULL, 'MUDIN (WEB)', NULL, NULL, NULL, '1960-08-10', 53, '', '', 'BELUM', 0, NULL, NULL, NULL, 'FALSE'),
	(1349, NULL, 1, NULL, NULL, 'MUDIN (WEB)', NULL, NULL, NULL, NULL, NULL, '', '', 'BELUM', 0, NULL, NULL, NULL, 'FALSE'),
	(1350, NULL, 2, NULL, NULL, 'SUPARDI (WEB)', NULL, NULL, NULL, '1970-04-12', 44, '', '', 'BELUM', 0, NULL, NULL, NULL, 'FALSE'),
	(1351, NULL, 1, NULL, NULL, 'SUPARDI (WEB)', NULL, NULL, NULL, NULL, NULL, '', '', 'BELUM', 0, NULL, NULL, NULL, 'FALSE'),
	(1352, NULL, 3, NULL, NULL, 'NG DJUN LOI (WEB)', NULL, NULL, NULL, '1974-12-29', 39, '', '', 'BELUM', 0, NULL, NULL, NULL, 'FALSE'),
	(1353, NULL, 2, NULL, NULL, 'NG DJUN LOI (WEB)', NULL, NULL, NULL, NULL, NULL, '', '', 'BELUM', 0, NULL, NULL, NULL, 'FALSE'),
	(1354, NULL, 1, NULL, NULL, 'MUHAMMAD FIRDAUS (WEB)', NULL, NULL, NULL, '1978-11-27', 35, '', '', 'BELUM', 0, NULL, NULL, NULL, 'FALSE'),
	(1355, NULL, 3, NULL, NULL, 'MUHAMMAD FIRDAUS (WEB)', NULL, NULL, NULL, NULL, NULL, '', '', 'BELUM', 0, NULL, NULL, NULL, 'FALSE'),
	(1356, NULL, 2, NULL, NULL, 'DADAN NURMANSYAH (WEB)', NULL, NULL, NULL, '1985-12-30', 28, '', '', 'BELUM', 0, NULL, NULL, NULL, 'FALSE'),
	(1357, NULL, 3, NULL, NULL, 'DADAN NURMANSYAH (WEB)', NULL, NULL, NULL, NULL, NULL, '', '', 'BELUM', 0, NULL, NULL, NULL, 'FALSE'),
	(1358, NULL, 1, NULL, NULL, 'HERMAN SUSILO', NULL, NULL, NULL, '1964-10-26', 49, '', '', 'BELUM', 0, NULL, NULL, NULL, 'FALSE'),
	(1359, NULL, 3, NULL, NULL, 'EDI JUANDA', NULL, NULL, NULL, '1969-09-19', 44, '', '', 'BELUM', 0, NULL, NULL, NULL, 'FALSE'),
	(1360, NULL, 2, NULL, NULL, 'EDI JUANDA', NULL, NULL, NULL, NULL, NULL, '', '', 'BELUM', 0, NULL, NULL, NULL, 'FALSE'),
	(1361, NULL, 3, NULL, NULL, 'SRI HARTINI', NULL, NULL, NULL, '1960-01-01', 54, '', '', 'BELUM', 0, NULL, NULL, NULL, 'FALSE'),
	(1362, NULL, 2, NULL, NULL, 'SRI HARTINI', NULL, NULL, NULL, NULL, NULL, '', '', 'BELUM', 0, NULL, NULL, NULL, 'FALSE'),
	(1363, NULL, 2, NULL, NULL, 'LIA MAYASARI', NULL, NULL, NULL, '1980-05-25', 32, '', '', 'BELUM', 0, NULL, NULL, NULL, 'FALSE'),
	(1364, NULL, 3, NULL, NULL, 'RUBAYA KUSUMA NEGARA', NULL, NULL, NULL, '1982-08-20', 31, '', '', 'BELUM', 0, NULL, NULL, NULL, 'FALSE'),
	(1365, NULL, 1, NULL, NULL, 'RUBAYA KUSUMA NEGARA', NULL, NULL, NULL, NULL, NULL, '', '', 'BELUM', 0, NULL, NULL, NULL, 'FALSE'),
	(1366, NULL, 3, NULL, NULL, 'WITA SUMARJONO C.SETIAWAN', NULL, NULL, NULL, NULL, NULL, '', '', 'BELUM', 0, NULL, NULL, NULL, 'FALSE'),
	(1367, NULL, 2, NULL, NULL, 'WITA SUMARJONO C.SETIAWAN', NULL, NULL, NULL, '1985-02-22', 29, '', '', 'BELUM', 0, NULL, NULL, NULL, 'FALSE'),
	(1368, NULL, 1, NULL, NULL, 'DJOKO TRIKAWOCO', NULL, NULL, NULL, NULL, NULL, '', '', 'BELUM', 0, NULL, NULL, NULL, 'FALSE'),
	(1369, NULL, 2, NULL, NULL, 'DJOKO TRIKAWOCO', NULL, NULL, NULL, '1972-06-07', 41, '', '', 'BELUM', 0, NULL, NULL, NULL, 'FALSE'),
	(1370, NULL, 3, NULL, NULL, 'YANA FITRIYANA', NULL, NULL, NULL, NULL, NULL, '', '', 'BELUM', 0, NULL, NULL, NULL, 'FALSE'),
	(1371, NULL, 1, NULL, NULL, 'YANA FITRIYANA', NULL, NULL, NULL, '1992-04-05', 22, '', '', 'BELUM', 0, NULL, NULL, NULL, 'FALSE'),
	(1372, NULL, 2, NULL, NULL, 'TOGA ARI WARTA SUPARMAN', NULL, NULL, NULL, NULL, NULL, '', '', 'BELUM', 0, NULL, NULL, NULL, 'FALSE'),
	(1373, NULL, 3, NULL, NULL, 'TOGA ARI WARTA SUPARMAN', NULL, NULL, NULL, '1989-03-10', 25, '', '', 'BELUM', 0, NULL, NULL, NULL, 'FALSE'),
	(1374, NULL, 3, NULL, NULL, 'TONY YUDIANTO PRIBADI', NULL, NULL, NULL, NULL, NULL, '', '', 'BELUM', 0, NULL, NULL, NULL, 'FALSE'),
	(1375, NULL, 1, NULL, NULL, 'TONY YUDIANTO PRIBADI', NULL, NULL, NULL, '1982-02-27', 32, '', '', 'BELUM', 0, NULL, NULL, NULL, 'FALSE'),
	(1376, NULL, 3, NULL, NULL, 'NINA USDAYANI', NULL, NULL, NULL, NULL, NULL, '', '', 'BELUM', 0, NULL, NULL, NULL, 'FALSE'),
	(1377, NULL, 2, NULL, NULL, 'NINA USDAYANI', NULL, NULL, NULL, '1982-05-20', 31, '', '', 'BELUM', 0, NULL, NULL, NULL, 'FALSE'),
	(1381, NULL, 1, NULL, NULL, 'H.MULYADI', NULL, NULL, NULL, NULL, NULL, '', '', 'BELUM', 0, NULL, NULL, NULL, 'FALSE'),
	(1382, NULL, 1, NULL, NULL, 'H.MULYADI', NULL, NULL, NULL, '1961-06-01', 52, '', '', 'BELUM', 0, NULL, NULL, NULL, 'FALSE'),
	(1386, NULL, 1, NULL, NULL, 'ROP ROP MUSTAWAN', NULL, NULL, NULL, NULL, NULL, '', '', 'BELUM', 0, NULL, NULL, NULL, 'FALSE'),
	(1387, NULL, 1, NULL, NULL, 'ROP ROP MUSTAWAN', NULL, NULL, NULL, '1982-11-23', 31, '', '', 'BELUM', 0, NULL, NULL, NULL, 'FALSE'),
	(1389, NULL, 2, NULL, NULL, 'DINIE ANISA TRIASTUTI (MORTGAGE)', NULL, NULL, NULL, NULL, NULL, '', '', 'BELUM', 0, NULL, NULL, NULL, 'FALSE'),
	(1390, NULL, 2, NULL, NULL, 'DINIE ANISA TRIASTUTI (MORTGAGE)', NULL, NULL, NULL, '1986-04-03', 28, '', '', 'BELUM', 0, NULL, NULL, NULL, 'FALSE'),
	(1391, NULL, 2, NULL, NULL, 'PURWANTO (WEB)', NULL, NULL, NULL, '1974-01-12', 40, '', '', 'BELUM', 0, NULL, NULL, NULL, 'FALSE'),
	(1392, NULL, 2, NULL, NULL, 'PURWANTO (WEB)', NULL, NULL, NULL, NULL, NULL, '', '', 'BELUM', 0, NULL, NULL, NULL, 'FALSE'),
	(1393, NULL, 2, NULL, NULL, 'LUTHFI ACHADIAT, PSI (WEB)', NULL, NULL, NULL, '1972-05-30', 41, '', '', 'BELUM', 0, NULL, NULL, NULL, 'FALSE'),
	(1394, NULL, 3, NULL, NULL, 'LUTHFI ACHADIAT, PSI (WEB)', NULL, NULL, NULL, NULL, NULL, '', '', 'BELUM', 0, NULL, NULL, NULL, 'FALSE'),
	(1395, NULL, 3, NULL, NULL, 'ZULKARNAIN (WEB)', NULL, NULL, NULL, '1962-05-13', 52, '', '', 'BELUM', 0, NULL, NULL, NULL, 'FALSE'),
	(1396, NULL, 2, NULL, NULL, 'ZULKARNAIN (WEB)', NULL, NULL, NULL, NULL, NULL, '', '', 'BELUM', 0, NULL, NULL, NULL, 'FALSE'),
	(1397, NULL, 2, NULL, NULL, 'IWAN SETIAWAN (WEB)', NULL, NULL, NULL, '1968-11-27', 45, '', '', 'BELUM', 0, NULL, NULL, NULL, 'FALSE'),
	(1398, NULL, 2, NULL, NULL, 'JOHAN MEDIAWANTO LIMAKSANA', NULL, NULL, NULL, '1975-10-05', 38, '', '', 'BELUM', 0, NULL, NULL, NULL, 'FALSE'),
	(1399, NULL, 3, NULL, NULL, 'DONYA DJAJAPRIATNA (WEB)', NULL, NULL, NULL, '1972-01-07', 42, '', '', 'BELUM', 0, NULL, NULL, NULL, 'FALSE'),
	(1400, NULL, 3, NULL, NULL, 'SYARIF FADILAH (WEB)', NULL, NULL, NULL, '1977-12-28', 36, '', '', 'BELUM', 0, NULL, NULL, NULL, 'FALSE'),
	(1401, NULL, 2, NULL, NULL, 'HIMMAH TSUROYA (WEB)', NULL, NULL, NULL, '1979-03-21', 35, '', '', 'BELUM', 0, NULL, NULL, NULL, 'FALSE'),
	(1402, NULL, 2, NULL, NULL, 'PADILAH (WEB)', NULL, NULL, NULL, '1981-04-05', 33, '', '', 'BELUM', 0, NULL, NULL, NULL, 'FALSE'),
	(1403, NULL, 1, NULL, NULL, 'IWAN SETIAWAN (WEB)', NULL, NULL, NULL, NULL, NULL, '', '', 'BELUM', 0, NULL, NULL, NULL, 'FALSE'),
	(1404, NULL, 2, NULL, NULL, 'SYARIF FADILAH (WEB)', NULL, NULL, NULL, NULL, NULL, '', '', 'BELUM', 0, NULL, NULL, NULL, 'FALSE'),
	(1405, NULL, 1, NULL, NULL, 'HIMMAH TSUROYA (WEB)', NULL, NULL, NULL, NULL, NULL, '', '', 'BELUM', 0, NULL, NULL, NULL, 'FALSE'),
	(1406, NULL, 2, NULL, NULL, 'PADILAH (WEB)', NULL, NULL, NULL, NULL, NULL, '', '', 'BELUM', 0, NULL, NULL, NULL, 'FALSE'),
	(1407, NULL, 1, NULL, NULL, 'JOHAN MEDIAWANTO LIMAKSANA', NULL, NULL, NULL, NULL, NULL, '', '', 'BELUM', 0, NULL, NULL, NULL, 'FALSE'),
	(1408, NULL, 3, NULL, NULL, 'YUYUN KUSUMA WATI', NULL, NULL, NULL, '1969-06-25', 44, '', '', 'BELUM', 0, NULL, NULL, NULL, 'FALSE'),
	(1409, NULL, 2, NULL, NULL, 'SARWIN', NULL, NULL, NULL, NULL, NULL, '', '', 'BELUM', 0, NULL, NULL, NULL, 'FALSE'),
	(1410, NULL, 1, NULL, NULL, 'SARWIN', NULL, NULL, NULL, '1977-04-05', 37, '', '', 'BELUM', 0, NULL, NULL, NULL, 'FALSE'),
	(1411, NULL, 3, NULL, NULL, 'YEVITA NURSYANTI', NULL, NULL, NULL, NULL, NULL, '', '', 'BELUM', 0, NULL, NULL, NULL, 'FALSE'),
	(1412, NULL, 2, NULL, NULL, 'YEVITA NURSYANTI', NULL, NULL, NULL, '1985-12-15', 28, '', '', 'BELUM', 0, NULL, NULL, NULL, 'FALSE'),
	(1413, NULL, 3, NULL, NULL, 'HELAN RINA', NULL, NULL, NULL, NULL, NULL, '', '', 'BELUM', 0, NULL, NULL, NULL, 'FALSE'),
	(1414, NULL, 1, NULL, NULL, 'SUDIBYO', NULL, NULL, NULL, NULL, NULL, '', '', 'BELUM', 0, NULL, NULL, NULL, 'FALSE'),
	(1415, NULL, 3, NULL, NULL, 'SUDIBYO', NULL, NULL, NULL, '1979-07-19', 35, '', '', 'BELUM', 0, NULL, NULL, NULL, 'FALSE'),
	(1416, NULL, 2, NULL, NULL, 'DIANA WINTARSIH', NULL, NULL, NULL, '1965-07-10', 48, '', '', 'BELUM', 0, NULL, NULL, NULL, 'FALSE'),
	(1417, NULL, 3, NULL, NULL, 'DIANA WINTARSIH', NULL, NULL, NULL, NULL, NULL, '', '', 'BELUM', 0, NULL, NULL, NULL, 'FALSE'),
	(1418, NULL, 2, NULL, NULL, 'HENDRY MUSYADI', NULL, NULL, NULL, NULL, NULL, '', '', 'BELUM', 0, NULL, NULL, NULL, 'FALSE'),
	(1419, NULL, 2, NULL, NULL, 'HENDRY MUSYADI', NULL, NULL, NULL, '1973-02-21', 41, '', '', 'BELUM', 0, NULL, NULL, NULL, 'FALSE'),
	(1422, NULL, 1, NULL, NULL, 'TOMY SUSETYO', NULL, NULL, NULL, '1969-11-10', 44, '', '', 'BELUM', 0, NULL, NULL, NULL, 'FALSE'),
	(1423, NULL, 2, NULL, NULL, 'KERLY', NULL, NULL, NULL, '1979-09-19', 34, '', '', 'BELUM', 0, NULL, NULL, NULL, 'FALSE'),
	(1424, NULL, 3, NULL, NULL, 'KERLY', NULL, NULL, NULL, NULL, NULL, '', '', 'BELUM', 0, NULL, NULL, NULL, 'FALSE'),
	(1425, NULL, 2, NULL, NULL, 'RAMADHAN ADILUHUNG (MORTG)', NULL, NULL, NULL, NULL, NULL, '', '', 'BELUM', 0, NULL, NULL, NULL, 'FALSE'),
	(1426, NULL, 3, NULL, NULL, 'RAMADHAN ADILUHUNG (MORTGAGE)', NULL, NULL, NULL, '1985-05-27', 28, '', '', 'BELUM', 0, NULL, NULL, NULL, 'FALSE'),
	(1427, NULL, 2, NULL, NULL, 'SONNY BUDI HARIADI', NULL, NULL, NULL, NULL, NULL, '', '', 'BELUM', 0, NULL, NULL, NULL, 'FALSE'),
	(1428, NULL, 1, NULL, NULL, 'SHINTA AGUSTINI WINARTI', NULL, NULL, NULL, NULL, NULL, '', '', 'BELUM', 0, NULL, NULL, NULL, 'FALSE'),
	(1429, NULL, 2, NULL, NULL, 'SHINTA AGUSTINI WINARTI', NULL, NULL, NULL, '1975-08-06', 38, '', '', 'BELUM', 0, NULL, NULL, NULL, 'FALSE'),
	(1430, NULL, 3, NULL, NULL, 'RIZKHA HARIYANTO', NULL, NULL, NULL, NULL, NULL, '', '', 'BELUM', 0, NULL, NULL, NULL, 'FALSE'),
	(1431, NULL, 1, NULL, NULL, 'RIZKHA HARIYANTO', NULL, NULL, NULL, '1986-08-30', 27, '', '', 'BELUM', 0, NULL, NULL, NULL, 'FALSE'),
	(1432, NULL, 2, NULL, NULL, 'AMRI YAHYA', NULL, NULL, NULL, NULL, NULL, '', '', 'BELUM', 0, NULL, NULL, NULL, 'FALSE'),
	(1433, NULL, 3, NULL, NULL, 'AMRI YAHYA', NULL, NULL, NULL, '1979-12-12', 34, '', '', 'BELUM', 0, NULL, NULL, NULL, 'FALSE'),
	(1434, NULL, 3, NULL, NULL, 'KUSNADI', NULL, NULL, NULL, NULL, NULL, '', '', 'BELUM', 0, NULL, NULL, NULL, 'FALSE'),
	(1435, NULL, 1, NULL, NULL, 'KUSNADI (2)', NULL, NULL, NULL, NULL, NULL, '', '', 'BELUM', 0, NULL, NULL, NULL, 'FALSE'),
	(1436, NULL, 3, NULL, NULL, 'KUSNADI', NULL, NULL, NULL, '1971-12-28', 41, '', '', 'BELUM', 0, NULL, NULL, NULL, 'FALSE'),
	(1437, NULL, 2, NULL, NULL, 'RUDI JANUAR,A.MD', NULL, NULL, NULL, NULL, NULL, '', '', 'BELUM', 0, NULL, NULL, NULL, 'FALSE'),
	(1438, NULL, 1, NULL, NULL, 'RUDI JANUAR,A.MD', NULL, NULL, NULL, '1983-01-22', 31, '', '', 'BELUM', 0, NULL, NULL, NULL, 'FALSE'),
	(1439, NULL, 1, NULL, NULL, 'DIYA KHODIYATUN ISRINA (WEB)', NULL, NULL, NULL, '1985-10-12', 28, '', '', 'BELUM', 0, NULL, NULL, NULL, 'FALSE'),
	(1440, NULL, 1, NULL, NULL, 'KISWORO (WEB)', NULL, NULL, NULL, '1971-01-03', 43, '', '', 'BELUM', 0, NULL, NULL, NULL, 'FALSE'),
	(1441, NULL, 1, NULL, NULL, 'DIDI INDRAKUSUMA (WEB)', NULL, NULL, NULL, '1963-07-19', 50, '', '', 'BELUM', 0, NULL, NULL, NULL, 'FALSE'),
	(1443, NULL, 2, NULL, NULL, 'SIGIT EVRY DAYANTO (WEB)', NULL, NULL, NULL, NULL, NULL, '', '', 'BELUM', 0, NULL, NULL, NULL, 'FALSE'),
	(1444, NULL, 2, NULL, NULL, 'SIGIT EVRY DAYANTO (WEB)', NULL, NULL, NULL, '1981-02-02', 33, '', '', 'BELUM', 0, NULL, NULL, NULL, 'FALSE'),
	(1445, NULL, 2, NULL, NULL, 'DIYA KHODIYATUN ISRINA (WEB)', NULL, NULL, NULL, NULL, NULL, '', '', 'BELUM', 0, NULL, NULL, NULL, 'FALSE'),
	(1446, NULL, 2, NULL, NULL, 'KISWORO (WEB)', NULL, NULL, NULL, NULL, NULL, '', '', 'BELUM', 0, NULL, NULL, NULL, 'FALSE'),
	(1447, NULL, 2, NULL, NULL, 'DIDI INDRAKUSUMA (WEB)', NULL, NULL, NULL, NULL, NULL, '', '', 'BELUM', 0, NULL, NULL, NULL, 'FALSE'),
	(1448, NULL, 3, NULL, NULL, 'R.HERIE ISMET INONI', NULL, NULL, NULL, NULL, NULL, '', '', 'BELUM', 0, NULL, NULL, NULL, 'FALSE'),
	(1449, NULL, 3, NULL, NULL, 'R.HERIE ISMET INONI', NULL, NULL, NULL, '1968-10-21', 45, '', '', 'BELUM', 0, NULL, NULL, NULL, 'FALSE'),
	(1450, NULL, 2, NULL, NULL, 'WININDA N APRIYANTI', NULL, NULL, NULL, NULL, NULL, '', '', 'BELUM', 0, NULL, NULL, NULL, 'FALSE'),
	(1451, NULL, 2, NULL, NULL, 'WININDA N APRIYANTI', NULL, NULL, NULL, '1987-04-01', 27, '', '', 'BELUM', 0, NULL, NULL, NULL, 'FALSE'),
	(1452, NULL, 2, NULL, NULL, 'UDIN', NULL, NULL, NULL, NULL, NULL, '', '', 'BELUM', 0, NULL, NULL, NULL, 'FALSE'),
	(1453, NULL, 3, NULL, NULL, 'UDIN', NULL, NULL, NULL, '1969-12-03', 44, '', '', 'BELUM', 0, NULL, NULL, NULL, 'FALSE'),
	(1454, NULL, 3, NULL, NULL, 'HALASHON PANJAITAN', NULL, NULL, NULL, '1977-01-12', 37, '', '', 'BELUM', 0, NULL, NULL, NULL, 'FALSE'),
	(1455, NULL, 2, NULL, NULL, 'HALASHON PANJAITAN', NULL, NULL, NULL, NULL, NULL, '', '', 'BELUM', 0, NULL, NULL, NULL, 'FALSE'),
	(1456, NULL, 2, NULL, NULL, 'EDI SUNARTO', NULL, NULL, NULL, NULL, NULL, '', '', 'BELUM', 0, NULL, NULL, NULL, 'FALSE'),
	(1457, NULL, 1, NULL, NULL, 'EDI SUNARTO', NULL, NULL, NULL, '1967-09-10', 46, '', '', 'BELUM', 0, NULL, NULL, NULL, 'FALSE'),
	(1458, NULL, 2, NULL, NULL, 'AGUS LUKMAN FAJAR', NULL, NULL, NULL, NULL, NULL, '', '', 'BELUM', 0, NULL, NULL, NULL, 'FALSE'),
	(1459, NULL, 1, NULL, NULL, 'AGUS LUKMAN FAJAR', NULL, NULL, NULL, '1968-08-13', 45, '', '', 'BELUM', 0, NULL, NULL, NULL, 'FALSE'),
	(1460, NULL, 2, NULL, NULL, 'RINO KRISTANTO', NULL, NULL, NULL, NULL, NULL, '', '', 'BELUM', 0, NULL, NULL, NULL, 'FALSE'),
	(1461, NULL, 1, NULL, NULL, 'RINO KRISTANTO', NULL, NULL, NULL, '1984-02-25', 30, '', '', 'BELUM', 0, NULL, NULL, NULL, 'FALSE'),
	(1462, NULL, 3, NULL, NULL, 'AISYAH RAKHMAH', NULL, NULL, NULL, NULL, NULL, '', '', 'BELUM', 0, NULL, NULL, NULL, 'FALSE'),
	(1463, NULL, 2, NULL, NULL, 'AISYAH RAKHMAH', NULL, NULL, NULL, '1977-02-10', 37, '', '', 'BELUM', 0, NULL, NULL, NULL, 'FALSE'),
	(1464, NULL, 1, NULL, NULL, 'AGUS DADANG HIDAYAT', NULL, NULL, NULL, NULL, NULL, '', '', 'BELUM', 0, NULL, NULL, NULL, 'FALSE'),
	(1465, NULL, 3, NULL, NULL, 'AGUS DADANG HIDAYAT', NULL, NULL, NULL, '1979-08-02', 34, '', '', 'BELUM', 0, NULL, NULL, NULL, 'FALSE'),
	(1466, NULL, 2, NULL, NULL, 'UKASAH PAMUNGKAS', NULL, NULL, NULL, '1974-10-04', 39, '', '', 'BELUM', 0, NULL, NULL, NULL, 'FALSE'),
	(1467, NULL, 3, NULL, NULL, 'AGUS SUKARTA', NULL, NULL, NULL, NULL, NULL, '', '', 'BELUM', 0, NULL, NULL, NULL, 'FALSE'),
	(1468, NULL, 1, NULL, NULL, 'RIZKA NUGRAHA P', NULL, NULL, NULL, NULL, NULL, '', '', 'BELUM', 0, NULL, NULL, NULL, 'FALSE'),
	(1469, NULL, 3, NULL, NULL, 'RIZKA NUGRAHA P', NULL, NULL, NULL, '1979-07-07', 34, '', '', 'BELUM', 0, NULL, NULL, NULL, 'FALSE'),
	(1470, NULL, 2, NULL, NULL, 'FANTA SITORUS', NULL, NULL, NULL, NULL, NULL, '', '', 'BELUM', 0, NULL, NULL, NULL, 'FALSE'),
	(1471, NULL, 3, NULL, NULL, 'FANTA SITORUS', NULL, NULL, NULL, '1986-02-01', 28, '', '', 'BELUM', 0, NULL, NULL, NULL, 'FALSE'),
	(1472, NULL, 2, NULL, NULL, 'AI TATI RUQOYAH', NULL, NULL, NULL, NULL, NULL, '', '', 'BELUM', 0, NULL, NULL, NULL, 'FALSE'),
	(1473, NULL, 2, NULL, NULL, 'AI TATI RUQOYAH', NULL, NULL, NULL, '1969-10-20', 44, '', '', 'BELUM', 0, NULL, NULL, NULL, 'FALSE'),
	(1474, NULL, 3, NULL, NULL, 'NUR HAMID', NULL, NULL, NULL, NULL, NULL, '', '', 'BELUM', 0, NULL, NULL, NULL, 'FALSE'),
	(1475, NULL, 1, NULL, NULL, 'NUR HAMID', NULL, NULL, NULL, '1970-05-21', 44, '', '', 'BELUM', 0, NULL, NULL, NULL, 'FALSE'),
	(1476, NULL, 3, NULL, NULL, 'DEDI SUPRIYADI', NULL, NULL, NULL, '1983-05-02', 31, '', '', 'BELUM', 0, NULL, NULL, NULL, 'FALSE'),
	(1477, NULL, 2, NULL, NULL, 'DEDI SUPRIYADI', NULL, NULL, NULL, NULL, NULL, '', '', 'BELUM', 0, NULL, NULL, NULL, 'FALSE'),
	(1478, NULL, 1, NULL, NULL, 'TONY KUNTORO', NULL, NULL, NULL, NULL, NULL, '', '', 'BELUM', 0, NULL, NULL, NULL, 'FALSE'),
	(1479, NULL, 2, NULL, NULL, 'TONY KUNTORO', NULL, NULL, NULL, '1988-06-04', 25, '', '', 'BELUM', 0, NULL, NULL, NULL, 'FALSE'),
	(1480, NULL, 3, NULL, NULL, 'ALPIAN PEBRIANSYAH', NULL, NULL, NULL, NULL, NULL, '', '', 'BELUM', 0, NULL, NULL, NULL, 'FALSE'),
	(1481, NULL, 1, NULL, NULL, 'ALPIAN PEBRIANSYAH', NULL, NULL, NULL, '1992-02-17', 22, '', '', 'BELUM', 0, NULL, NULL, NULL, 'FALSE'),
	(1482, NULL, 2, NULL, NULL, 'INDRA RISTIANTO', NULL, NULL, NULL, '1978-08-01', 35, '', '', 'BELUM', 0, NULL, NULL, NULL, 'FALSE'),
	(1483, NULL, 3, NULL, NULL, 'INDRA RISTIANTO', NULL, NULL, NULL, NULL, NULL, '', '', 'BELUM', 0, NULL, NULL, NULL, 'FALSE'),
	(1484, NULL, 3, NULL, NULL, 'NOVA ADRYANSYAH', NULL, NULL, NULL, '1976-11-03', 37, '', '', 'BELUM', 0, NULL, NULL, NULL, 'FALSE'),
	(1485, NULL, 1, NULL, NULL, 'IIN MUTMAINAH', NULL, NULL, NULL, NULL, NULL, '', '', 'BELUM', 0, NULL, NULL, NULL, 'FALSE'),
	(1486, NULL, 3, NULL, NULL, 'IIN MUTMAINAH', NULL, NULL, NULL, '1977-05-13', 37, '', '', 'BELUM', 0, NULL, NULL, NULL, 'FALSE'),
	(1487, NULL, 2, NULL, NULL, 'EKO WAHYUDI (WEB)', NULL, NULL, NULL, '1979-03-12', 35, '', '', 'BELUM', 0, NULL, NULL, NULL, 'FALSE'),
	(1488, NULL, 1, NULL, NULL, 'EKO WAHYUDI (WEB)', NULL, NULL, NULL, NULL, NULL, '', '', 'BELUM', 0, NULL, NULL, NULL, 'FALSE'),
	(1489, NULL, 1, NULL, NULL, 'ANNISA ERLITA KOESUMA W (WEB)', NULL, NULL, NULL, NULL, NULL, '', '', 'BELUM', 0, NULL, NULL, NULL, 'FALSE'),
	(1490, NULL, 1, NULL, NULL, 'ANNISA ERLITA KOESUMA W (WEB)', NULL, NULL, NULL, '1984-09-27', 29, '', '', 'BELUM', 0, NULL, NULL, NULL, 'FALSE'),
	(1491, NULL, 1, NULL, NULL, 'ANETA R (MORTGAGE)', NULL, NULL, NULL, NULL, NULL, '', '', 'BELUM', 0, NULL, NULL, NULL, 'FALSE'),
	(1492, NULL, 1, NULL, NULL, 'ANETA R (MORTGAGE)', NULL, NULL, NULL, '1984-03-05', 29, '', '', 'BELUM', 0, NULL, NULL, NULL, 'FALSE'),
	(1493, NULL, 2, NULL, NULL, 'EKO SARKA', NULL, NULL, NULL, NULL, NULL, '', '', 'BELUM', 0, NULL, NULL, NULL, 'FALSE'),
	(1494, NULL, 2, NULL, NULL, 'EKO SARKA', NULL, NULL, NULL, '1986-03-01', 28, '', '', 'BELUM', 0, NULL, NULL, NULL, 'FALSE'),
	(1495, NULL, 2, NULL, NULL, 'YATI NURHAYATI', NULL, NULL, NULL, NULL, NULL, '', '', 'BELUM', 0, NULL, NULL, NULL, 'FALSE'),
	(1496, NULL, 2, NULL, NULL, 'YATI NURHAYATI', NULL, NULL, NULL, '1960-01-15', 53, '', '', 'BELUM', 0, NULL, NULL, NULL, 'FALSE'),
	(1497, NULL, 2, NULL, NULL, 'SLAMET CARDIMAN', NULL, NULL, NULL, NULL, NULL, '', '', 'BELUM', 0, NULL, NULL, NULL, 'FALSE'),
	(1498, NULL, 3, NULL, NULL, 'SLAMET CARDIMAN', NULL, NULL, NULL, '1975-02-18', 38, '', '', 'BELUM', 0, NULL, NULL, NULL, 'FALSE'),
	(1499, NULL, 3, NULL, NULL, 'EUIS MIA ROSMIATI', NULL, NULL, NULL, NULL, NULL, '', '', 'BELUM', 0, NULL, NULL, NULL, 'FALSE'),
	(1500, NULL, 2, NULL, NULL, 'EUIS MIA ROSMIATI', NULL, NULL, NULL, '1979-11-19', 34, '', '', 'BELUM', 0, NULL, NULL, NULL, 'FALSE'),
	(1501, NULL, 2, NULL, NULL, 'ANAH', NULL, NULL, NULL, '1978-06-19', 35, '', '', 'BELUM', 0, NULL, NULL, NULL, 'FALSE'),
	(1502, NULL, 2, NULL, NULL, 'ANAH', NULL, NULL, NULL, NULL, NULL, '', '', 'BELUM', 0, NULL, NULL, NULL, 'FALSE'),
	(1503, NULL, 3, NULL, NULL, 'BURHAN NUR HAMID (MORTGAGE)', NULL, NULL, NULL, NULL, NULL, '', '', 'BELUM', 0, NULL, NULL, NULL, 'FALSE'),
	(1504, NULL, 3, NULL, NULL, 'BURHAN NUR HAMID (MORTGAGE)', NULL, NULL, NULL, '1988-08-22', 25, '', '', 'BELUM', 0, NULL, NULL, NULL, 'FALSE'),
	(1505, NULL, 2, NULL, NULL, 'DIDIK PRASETYO', NULL, NULL, NULL, NULL, NULL, '', '', 'BELUM', 0, NULL, NULL, NULL, 'FALSE'),
	(1506, NULL, 2, NULL, NULL, 'DIDIK PRASETYO', NULL, NULL, NULL, '1986-05-17', 28, '', '', 'BELUM', 0, NULL, NULL, NULL, 'FALSE'),
	(1507, NULL, 1, NULL, NULL, 'OLIES NAWATI', NULL, NULL, NULL, '1983-08-11', 30, '', '', 'BELUM', 0, NULL, NULL, NULL, 'FALSE'),
	(1508, NULL, 2, NULL, NULL, 'TEGUH SUPRIYANTO', NULL, NULL, NULL, '1983-01-01', 30, '', '', 'BELUM', 0, NULL, NULL, NULL, 'FALSE'),
	(1510, NULL, 2, NULL, NULL, 'JUHAYA SUBRATA', NULL, NULL, NULL, NULL, NULL, '', '', 'BELUM', 0, NULL, NULL, NULL, 'FALSE'),
	(1511, NULL, 1, NULL, NULL, 'JUHAYA SUBRATA', NULL, NULL, NULL, '1971-05-28', 42, '', '', 'BELUM', 0, NULL, NULL, NULL, 'FALSE'),
	(1512, NULL, 3, NULL, NULL, 'ELA MARGALINA,S.PD', NULL, NULL, NULL, NULL, NULL, '', '', 'BELUM', 0, NULL, NULL, NULL, 'FALSE'),
	(1513, NULL, 2, NULL, NULL, 'ELA MARGALINA,S.PD', NULL, NULL, NULL, '1982-03-17', 32, '', '', 'BELUM', 0, NULL, NULL, NULL, 'FALSE'),
	(1514, NULL, 1, NULL, NULL, 'CHAIRIL AMRI', NULL, NULL, NULL, NULL, NULL, '', '', 'BELUM', 0, NULL, NULL, NULL, 'FALSE'),
	(1515, NULL, 3, NULL, NULL, 'CHAIRIL AMRI', NULL, NULL, NULL, '1976-06-03', 37, '', '', 'BELUM', 0, NULL, NULL, NULL, 'FALSE'),
	(1516, NULL, 2, NULL, NULL, 'WAHYU NOVENDY SINDONANTA', NULL, NULL, NULL, NULL, NULL, '', '', 'BELUM', 0, NULL, NULL, NULL, 'FALSE'),
	(1517, NULL, 3, NULL, NULL, 'WAHYU NOVENDY SINDONANTA', NULL, NULL, NULL, '1983-11-01', 30, '', '', 'BELUM', 0, NULL, NULL, NULL, 'FALSE'),
	(1518, NULL, 1, NULL, NULL, 'ADRISON', NULL, NULL, NULL, NULL, NULL, '', '', 'BELUM', 0, NULL, NULL, NULL, 'FALSE'),
	(1519, NULL, 3, NULL, NULL, 'ADRISON', NULL, NULL, NULL, '1973-06-01', 40, '', '', 'BELUM', 0, NULL, NULL, NULL, 'FALSE'),
	(1520, NULL, 2, NULL, NULL, 'IRMAYASA', NULL, NULL, NULL, NULL, NULL, '', '', 'BELUM', 0, NULL, NULL, NULL, 'FALSE'),
	(1521, NULL, 3, NULL, NULL, 'IRMAYASA', NULL, NULL, NULL, '1989-03-28', 25, '', '', 'BELUM', 0, NULL, NULL, NULL, 'FALSE'),
	(1522, NULL, 2, NULL, NULL, 'BAMBANG DWI JANARKO', NULL, NULL, NULL, NULL, NULL, '', '', 'BELUM', 0, NULL, NULL, NULL, 'FALSE'),
	(1523, NULL, 2, NULL, NULL, 'BAMBANG DWI JANARKO', NULL, NULL, NULL, '1989-12-26', 24, '', '', 'BELUM', 0, NULL, NULL, NULL, 'FALSE'),
	(1524, NULL, 3, NULL, NULL, 'A.LAURINE THEODORA', NULL, NULL, NULL, NULL, NULL, '', '', 'BELUM', 0, NULL, NULL, NULL, 'FALSE'),
	(1525, NULL, 1, NULL, NULL, 'A.LAURINE THEODORA', NULL, NULL, NULL, '1981-02-17', 32, '', '', 'BELUM', 0, NULL, NULL, NULL, 'FALSE'),
	(1526, NULL, 3, NULL, NULL, 'YAYU YULIANTI', NULL, NULL, NULL, NULL, NULL, '', '', 'BELUM', 0, NULL, NULL, NULL, 'FALSE'),
	(1527, NULL, 2, NULL, NULL, 'YAYU YULIANTI', NULL, NULL, NULL, '1967-11-12', 46, '', '', 'BELUM', 0, NULL, NULL, NULL, 'FALSE'),
	(1528, NULL, 1, NULL, NULL, 'ADITYA DELHAYE', NULL, NULL, NULL, '1975-05-26', 38, '', '', 'BELUM', 0, NULL, NULL, NULL, 'FALSE'),
	(1529, NULL, 2, NULL, NULL, 'ADITYA DELHAYE', NULL, NULL, NULL, NULL, NULL, '', '', 'BELUM', 0, NULL, NULL, NULL, 'FALSE'),
	(1530, NULL, 3, NULL, NULL, 'BENNY SUPRIHARTADI', NULL, NULL, NULL, NULL, NULL, '', '', 'BELUM', 0, NULL, NULL, NULL, 'FALSE'),
	(1531, NULL, 1, NULL, NULL, 'BENNY SUPRIHARTADI', NULL, NULL, NULL, '1968-02-25', 46, '', '', 'BELUM', 0, NULL, NULL, NULL, 'FALSE'),
	(1532, NULL, 2, NULL, NULL, 'HARRY PUTRI MURWANINGRUM', NULL, NULL, NULL, NULL, NULL, '', '', 'BELUM', 0, NULL, NULL, NULL, 'FALSE'),
	(1533, NULL, 3, NULL, NULL, 'HARRY PUTRI MURWANINGRUM', NULL, NULL, NULL, '1982-01-29', 32, '', '', 'BELUM', 0, NULL, NULL, NULL, 'FALSE'),
	(1534, NULL, 3, NULL, NULL, 'SLAMET', NULL, NULL, NULL, NULL, NULL, '', '', 'BELUM', 0, NULL, NULL, NULL, 'FALSE'),
	(1535, NULL, 1, NULL, NULL, 'SLAMET', NULL, NULL, NULL, '1973-07-16', 40, '', '', 'BELUM', 0, NULL, NULL, NULL, 'FALSE'),
	(1536, NULL, 3, NULL, NULL, 'SYAH UBAIDILLAH', NULL, NULL, NULL, NULL, NULL, '', '', 'BELUM', 0, NULL, NULL, NULL, 'FALSE'),
	(1537, NULL, 2, NULL, NULL, 'SYAH UBAIDILLAH', NULL, NULL, NULL, '1981-12-01', 32, '', '', 'BELUM', 0, NULL, NULL, NULL, 'FALSE'),
	(1538, NULL, 1, NULL, NULL, 'MARGA BUDIKARSA GAZALI (MORTGAGE)', NULL, NULL, NULL, NULL, NULL, '', '', 'BELUM', 0, NULL, NULL, NULL, 'FALSE'),
	(1540, NULL, 1, NULL, NULL, 'DENI TRI HARSONO', NULL, NULL, NULL, NULL, NULL, '', '', 'BELUM', 0, NULL, NULL, NULL, 'FALSE'),
	(1541, NULL, 1, NULL, NULL, 'DENI TRI HARSONO', NULL, NULL, NULL, '1977-03-31', 37, '', '', 'BELUM', 0, NULL, NULL, NULL, 'FALSE'),
	(1542, NULL, 2, NULL, NULL, 'YANTI KUSPIATI', NULL, NULL, NULL, NULL, NULL, '', '', 'BELUM', 0, NULL, NULL, NULL, 'FALSE'),
	(1543, NULL, 3, NULL, NULL, 'HERMAN SUSILO', NULL, NULL, NULL, NULL, NULL, '', '', 'BELUM', 0, NULL, NULL, NULL, 'FALSE'),
	(1544, NULL, 3, NULL, NULL, 'DRG.PUJI NURATI', NULL, NULL, NULL, NULL, NULL, '', '', 'BELUM', 0, NULL, NULL, NULL, 'FALSE'),
	(1545, NULL, 1, NULL, NULL, 'MARGA BUDIKARSA GAZALI (MORTGAGE)', NULL, NULL, NULL, '1984-01-22', 30, '', '', 'BELUM', 0, NULL, NULL, NULL, 'FALSE'),
	(1546, NULL, 1, NULL, NULL, 'ENUR NURHAYATI', NULL, NULL, NULL, NULL, NULL, '', '', 'BELUM', 0, NULL, NULL, NULL, 'FALSE'),
	(1547, NULL, 3, NULL, NULL, 'SUPRIANTO', NULL, NULL, NULL, '1977-08-11', 36, '', '', 'BELUM', 0, NULL, NULL, NULL, 'FALSE'),
	(1548, NULL, 2, NULL, NULL, 'ROHIDIN', NULL, NULL, NULL, '1972-06-04', 41, '', '', 'BELUM', 0, NULL, NULL, NULL, 'FALSE'),
	(1549, NULL, 2, NULL, NULL, 'SUGINO', NULL, NULL, NULL, '1966-09-05', 47, '', '', 'BELUM', 0, NULL, NULL, NULL, 'FALSE'),
	(1550, NULL, 1, NULL, NULL, 'ASEP ADI GANJAR WIGUNA', NULL, NULL, NULL, '1991-06-29', 22, '', '', 'BELUM', 0, NULL, NULL, NULL, 'FALSE'),
	(1551, NULL, 1, NULL, NULL, 'ASEP ADI GANJAR WIGUNA', NULL, NULL, NULL, NULL, NULL, '', '', 'BELUM', 0, NULL, NULL, NULL, 'FALSE'),
	(1552, NULL, 2, NULL, NULL, 'ANTO CARMANTO', NULL, NULL, NULL, '1976-04-13', 38, '', '', 'BELUM', 0, NULL, NULL, NULL, 'FALSE'),
	(1553, NULL, 2, NULL, NULL, 'ERLAN BERLIYANT', NULL, NULL, NULL, '1972-06-06', 41, '', '', 'BELUM', 0, NULL, NULL, NULL, 'FALSE'),
	(1555, NULL, 2, NULL, NULL, 'JAJAT DERAJAT MUTAQIN', NULL, NULL, NULL, NULL, NULL, '', '', 'BELUM', 0, NULL, NULL, NULL, 'FALSE'),
	(1556, NULL, 2, NULL, NULL, 'JAJAT DERAJAT MUTAQIN', NULL, NULL, NULL, '1982-09-10', 31, '', '', 'BELUM', 0, NULL, NULL, NULL, 'FALSE'),
	(1557, NULL, 3, NULL, NULL, 'CAYAH SUTARMAN', NULL, NULL, NULL, NULL, NULL, '', '', 'BELUM', 0, NULL, NULL, NULL, 'FALSE'),
	(1558, NULL, 3, NULL, NULL, 'CAYAH SUTARMAN', NULL, NULL, NULL, '1964-06-04', 49, '', '', 'BELUM', 0, NULL, NULL, NULL, 'FALSE'),
	(1559, NULL, 2, NULL, NULL, 'IKIN M NOOR', NULL, NULL, NULL, NULL, NULL, '', '', 'BELUM', 0, NULL, NULL, NULL, 'FALSE'),
	(1560, NULL, 2, NULL, NULL, 'IKIN M NOOR', NULL, NULL, NULL, '1964-02-11', 50, '', '', 'BELUM', 0, NULL, NULL, NULL, 'FALSE'),
	(1561, NULL, 2, NULL, NULL, 'LIA NURMALIA', NULL, NULL, NULL, NULL, NULL, '', '', 'BELUM', 0, NULL, NULL, NULL, 'FALSE'),
	(1562, NULL, 3, NULL, NULL, 'LIA NURMALIA', NULL, NULL, NULL, '1983-03-01', 31, '', '', 'BELUM', 0, NULL, NULL, NULL, 'FALSE'),
	(1563, NULL, 3, NULL, NULL, 'AGUS VICKRAM', NULL, NULL, NULL, NULL, NULL, '', '', 'BELUM', 0, NULL, NULL, NULL, 'FALSE'),
	(1564, NULL, 2, NULL, NULL, 'AGUS VICKRAM', NULL, NULL, NULL, '1970-03-05', 44, '', '', 'BELUM', 0, NULL, NULL, NULL, 'FALSE'),
	(1565, NULL, 2, NULL, NULL, 'HARYANTO', NULL, NULL, NULL, NULL, NULL, '', '', 'BELUM', 0, NULL, NULL, NULL, 'FALSE'),
	(1566, NULL, 1, NULL, NULL, 'HARYANTO', NULL, NULL, NULL, '1975-04-06', 39, '', '', 'BELUM', 0, NULL, NULL, NULL, 'FALSE'),
	(1567, NULL, 2, NULL, NULL, 'AMIN AHMADI', NULL, NULL, NULL, NULL, NULL, '', '', 'BELUM', 0, NULL, NULL, NULL, 'FALSE'),
	(1568, NULL, 1, NULL, NULL, 'AMIN AHMADI', NULL, NULL, NULL, '1978-01-31', 35, '', '', 'BELUM', 0, NULL, NULL, NULL, 'FALSE'),
	(1569, NULL, 2, NULL, NULL, 'ADI SAADUDIN,S.KOM', NULL, NULL, NULL, NULL, NULL, '', '', 'BELUM', 0, NULL, NULL, NULL, 'FALSE'),
	(1570, NULL, 1, NULL, NULL, 'ADI SAADUDIN,S.KOM', NULL, NULL, NULL, '1985-03-20', 29, '', '', 'BELUM', 0, NULL, NULL, NULL, 'FALSE'),
	(1571, NULL, 1, NULL, NULL, 'UJANG KENDAR', NULL, NULL, NULL, NULL, NULL, '', '', 'BELUM', 0, NULL, NULL, NULL, 'FALSE'),
	(1572, NULL, 1, NULL, NULL, 'UJANG KENDAR', NULL, NULL, NULL, '1980-01-12', 34, '', '', 'BELUM', 0, NULL, NULL, NULL, 'FALSE'),
	(1573, NULL, 1, NULL, NULL, 'ERLYNA TITIS SYANITA', NULL, NULL, NULL, NULL, NULL, '', '', 'BELUM', 0, NULL, NULL, NULL, 'FALSE'),
	(1574, NULL, 1, NULL, NULL, 'ERLYNA TITIS SYANITA', NULL, NULL, NULL, '1990-01-01', 24, '', '', 'BELUM', 0, NULL, NULL, NULL, 'FALSE'),
	(1575, NULL, 1, NULL, NULL, 'SERGIO RINALDHI', NULL, NULL, NULL, NULL, NULL, '', '', 'BELUM', 0, NULL, NULL, NULL, 'FALSE'),
	(1576, NULL, 2, NULL, NULL, 'SERGIO RINALDHI', NULL, NULL, NULL, '1990-06-02', 23, '', '', 'BELUM', 0, NULL, NULL, NULL, 'FALSE'),
	(1577, NULL, 2, NULL, NULL, 'RIZKIA NURFATAHYANI', NULL, NULL, NULL, NULL, NULL, '', '', 'BELUM', 0, NULL, NULL, NULL, 'FALSE'),
	(1578, NULL, 2, NULL, NULL, 'RIZKIA NURFATAHYANI', NULL, NULL, NULL, '1988-01-20', 26, '', '', 'BELUM', 0, NULL, NULL, NULL, 'FALSE'),
	(1579, NULL, 2, NULL, NULL, 'SLAMET BUDIARTO', NULL, NULL, NULL, NULL, NULL, '', '', 'BELUM', 0, NULL, NULL, NULL, 'FALSE'),
	(1580, NULL, 2, NULL, NULL, 'SLAMET BUDIARTO', NULL, NULL, NULL, '1989-05-20', 25, '', '', 'BELUM', 0, NULL, NULL, NULL, 'FALSE'),
	(1581, NULL, 3, NULL, NULL, 'OLEH SOLEHUDIN', NULL, NULL, NULL, NULL, NULL, '', '', 'BELUM', 0, NULL, NULL, NULL, 'FALSE'),
	(1582, NULL, 3, NULL, NULL, 'OLEH SOLEHUDIN', NULL, NULL, NULL, '1965-05-25', 48, '', '', 'BELUM', 0, NULL, NULL, NULL, 'FALSE'),
	(1583, NULL, 2, NULL, NULL, 'KOKO SULISTIO JAMIAT', NULL, NULL, NULL, NULL, NULL, '', '', 'BELUM', 0, NULL, NULL, NULL, 'FALSE'),
	(1584, NULL, 2, NULL, NULL, 'KOKO SULISTIO JAMIAT', NULL, NULL, NULL, '1979-10-25', 34, '', '', 'BELUM', 0, NULL, NULL, NULL, 'FALSE'),
	(1585, NULL, 2, NULL, NULL, 'KANA', NULL, NULL, NULL, NULL, NULL, '', '', 'BELUM', 0, NULL, NULL, NULL, 'FALSE'),
	(1586, NULL, 3, NULL, NULL, 'KANA', NULL, NULL, NULL, '1975-03-24', 39, '', '', 'BELUM', 0, NULL, NULL, NULL, 'FALSE'),
	(1587, NULL, 3, NULL, NULL, 'FAJAR DWI PRASTYO', NULL, NULL, NULL, NULL, NULL, '', '', 'BELUM', 0, NULL, NULL, NULL, 'FALSE'),
	(1588, NULL, 2, NULL, NULL, 'FAJAR DWI PRASTYO', NULL, NULL, NULL, '1991-10-22', 22, '', '', 'BELUM', 0, NULL, NULL, NULL, 'FALSE'),
	(1589, NULL, 2, NULL, NULL, 'RINA SIMANJUNTAK', NULL, NULL, NULL, NULL, NULL, '', '', 'BELUM', 0, NULL, NULL, NULL, 'FALSE'),
	(1590, NULL, 1, NULL, NULL, 'RINA SIMANJUNTAK', NULL, NULL, NULL, '1981-10-24', 32, '', '', 'BELUM', 0, NULL, NULL, NULL, 'FALSE'),
	(1591, NULL, 2, NULL, NULL, 'ANGGA SUKMA PRINATA', NULL, NULL, NULL, NULL, NULL, '', '', 'BELUM', 0, NULL, NULL, NULL, 'FALSE'),
	(1592, NULL, 1, NULL, NULL, 'GENTA RIDWANSYAH', NULL, NULL, NULL, NULL, NULL, '', '', 'BELUM', 0, NULL, NULL, NULL, 'FALSE'),
	(1594, NULL, 1, NULL, NULL, 'EJEB RUHYAT', NULL, NULL, NULL, NULL, NULL, '', '', 'BELUM', 0, NULL, NULL, NULL, 'FALSE'),
	(1595, NULL, 3, NULL, NULL, 'SAD TRIO UTOMO', NULL, NULL, NULL, NULL, NULL, '', '', 'BELUM', 0, NULL, NULL, NULL, 'FALSE'),
	(1596, NULL, 2, NULL, NULL, 'NUR MUSLIM', NULL, NULL, NULL, NULL, NULL, '', '', 'BELUM', 0, NULL, NULL, NULL, 'FALSE'),
	(1597, NULL, 1, NULL, NULL, 'NUR MUSLIM', NULL, NULL, NULL, '1989-03-17', 25, '', '', 'BELUM', 0, NULL, NULL, NULL, 'FALSE'),
	(1598, NULL, 2, NULL, NULL, 'EJEB RUHYAT', NULL, NULL, NULL, '1984-08-06', 29, '', '', 'BELUM', 0, NULL, NULL, NULL, 'FALSE'),
	(1599, NULL, 3, NULL, NULL, 'ELLEN KHRISNAWATI (WEB)', NULL, NULL, NULL, NULL, NULL, '', '', 'BELUM', 0, NULL, NULL, NULL, 'FALSE'),
	(1600, NULL, 2, NULL, NULL, 'ELLEN KHRISNAWATI (WEB)', NULL, NULL, NULL, '1980-06-15', 33, '', '', 'BELUM', 0, NULL, NULL, NULL, 'FALSE'),
	(1601, NULL, 3, NULL, NULL, 'WIDYA WITA (WEB)', NULL, NULL, NULL, NULL, NULL, '', '', 'BELUM', 0, NULL, NULL, NULL, 'FALSE'),
	(1602, NULL, 1, NULL, NULL, 'WIDYA WITA (WEB)', NULL, NULL, NULL, '1968-06-10', 45, '', '', 'BELUM', 0, NULL, NULL, NULL, 'FALSE'),
	(1603, NULL, 3, NULL, NULL, 'HARRY SETYO WIBOWO (WEB)', NULL, NULL, NULL, NULL, NULL, '', '', 'BELUM', 0, NULL, NULL, NULL, 'FALSE'),
	(1604, NULL, 2, NULL, NULL, 'HARRY SETYO WIBOWO (WEB)', NULL, NULL, NULL, '1986-01-01', 28, '', '', 'BELUM', 0, NULL, NULL, NULL, 'FALSE'),
	(1605, NULL, 3, NULL, NULL, 'AHMAD SURURI AFIF (WEB)', NULL, NULL, NULL, NULL, NULL, '', '', 'BELUM', 0, NULL, NULL, NULL, 'FALSE'),
	(1606, NULL, 2, NULL, NULL, 'AHMAD SURURI AFIF (WEB)', NULL, NULL, NULL, '1974-08-03', 39, '', '', 'BELUM', 0, NULL, NULL, NULL, 'FALSE'),
	(1607, NULL, 2, NULL, NULL, 'EVY YUNITA (WEB)', NULL, NULL, NULL, NULL, NULL, '', '', 'BELUM', 0, NULL, NULL, NULL, 'FALSE'),
	(1608, NULL, 3, NULL, NULL, 'EVY YUNITA (WEB)', NULL, NULL, NULL, '1973-07-25', 40, '', '', 'BELUM', 0, NULL, NULL, NULL, 'FALSE'),
	(1609, NULL, 1, NULL, NULL, 'ANTON JAYA HARTONO', NULL, NULL, NULL, NULL, NULL, '', '', 'BELUM', 0, NULL, NULL, NULL, 'FALSE'),
	(1610, NULL, 3, NULL, NULL, 'ANTON JAYA HARTONO', NULL, NULL, NULL, '1993-07-03', 20, '', '', 'BELUM', 0, NULL, NULL, NULL, 'FALSE'),
	(1611, NULL, 2, NULL, NULL, 'RUDI HARTONO', NULL, NULL, NULL, NULL, NULL, '', '', 'BELUM', 0, NULL, NULL, NULL, 'FALSE'),
	(1612, NULL, 1, NULL, NULL, 'RUDI HARTONO', NULL, NULL, NULL, '1987-01-05', 27, '', '', 'BELUM', 0, NULL, NULL, NULL, 'FALSE'),
	(1613, NULL, 2, NULL, NULL, 'HERU PURWANTO', NULL, NULL, NULL, '1986-01-16', 28, '', '', 'BELUM', 0, NULL, NULL, NULL, 'FALSE'),
	(1614, NULL, 3, NULL, NULL, 'GENTA RIDWANSYAH', NULL, NULL, NULL, '1978-02-05', 36, '', '', 'BELUM', 0, NULL, NULL, NULL, 'FALSE'),
	(1616, NULL, 1, NULL, NULL, 'TONY HADI SONJAYA', NULL, NULL, NULL, NULL, NULL, '', '', 'BELUM', 0, NULL, NULL, NULL, 'FALSE'),
	(1617, NULL, 2, NULL, NULL, 'TONY HADI SONJAYA', NULL, NULL, NULL, '1984-09-13', 28, '', '', 'BELUM', 0, NULL, NULL, NULL, 'FALSE'),
	(1618, NULL, 3, NULL, NULL, 'FITRI RACHMA KAMALA', NULL, NULL, NULL, NULL, NULL, '', '', 'BELUM', 0, NULL, NULL, NULL, 'FALSE'),
	(1619, NULL, 3, NULL, NULL, 'FITRI RACHMA KAMALA', NULL, NULL, NULL, '1988-05-06', 26, '', '', 'BELUM', 0, NULL, NULL, NULL, 'FALSE'),
	(1620, NULL, 1, NULL, NULL, 'NILAM', NULL, NULL, NULL, NULL, NULL, '', '', 'BELUM', 0, NULL, NULL, NULL, 'FALSE'),
	(1621, NULL, 3, NULL, NULL, 'NILAM', NULL, NULL, NULL, '1977-11-27', 36, '', '', 'BELUM', 0, NULL, NULL, NULL, 'FALSE'),
	(1622, NULL, 2, NULL, NULL, 'SUNYO ADJI PURNOMO', NULL, NULL, NULL, NULL, NULL, '', '', 'BELUM', 0, NULL, NULL, NULL, 'FALSE'),
	(1623, NULL, 1, NULL, NULL, 'SUNYO ADJI PURNOMO', NULL, NULL, NULL, '1981-07-16', 32, '', '', 'BELUM', 0, NULL, NULL, NULL, 'FALSE'),
	(1624, NULL, 1, NULL, NULL, 'RATNA NINGSIH', NULL, NULL, NULL, NULL, NULL, '', '', 'BELUM', 0, NULL, NULL, NULL, 'FALSE'),
	(1625, NULL, 1, NULL, NULL, 'RATNA NINGSIH', NULL, NULL, NULL, '1979-05-09', 35, '', '', 'BELUM', 0, NULL, NULL, NULL, 'FALSE'),
	(1626, NULL, 1, NULL, NULL, 'LENA KURNIASIH', NULL, NULL, NULL, NULL, NULL, '', '', 'BELUM', 0, NULL, NULL, NULL, 'FALSE'),
	(1627, NULL, 1, NULL, NULL, 'LENA KURNIASIH', NULL, NULL, NULL, '1984-07-22', 29, '', '', 'BELUM', 0, NULL, NULL, NULL, 'FALSE'),
	(1628, NULL, 2, NULL, NULL, 'KIKI YUWANTIKA', NULL, NULL, NULL, NULL, NULL, '', '', 'BELUM', 0, NULL, NULL, NULL, 'FALSE'),
	(1629, NULL, 2, NULL, NULL, 'KIKI YUWANTIKA', NULL, NULL, NULL, '1979-01-07', 35, '', '', 'BELUM', 0, NULL, NULL, NULL, 'FALSE'),
	(1630, NULL, 2, NULL, NULL, 'KURNIAWAN', NULL, NULL, NULL, NULL, NULL, '', '', 'BELUM', 0, NULL, NULL, NULL, 'FALSE'),
	(1631, NULL, 2, NULL, NULL, 'KURNIAWAN', NULL, NULL, NULL, '1981-11-29', 32, '', '', 'BELUM', 0, NULL, NULL, NULL, 'FALSE'),
	(1632, NULL, 2, NULL, NULL, 'ASEP DINI MULYANA', NULL, NULL, NULL, NULL, NULL, '', '', 'BELUM', 0, NULL, NULL, NULL, 'FALSE'),
	(1633, NULL, 3, NULL, NULL, 'ASEP DINI MULYANA', NULL, NULL, NULL, '1963-11-05', 50, '', '', 'BELUM', 0, NULL, NULL, NULL, 'FALSE'),
	(1634, NULL, 3, NULL, NULL, 'ALIN SULISTIANI', NULL, NULL, NULL, NULL, NULL, '', '', 'BELUM', 0, NULL, NULL, NULL, 'FALSE'),
	(1635, NULL, 2, NULL, NULL, 'ALIN SULISTIANI', NULL, NULL, NULL, '1988-11-09', 25, '', '', 'BELUM', 0, NULL, NULL, NULL, 'FALSE'),
	(1636, NULL, 2, NULL, NULL, 'YUSTAN AZIDIN', NULL, NULL, NULL, '1969-06-28', 44, '', '', 'BELUM', 0, NULL, NULL, NULL, 'FALSE'),
	(1637, NULL, 2, NULL, NULL, 'BUDI SUDARSA', NULL, NULL, NULL, NULL, NULL, '', '', 'BELUM', 0, NULL, NULL, NULL, 'FALSE'),
	(1638, NULL, 3, NULL, NULL, 'BUDI SUDARSA', NULL, NULL, NULL, '1984-09-22', 29, '', '', 'BELUM', 0, NULL, NULL, NULL, 'FALSE'),
	(1639, NULL, 3, NULL, NULL, 'HARIYADI KURNIAWAN', NULL, NULL, NULL, NULL, NULL, '', '', 'BELUM', 0, NULL, NULL, NULL, 'FALSE'),
	(1640, NULL, 2, NULL, NULL, 'HARIYADI KURNIAWAN', NULL, NULL, NULL, '1978-11-10', 35, '', '', 'BELUM', 0, NULL, NULL, NULL, 'FALSE'),
	(1641, NULL, 2, NULL, NULL, 'ACHWAN WINTORO', NULL, NULL, NULL, NULL, NULL, '', '', 'BELUM', 0, NULL, NULL, NULL, 'FALSE'),
	(1642, NULL, 1, NULL, NULL, 'ACHWAN WINTORO', NULL, NULL, NULL, '1972-06-12', 41, '', '', 'BELUM', 0, NULL, NULL, NULL, 'FALSE'),
	(1643, NULL, 2, NULL, NULL, 'ACEP SUKANDAR', NULL, NULL, NULL, NULL, NULL, '', '', 'BELUM', 0, NULL, NULL, NULL, 'FALSE'),
	(1644, NULL, 1, NULL, NULL, 'ACEP SUKANDAR', NULL, NULL, NULL, '1964-10-09', 49, '', '', 'BELUM', 0, NULL, NULL, NULL, 'FALSE'),
	(1645, NULL, 2, NULL, NULL, 'HETY', NULL, NULL, NULL, NULL, NULL, '', '', 'BELUM', 0, NULL, NULL, NULL, 'FALSE'),
	(1646, NULL, 1, NULL, NULL, 'HETY', NULL, NULL, NULL, '1979-12-31', 34, '', '', 'BELUM', 0, NULL, NULL, NULL, 'FALSE'),
	(1647, NULL, 3, NULL, NULL, 'RUSTAM EFFENDY', NULL, NULL, NULL, NULL, NULL, '', '', 'BELUM', 0, NULL, NULL, NULL, 'FALSE'),
	(1648, NULL, 2, NULL, NULL, 'RUSTAM EFFENDY', NULL, NULL, NULL, '1969-10-29', 44, '', '', 'BELUM', 0, NULL, NULL, NULL, 'FALSE'),
	(1649, NULL, 1, NULL, NULL, 'ENI RUDIASTUTI,ST', NULL, NULL, NULL, NULL, NULL, '', '', 'BELUM', 0, NULL, NULL, NULL, 'FALSE'),
	(1651, NULL, 2, NULL, NULL, 'SURADI', NULL, NULL, NULL, '1965-09-03', 47, '', '', 'BELUM', 0, NULL, NULL, NULL, 'FALSE'),
	(1652, NULL, 3, NULL, NULL, 'SURADI', NULL, NULL, NULL, NULL, NULL, '', '', 'BELUM', 0, NULL, NULL, NULL, 'FALSE'),
	(1653, NULL, 3, NULL, NULL, 'OCKIE CASTRENA YULIAWAN', NULL, NULL, NULL, '1980-01-02', 34, '', '', 'BELUM', 0, NULL, NULL, NULL, 'FALSE'),
	(1654, NULL, 1, NULL, NULL, 'OCKIE CASTRENA YULIAWAN', NULL, NULL, NULL, NULL, NULL, '', '', 'BELUM', 0, NULL, NULL, NULL, 'FALSE'),
	(1655, NULL, 3, NULL, NULL, 'YUSUF PATONI', NULL, NULL, NULL, NULL, NULL, '', '', 'BELUM', 0, NULL, NULL, NULL, 'FALSE'),
	(1656, NULL, 2, NULL, NULL, 'YUSUF PATONI', NULL, NULL, NULL, '1976-01-06', 38, '', '', 'BELUM', 0, NULL, NULL, NULL, 'FALSE'),
	(1657, NULL, 3, NULL, NULL, 'DIANA AMIR', NULL, NULL, NULL, NULL, NULL, '', '', 'BELUM', 0, NULL, NULL, NULL, 'FALSE'),
	(1658, NULL, 2, NULL, NULL, 'DIANA AMIR', NULL, NULL, NULL, '1977-03-06', 37, '', '', 'BELUM', 0, NULL, NULL, NULL, 'FALSE'),
	(1659, NULL, 2, NULL, NULL, 'W.BRIAN ARGA PUSPARANI', NULL, NULL, NULL, NULL, NULL, '', '', 'BELUM', 0, NULL, NULL, NULL, 'FALSE'),
	(1660, NULL, 3, NULL, NULL, 'YAYAN AHMAD SOFYAN', NULL, NULL, NULL, '1973-05-07', 40, '', '', 'BELUM', 0, NULL, NULL, NULL, 'FALSE'),
	(1661, NULL, 1, NULL, NULL, 'YAYAN AHMAD SOFYAN', NULL, NULL, NULL, NULL, NULL, '', '', 'BELUM', 0, NULL, NULL, NULL, 'FALSE'),
	(1662, NULL, 3, NULL, NULL, 'GRACE NATALINA SIREGAR', NULL, NULL, NULL, NULL, NULL, '', '', 'BELUM', 0, NULL, NULL, NULL, 'FALSE'),
	(1663, NULL, 2, NULL, NULL, 'GRACE NATALINA SIREGAR', NULL, NULL, NULL, '1981-12-17', 32, '', '', 'BELUM', 0, NULL, NULL, NULL, 'FALSE'),
	(1664, NULL, 1, NULL, NULL, 'R.BAHTIAR RAHMAN HAKIM', NULL, NULL, NULL, NULL, NULL, '', '', 'BELUM', 0, NULL, NULL, NULL, 'FALSE'),
	(1665, NULL, 2, NULL, NULL, 'R.BAHTIAR RAHMAN HAKIM', NULL, NULL, NULL, '1985-12-04', 28, '', '', 'BELUM', 0, NULL, NULL, NULL, 'FALSE'),
	(1666, NULL, 3, NULL, NULL, 'NOFILIANTO DELLY SULESTIONO', NULL, NULL, NULL, NULL, NULL, '', '', 'BELUM', 0, NULL, NULL, NULL, 'FALSE'),
	(1668, NULL, 2, NULL, NULL, 'ELVI CHAERANI', NULL, NULL, NULL, NULL, NULL, '', '', 'BELUM', 0, NULL, NULL, NULL, 'FALSE'),
	(1669, NULL, 3, NULL, NULL, 'ELVI CHAERANI', NULL, NULL, NULL, '1971-12-07', 42, '', '', 'BELUM', 0, NULL, NULL, NULL, 'FALSE'),
	(1670, NULL, 3, NULL, NULL, 'DARMAZI', NULL, NULL, NULL, '1968-12-07', 44, '', '', 'BELUM', 0, NULL, NULL, NULL, 'FALSE'),
	(1671, NULL, 1, NULL, NULL, 'RAJ.DYAH ENDAHING TYAS KW', NULL, NULL, NULL, NULL, NULL, '', '', 'BELUM', 0, NULL, NULL, NULL, 'FALSE'),
	(1672, NULL, 3, NULL, NULL, 'RAJ.DYAH ENDAHING TYAS KW', NULL, NULL, NULL, '1978-11-24', 34, '', '', 'BELUM', 0, NULL, NULL, NULL, 'FALSE'),
	(1673, NULL, 2, NULL, NULL, 'AMRUL YAHYA', NULL, NULL, NULL, NULL, NULL, '', '', 'BELUM', 0, NULL, NULL, NULL, 'FALSE'),
	(1674, NULL, 1, NULL, NULL, 'AMRUL YAHYA', NULL, NULL, NULL, '1974-06-07', 39, '', '', 'BELUM', 0, NULL, NULL, NULL, 'FALSE'),
	(1675, NULL, 1, NULL, NULL, 'AHSANUL AWWALIN', NULL, NULL, NULL, NULL, NULL, '', '', 'BELUM', 0, NULL, NULL, NULL, 'FALSE'),
	(1676, NULL, 1, NULL, NULL, 'AHSANUL AWWALIN', NULL, NULL, NULL, '1967-07-23', 46, '', '', 'BELUM', 0, NULL, NULL, NULL, 'FALSE'),
	(1677, NULL, 1, NULL, NULL, 'TUTIK RISWANTI', NULL, NULL, NULL, NULL, NULL, '', '', 'BELUM', 0, NULL, NULL, NULL, 'FALSE'),
	(1678, NULL, 1, NULL, NULL, 'TUTIK RISWANTI', NULL, NULL, NULL, '1970-06-10', 43, '', '', 'BELUM', 0, NULL, NULL, NULL, 'FALSE'),
	(1679, NULL, 2, NULL, NULL, 'MULYANTO', NULL, NULL, NULL, NULL, NULL, '', '', 'BELUM', 0, NULL, NULL, NULL, 'FALSE'),
	(1680, NULL, 2, NULL, NULL, 'MULYANTO', NULL, NULL, NULL, '1982-05-05', 31, '', '', 'BELUM', 0, NULL, NULL, NULL, 'FALSE'),
	(1681, NULL, 2, NULL, NULL, 'UNAENIH', NULL, NULL, NULL, NULL, NULL, '', '', 'BELUM', 0, NULL, NULL, NULL, 'FALSE'),
	(1682, NULL, 2, NULL, NULL, 'UNAENIH', NULL, NULL, NULL, '1998-06-14', 15, '', '', 'BELUM', 0, NULL, NULL, NULL, 'FALSE'),
	(1683, NULL, 2, NULL, NULL, 'UNAENIH', NULL, NULL, NULL, '1998-06-14', 15, '', '', 'BELUM', 0, NULL, NULL, NULL, 'FALSE'),
	(1684, NULL, 3, NULL, NULL, 'UNAENIH', NULL, NULL, NULL, '1998-06-14', 15, '', '', 'BELUM', 0, NULL, NULL, NULL, 'FALSE'),
	(1685, NULL, 3, NULL, NULL, 'UNAENIH', NULL, NULL, NULL, '1998-06-14', 15, '', '', 'BELUM', 0, NULL, NULL, NULL, 'FALSE'),
	(1686, NULL, 2, NULL, NULL, 'MULYADI NASUTION', NULL, NULL, NULL, NULL, NULL, '', '', 'BELUM', 0, NULL, NULL, NULL, 'FALSE'),
	(1687, NULL, 2, NULL, NULL, 'MULYADI NASUTION', NULL, NULL, NULL, '1975-04-17', 38, '', '', 'BELUM', 0, NULL, NULL, NULL, 'FALSE'),
	(1688, NULL, 2, NULL, NULL, 'KHAIRUL', NULL, NULL, NULL, NULL, NULL, '', '', 'BELUM', 0, NULL, NULL, NULL, 'FALSE'),
	(1689, NULL, 3, NULL, NULL, 'KHAIRUL', NULL, NULL, NULL, '1964-04-11', 49, '', '', 'BELUM', 0, NULL, NULL, NULL, 'FALSE'),
	(1690, NULL, 3, NULL, NULL, 'EVI KHAIRANI', NULL, NULL, NULL, NULL, NULL, '', '', 'BELUM', 0, NULL, NULL, NULL, 'FALSE'),
	(1691, NULL, 2, NULL, NULL, 'EVI KHAIRANI', NULL, NULL, NULL, '1981-03-04', 32, '', '', 'BELUM', 0, NULL, NULL, NULL, 'FALSE'),
	(1692, NULL, 2, NULL, NULL, 'AMINUDIN', NULL, NULL, NULL, NULL, NULL, '', '', 'BELUM', 0, NULL, NULL, NULL, 'FALSE'),
	(1693, NULL, 1, NULL, NULL, 'YOSEP SUDRAJAT', NULL, NULL, NULL, NULL, NULL, '', '', 'BELUM', 0, NULL, NULL, NULL, 'FALSE'),
	(1694, NULL, 2, NULL, NULL, 'SHANDY RACHMAN', NULL, NULL, NULL, NULL, NULL, '', '', 'BELUM', 0, NULL, NULL, NULL, 'FALSE'),
	(1695, NULL, 1, NULL, NULL, 'SHANDY RACHMAN', NULL, NULL, NULL, '1981-10-20', 32, '', '', 'BELUM', 0, NULL, NULL, NULL, 'FALSE'),
	(1696, NULL, 2, NULL, NULL, 'SARTIONO', NULL, NULL, NULL, NULL, NULL, '', '', 'BELUM', 0, NULL, NULL, NULL, 'FALSE'),
	(1697, NULL, 1, NULL, NULL, 'SARTIONO', NULL, NULL, NULL, '1969-08-03', 44, '', '', 'BELUM', 0, NULL, NULL, NULL, 'FALSE'),
	(1700, NULL, 2, NULL, NULL, 'HENDRA KOSWARA', NULL, NULL, NULL, '1975-11-20', 38, '', '', 'BELUM', 0, NULL, NULL, NULL, 'FALSE'),
	(1701, NULL, 1, NULL, NULL, 'TAHMID ARIFIN', NULL, NULL, NULL, '1964-06-03', 49, '', '', 'BELUM', 0, NULL, NULL, NULL, 'FALSE'),
	(1702, NULL, 3, NULL, NULL, 'MUHAMAD SOLEH', NULL, NULL, NULL, '1974-12-15', 39, '', '', 'BELUM', 0, NULL, NULL, NULL, 'FALSE'),
	(1703, NULL, 2, NULL, NULL, 'WARSITA', NULL, NULL, NULL, '1970-07-15', 43, '', '', 'BELUM', 0, NULL, NULL, NULL, 'FALSE'),
	(1704, NULL, 3, NULL, NULL, 'KHAIRULLOH', NULL, NULL, NULL, '1979-07-25', 34, '', '', 'BELUM', 0, NULL, NULL, NULL, 'FALSE'),
	(1706, NULL, 1, NULL, NULL, 'ANTONIUS HARTONO', NULL, NULL, NULL, NULL, NULL, '', '', 'BELUM', 0, NULL, NULL, NULL, 'FALSE'),
	(1707, NULL, 3, NULL, NULL, 'ANTONIUS HARTONO', NULL, NULL, NULL, '1974-07-01', 39, '', '', 'BELUM', 0, NULL, NULL, NULL, 'FALSE'),
	(1708, NULL, 2, NULL, NULL, 'SUKARTO HADIYOTO', NULL, NULL, NULL, NULL, NULL, '', '', 'BELUM', 0, NULL, NULL, NULL, 'FALSE'),
	(1709, NULL, 3, NULL, NULL, 'SUKARTO HADIYOTO', NULL, NULL, NULL, '1959-08-14', 54, '', '', 'BELUM', 0, NULL, NULL, NULL, 'FALSE'),
	(1710, NULL, 2, NULL, NULL, 'AHMAD MUHAROM', NULL, NULL, NULL, NULL, NULL, '', '', 'BELUM', 0, NULL, NULL, NULL, 'FALSE'),
	(1711, NULL, 2, NULL, NULL, 'ACHMAD RUYAT', NULL, NULL, NULL, NULL, NULL, '', '', 'BELUM', 0, NULL, NULL, NULL, 'FALSE'),
	(1712, NULL, 3, NULL, NULL, 'ACHMAD RUYAT', NULL, NULL, NULL, '1966-09-09', 47, '', '', 'BELUM', 0, NULL, NULL, NULL, 'FALSE'),
	(1713, NULL, 1, NULL, NULL, 'SUMADI', NULL, NULL, NULL, NULL, NULL, '', '', 'BELUM', 0, NULL, NULL, NULL, 'FALSE'),
	(1714, NULL, 1, NULL, NULL, 'HALILINTAR', NULL, NULL, NULL, '1986-08-28', 26, '', '', 'BELUM', 0, NULL, NULL, NULL, 'FALSE'),
	(1715, NULL, 3, NULL, NULL, 'NOFILIANTO DELLY SULESTIONO', NULL, NULL, NULL, '1983-11-25', 30, '', '', 'BELUM', 0, NULL, NULL, NULL, 'FALSE'),
	(1716, NULL, 2, NULL, NULL, 'MADE SARASWATI CYNTIA DEWANTARI (WEB)', NULL, NULL, NULL, '1987-08-15', 26, '', '', 'BELUM', 0, NULL, NULL, NULL, 'FALSE'),
	(1717, NULL, 1, NULL, NULL, 'IKWAN NUSOFA (WEB)', NULL, NULL, NULL, '1982-06-10', 31, '', '', 'BELUM', 0, NULL, NULL, NULL, 'FALSE'),
	(1718, NULL, 2, NULL, NULL, 'EKA SUPRIYATNA (WEB)', NULL, NULL, NULL, '1973-08-20', 40, '', '', 'BELUM', 0, NULL, NULL, NULL, 'FALSE'),
	(1719, NULL, 3, NULL, NULL, 'ADE SDOFYAN NURAZIZ (WEB)', NULL, NULL, NULL, NULL, NULL, '', '', 'BELUM', 0, NULL, NULL, NULL, 'FALSE'),
	(1720, NULL, 1, NULL, NULL, 'ADE SDOFYAN NURAZIZ (WEB)', NULL, NULL, NULL, '1984-01-11', 30, '', '', 'BELUM', 0, NULL, NULL, NULL, 'FALSE'),
	(1721, NULL, 2, NULL, NULL, 'LIA DEWI PERMATA SARI (WEB)', NULL, NULL, NULL, NULL, NULL, '', '', 'BELUM', 0, NULL, NULL, NULL, 'FALSE'),
	(1722, NULL, 3, NULL, NULL, 'LIA DEWI PERMATA SARI (WEB)', NULL, NULL, NULL, '1964-12-15', 49, '', '', 'BELUM', 0, NULL, NULL, NULL, 'FALSE'),
	(1723, NULL, 3, NULL, NULL, 'AGAM ERNAWAN (WEB)', NULL, NULL, NULL, NULL, NULL, '', '', 'BELUM', 0, NULL, NULL, NULL, 'FALSE'),
	(1724, NULL, 1, NULL, NULL, 'AGAM ERNAWAN (WEB)', NULL, NULL, NULL, '1963-03-09', 51, '', '', 'BELUM', 0, NULL, NULL, NULL, 'FALSE'),
	(1725, NULL, 3, NULL, NULL, 'DIDI SANTOSO (WEB)', NULL, NULL, NULL, NULL, NULL, '', '', 'BELUM', 0, NULL, NULL, NULL, 'FALSE'),
	(1726, NULL, 2, NULL, NULL, 'DIDI SANTOSO (WEB)', NULL, NULL, NULL, '1972-09-15', 41, '', '', 'BELUM', 0, NULL, NULL, NULL, 'FALSE'),
	(1727, NULL, 1, NULL, NULL, 'ELIZABET (WEB)', NULL, NULL, NULL, NULL, NULL, '', '', 'BELUM', 0, NULL, NULL, NULL, 'FALSE'),
	(1728, NULL, 1, NULL, NULL, 'ELIZABET (WEB)', NULL, NULL, NULL, '1983-01-25', 31, '', '', 'BELUM', 0, NULL, NULL, NULL, 'FALSE'),
	(1729, NULL, 1, NULL, NULL, 'RONI ABDUL MAJID (WEB)', NULL, NULL, NULL, NULL, NULL, '', '', 'BELUM', 0, NULL, NULL, NULL, 'FALSE'),
	(1730, NULL, 1, NULL, NULL, 'RONI ABDUL MAJID (WEB)', NULL, NULL, NULL, '1982-11-03', 31, '', '', 'BELUM', 0, NULL, NULL, NULL, 'FALSE'),
	(1732, NULL, 2, NULL, NULL, 'ARI SUWARNO (WEB)', NULL, NULL, NULL, '1984-01-10', 30, '', '', 'BELUM', 0, NULL, NULL, NULL, 'FALSE'),
	(1733, NULL, 2, NULL, NULL, 'KURNIA (WEB)', NULL, NULL, NULL, NULL, NULL, '', '', 'BELUM', 0, NULL, NULL, NULL, 'FALSE'),
	(1734, NULL, 2, NULL, NULL, 'KURNIA (WEB)', NULL, NULL, NULL, '1975-04-12', 39, '', '', 'BELUM', 0, NULL, NULL, NULL, 'FALSE'),
	(1735, NULL, 2, NULL, NULL, 'AHMAD SIHABUDIN (WEB)', NULL, NULL, NULL, NULL, NULL, '', '', 'BELUM', 0, NULL, NULL, NULL, 'FALSE'),
	(1736, NULL, 2, NULL, NULL, 'AHMAD SIHABUDIN (WEB)', NULL, NULL, NULL, '1976-05-19', 38, '', '', 'BELUM', 0, NULL, NULL, NULL, 'FALSE'),
	(1737, NULL, 3, NULL, NULL, 'BETI KUSMIATI (WEB)', NULL, NULL, NULL, NULL, NULL, '', '', 'BELUM', 0, NULL, NULL, NULL, 'FALSE'),
	(1738, NULL, 3, NULL, NULL, 'BETI KUSMIATI (WEB)', NULL, NULL, NULL, '1973-11-15', 40, '', '', 'BELUM', 0, NULL, NULL, NULL, 'FALSE'),
	(1739, NULL, 2, NULL, NULL, 'SONI KUSWANDI (WEB)', NULL, NULL, NULL, NULL, NULL, '', '', 'BELUM', 0, NULL, NULL, NULL, 'FALSE'),
	(1740, NULL, 2, NULL, NULL, 'SONI KUSWANDI (WEB)', NULL, NULL, NULL, '1966-01-16', 48, '', '', 'BELUM', 0, NULL, NULL, NULL, 'FALSE'),
	(1741, NULL, 2, NULL, NULL, 'EKA PRASETIANINGSIH (WEB)', NULL, NULL, NULL, NULL, NULL, '', '', 'BELUM', 0, NULL, NULL, NULL, 'FALSE'),
	(1742, NULL, 3, NULL, NULL, 'EKA PRASETIANINGSIH (WEB)', NULL, NULL, NULL, '1969-09-15', 44, '', '', 'BELUM', 0, NULL, NULL, NULL, 'FALSE'),
	(1743, NULL, 3, NULL, NULL, 'CHRIS YUDIANTO HAMIM (WEB)', NULL, NULL, NULL, NULL, NULL, '', '', 'BELUM', 0, NULL, NULL, NULL, 'FALSE'),
	(1744, NULL, 2, NULL, NULL, 'CHRIS YUDIANTO HAMIM (WEB)', NULL, NULL, NULL, '1974-06-20', 39, '', '', 'BELUM', 0, NULL, NULL, NULL, 'FALSE'),
	(1745, NULL, 2, NULL, NULL, 'CHRIS YUDIANTO HAMIM (WEB)', NULL, NULL, NULL, '1974-06-20', 39, '', '', 'BELUM', 0, NULL, NULL, NULL, 'FALSE'),
	(1746, NULL, 1, NULL, NULL, 'CHRIS YUDIANTO HAMIM (WEB)', NULL, NULL, NULL, '1974-06-20', 39, '', '', 'BELUM', 0, NULL, NULL, NULL, 'FALSE'),
	(1747, NULL, 2, NULL, NULL, 'CHRIS YUDIANTO HAMIM (WEB)', NULL, NULL, NULL, '1974-06-20', 39, '', '', 'BELUM', 0, NULL, NULL, NULL, 'FALSE'),
	(1748, NULL, 1, NULL, NULL, 'CHRIS YUDIANTO HAMIM (WEB)', NULL, NULL, NULL, '1974-06-20', 39, '', '', 'BELUM', 0, NULL, NULL, NULL, 'FALSE'),
	(1749, NULL, 2, NULL, NULL, 'DADAM RAMDHAN KASMUDI (WEB)', NULL, NULL, NULL, NULL, NULL, '', '', 'BELUM', 0, NULL, NULL, NULL, 'FALSE'),
	(1750, NULL, 1, NULL, NULL, 'DADAM RAMDHAN KASMUDI (WEB)', NULL, NULL, NULL, '1969-11-24', 44, '', '', 'BELUM', 0, NULL, NULL, NULL, 'FALSE'),
	(1751, NULL, 3, NULL, NULL, 'DEWI MARIA (WEB)', NULL, NULL, NULL, NULL, NULL, '', '', 'BELUM', 0, NULL, NULL, NULL, 'FALSE'),
	(1752, NULL, 2, NULL, NULL, 'DEWI MARIA (WEB)', NULL, NULL, NULL, '1979-08-17', 34, '', '', 'BELUM', 0, NULL, NULL, NULL, 'FALSE'),
	(1753, NULL, 1, NULL, NULL, 'ENUNG S NAWAWI (WEB)', NULL, NULL, NULL, NULL, NULL, '', '', 'BELUM', 0, NULL, NULL, NULL, 'FALSE'),
	(1755, NULL, 3, NULL, NULL, 'SYAWALIARTI (WEB)', NULL, NULL, NULL, NULL, NULL, '', '', 'BELUM', 0, NULL, NULL, NULL, 'FALSE'),
	(1756, NULL, 1, NULL, NULL, 'SYAWALIARTI (WEB)', NULL, NULL, NULL, '1973-11-19', 40, '', '', 'BELUM', 0, NULL, NULL, NULL, 'FALSE'),
	(1757, NULL, 2, NULL, NULL, 'DADANG KUSMANA', NULL, NULL, NULL, NULL, NULL, '', '', 'BELUM', 0, NULL, NULL, NULL, 'FALSE'),
	(1758, NULL, 3, NULL, NULL, 'DADANG KUSMANA', NULL, NULL, NULL, '1963-03-14', 51, '', '', 'BELUM', 0, NULL, NULL, NULL, 'FALSE'),
	(1759, NULL, 1, NULL, NULL, 'IDAM SUPIANA', NULL, NULL, NULL, NULL, NULL, '', '', 'BELUM', 0, NULL, NULL, NULL, 'FALSE'),
	(1760, NULL, 3, NULL, NULL, 'IDAM SUPIANA', NULL, NULL, NULL, '1986-10-11', 27, '', '', 'BELUM', 0, NULL, NULL, NULL, 'FALSE'),
	(1761, NULL, 2, NULL, NULL, 'RAIMA SYAHIDAH NOORS', NULL, NULL, NULL, '1989-03-23', 25, '', '', 'BELUM', 0, NULL, NULL, NULL, 'FALSE'),
	(1762, NULL, 3, NULL, NULL, 'TUMPAL NAPITUPULU', NULL, NULL, NULL, NULL, NULL, '', '', 'BELUM', 0, NULL, NULL, NULL, 'FALSE'),
	(1764, NULL, 2, NULL, NULL, 'SIWININGTYAS UTAMI', NULL, NULL, NULL, NULL, NULL, '', '', 'BELUM', 0, NULL, NULL, NULL, 'FALSE'),
	(1765, NULL, 3, NULL, NULL, 'SIWININGTYAS UTAMI', NULL, NULL, NULL, '1982-06-14', 31, '', '', 'BELUM', 0, NULL, NULL, NULL, 'FALSE'),
	(1766, NULL, 1, NULL, NULL, 'FAJAR NUSA PUTRA SAMODRA', NULL, NULL, NULL, NULL, NULL, '', '', 'BELUM', 0, NULL, NULL, NULL, 'FALSE'),
	(1767, NULL, 3, NULL, NULL, 'FAJAR NUSA PUTRA SAMODRA', NULL, NULL, NULL, '1968-04-28', 46, '', '', 'BELUM', 0, NULL, NULL, NULL, 'FALSE'),
	(1768, NULL, 2, NULL, NULL, 'SUGIYANTO', NULL, NULL, NULL, NULL, NULL, '', '', 'BELUM', 0, NULL, NULL, NULL, 'FALSE'),
	(1769, NULL, 1, NULL, NULL, 'SUGIYANTO', NULL, NULL, NULL, '1974-01-30', 40, '', '', 'BELUM', 0, NULL, NULL, NULL, 'FALSE'),
	(1770, NULL, 2, NULL, NULL, 'R.TEJA WULAN', NULL, NULL, NULL, NULL, NULL, '', '', 'BELUM', 0, NULL, NULL, NULL, 'FALSE'),
	(1771, NULL, 3, NULL, NULL, 'R.TEJA WULAN', NULL, NULL, NULL, '1981-03-17', 33, '', '', 'BELUM', 0, NULL, NULL, NULL, 'FALSE'),
	(1772, NULL, 1, NULL, NULL, 'FAHMI PAHLEVI (MORTGAGE)', NULL, NULL, NULL, NULL, NULL, '', '', 'BELUM', 0, NULL, NULL, NULL, 'FALSE'),
	(1773, NULL, 2, NULL, NULL, 'FAHMI PAHLEVI (MORTGAGE)', NULL, NULL, NULL, '1988-01-16', 26, '', '', 'BELUM', 0, NULL, NULL, NULL, 'FALSE'),
	(1774, NULL, 3, NULL, NULL, 'KUSRIATIN WENA PRAMAYANTI', NULL, NULL, NULL, NULL, NULL, '', '', 'BELUM', 0, NULL, NULL, NULL, 'FALSE'),
	(1775, NULL, 3, NULL, NULL, 'KUSRIATIN WENA PRAMAYANTI', NULL, NULL, NULL, '1975-05-15', 39, '', '', 'BELUM', 0, NULL, NULL, NULL, 'FALSE'),
	(1776, NULL, 1, NULL, NULL, 'ANNISA DYAH PUSPITASARI (MORTGAGE)', NULL, NULL, NULL, '1986-05-15', 28, '', '', 'BELUM', 0, NULL, NULL, NULL, 'FALSE'),
	(1777, NULL, 3, NULL, NULL, 'ANNISA DYAH PUSPITASARI (MORTGAGE)', NULL, NULL, NULL, NULL, NULL, '', '', 'BELUM', 0, NULL, NULL, NULL, 'FALSE'),
	(1778, NULL, 2, NULL, NULL, 'WULANDARI', NULL, NULL, NULL, '1990-06-21', 23, '', '', 'BELUM', 0, NULL, NULL, NULL, 'FALSE'),
	(1779, NULL, 1, NULL, NULL, 'EKO PRIYONO', NULL, NULL, NULL, '1981-05-09', 33, '', '', 'BELUM', 0, NULL, NULL, NULL, 'FALSE'),
	(1780, NULL, 2, NULL, NULL, 'UDIN BAHRUDIN', NULL, NULL, NULL, NULL, NULL, '', '', 'BELUM', 0, NULL, NULL, NULL, 'FALSE'),
	(1781, NULL, 2, NULL, NULL, 'ADENG SUPRIADI', NULL, NULL, NULL, NULL, NULL, '', '', 'BELUM', 0, NULL, NULL, NULL, 'FALSE'),
	(1782, NULL, 1, NULL, NULL, 'ADENG SUPRIADI', NULL, NULL, NULL, '1977-05-22', 36, '', '', 'BELUM', 0, NULL, NULL, NULL, 'FALSE'),
	(1783, NULL, 1, NULL, NULL, 'LUSI YUSNITA ANGGRAENI', NULL, NULL, NULL, NULL, NULL, '', '', 'BELUM', 0, NULL, NULL, NULL, 'FALSE'),
	(1784, NULL, 1, NULL, NULL, 'LUSI YUSNITA ANGGRAENI', NULL, NULL, NULL, '1981-09-26', 32, '', '', 'BELUM', 0, NULL, NULL, NULL, 'FALSE'),
	(1785, NULL, 1, NULL, NULL, 'RIO INDARWANTO', NULL, NULL, NULL, NULL, NULL, '', '', 'BELUM', 0, NULL, NULL, NULL, 'FALSE'),
	(1786, NULL, 1, NULL, NULL, 'RIO INDARWANTO', NULL, NULL, NULL, '1985-10-06', 28, '', '', 'BELUM', 0, NULL, NULL, NULL, 'FALSE'),
	(1787, NULL, 2, NULL, NULL, 'PROF.DR.H.ASEP MUHYIDDIN', NULL, NULL, NULL, NULL, NULL, '', '', 'BELUM', 0, NULL, NULL, NULL, 'FALSE'),
	(1788, NULL, 2, NULL, NULL, 'PROF.DR.H.ASEP MUHYIDDIN', NULL, NULL, NULL, '1957-08-07', 56, '', '', 'BELUM', 0, NULL, NULL, NULL, 'FALSE'),
	(1789, NULL, 2, NULL, NULL, 'AAM AMALIYA', NULL, NULL, NULL, NULL, NULL, '', '', 'BELUM', 0, NULL, NULL, NULL, 'FALSE'),
	(1790, NULL, 2, NULL, NULL, 'AAM AMALIYA', NULL, NULL, NULL, '1971-05-10', 43, '', '', 'BELUM', 0, NULL, NULL, NULL, 'FALSE'),
	(1791, NULL, 2, NULL, NULL, 'RAHMAT', NULL, NULL, NULL, NULL, NULL, '', '', 'BELUM', 0, NULL, NULL, NULL, 'FALSE'),
	(1792, NULL, 3, NULL, NULL, 'RAHMAT', NULL, NULL, NULL, '1980-07-01', 33, '', '', 'BELUM', 0, NULL, NULL, NULL, 'FALSE'),
	(1793, NULL, 3, NULL, NULL, 'ABDUL MATIN', NULL, NULL, NULL, NULL, NULL, '', '', 'BELUM', 0, NULL, NULL, NULL, 'FALSE'),
	(1795, NULL, 2, NULL, NULL, 'ASEP ABDULLAH HAZAN', NULL, NULL, NULL, NULL, NULL, '', '', 'BELUM', 0, NULL, NULL, NULL, 'FALSE'),
	(1796, NULL, 2, NULL, NULL, 'ASEP ABDULLAH HAZAN', NULL, NULL, NULL, '1975-11-04', 38, '', '', 'BELUM', 0, NULL, NULL, NULL, 'FALSE'),
	(1797, NULL, 3, NULL, NULL, 'TUMPAL NAPITUPULU', NULL, NULL, NULL, '1960-12-27', 53, '', '', 'BELUM', 0, NULL, NULL, NULL, 'FALSE'),
	(1799, NULL, 2, NULL, NULL, 'ENTIN SUPRIATIN', NULL, NULL, NULL, NULL, NULL, '', '', 'BELUM', 0, NULL, NULL, NULL, 'FALSE'),
	(1800, NULL, 2, NULL, NULL, 'ENTIN SUPRIATIN', NULL, NULL, NULL, NULL, NULL, '', '', 'BELUM', 0, NULL, NULL, NULL, 'FALSE'),
	(1801, NULL, 1, NULL, NULL, 'ENTIN SUPRIATIN', NULL, NULL, NULL, '1968-10-15', 45, '', '', 'BELUM', 0, NULL, NULL, NULL, 'FALSE'),
	(1802, NULL, 2, NULL, NULL, 'LILIS SITI ALISAH', NULL, NULL, NULL, NULL, NULL, '', '', 'BELUM', 0, NULL, NULL, NULL, 'FALSE'),
	(1803, NULL, 1, NULL, NULL, 'LILIS SITI ALISAH', NULL, NULL, NULL, '1957-09-11', 56, '', '', 'BELUM', 0, NULL, NULL, NULL, 'FALSE'),
	(1804, NULL, 3, NULL, NULL, 'RINA ROSDIANA (WEB)', NULL, NULL, NULL, NULL, NULL, '', '', 'BELUM', 0, NULL, NULL, NULL, 'FALSE'),
	(1805, NULL, 2, NULL, NULL, 'RINA ROSDIANA (WEB)', NULL, NULL, NULL, '1986-05-14', 28, '', '', 'BELUM', 0, NULL, NULL, NULL, 'FALSE'),
	(1806, NULL, 1, NULL, NULL, 'RISMAYANTI (WEB)', NULL, NULL, NULL, NULL, NULL, '', '', 'BELUM', 0, NULL, NULL, NULL, 'FALSE'),
	(1807, NULL, 3, NULL, NULL, 'RISMAYANTI (WEB)', NULL, NULL, NULL, '1986-02-17', 28, '', '', 'BELUM', 0, NULL, NULL, NULL, 'FALSE'),
	(1808, NULL, 2, NULL, NULL, 'ABDUL RAZAK (WEB)', NULL, NULL, NULL, NULL, NULL, '', '', 'BELUM', 0, NULL, NULL, NULL, 'FALSE'),
	(1809, NULL, 1, NULL, NULL, 'ABDUL RAZAK (WEB)', NULL, NULL, NULL, '1968-07-12', 45, '', '', 'BELUM', 0, NULL, NULL, NULL, 'FALSE'),
	(1810, NULL, 3, NULL, NULL, 'TRIYONO (WEB)', NULL, NULL, NULL, '1986-12-21', 27, '', '', 'BELUM', 0, NULL, NULL, NULL, 'FALSE'),
	(1811, NULL, 2, NULL, NULL, 'NOVIETHA YULIYANA (WEB)', NULL, NULL, NULL, NULL, NULL, '', '', 'BELUM', 0, NULL, NULL, NULL, 'FALSE'),
	(1814, NULL, 3, NULL, NULL, 'HARTA', NULL, NULL, NULL, NULL, NULL, '', '', 'BELUM', 0, NULL, NULL, NULL, 'FALSE'),
	(1815, NULL, 3, NULL, NULL, 'HARTA', NULL, NULL, NULL, '1971-06-03', 43, '', '', 'BELUM', 0, NULL, NULL, NULL, 'FALSE'),
	(1816, NULL, 2, NULL, NULL, 'DADANG ISKANDAR (MORTGAGE)', NULL, NULL, NULL, NULL, NULL, '', '', 'BELUM', 0, NULL, NULL, NULL, 'FALSE'),
	(1817, NULL, 3, NULL, NULL, 'DADANG ISKANDAR (MORTGAGE)', NULL, NULL, NULL, '1963-09-16', 50, '', '', 'BELUM', 0, NULL, NULL, NULL, 'FALSE'),
	(1818, NULL, 2, NULL, NULL, 'ARFAN ANDRIAWAN (MORTGAGE)', NULL, NULL, NULL, NULL, NULL, '', '', 'BELUM', 0, NULL, NULL, NULL, 'FALSE'),
	(1819, NULL, 2, NULL, NULL, 'ARFAN ANDRIAWAN (MORTGAGE)', NULL, NULL, NULL, '1985-09-03', 28, '', '', 'BELUM', 0, NULL, NULL, NULL, 'FALSE'),
	(1820, NULL, 3, NULL, NULL, 'ADE ROYANI MUSLIM', NULL, NULL, NULL, NULL, NULL, '', '', 'BELUM', 0, NULL, NULL, NULL, 'FALSE'),
	(1821, NULL, 1, NULL, NULL, 'ADE ROYANI MUSLIM', NULL, NULL, NULL, '1968-04-10', 46, '', '', 'BELUM', 0, NULL, NULL, NULL, 'FALSE'),
	(1822, NULL, 3, NULL, NULL, 'REGIE KOMARA N A', NULL, NULL, NULL, NULL, NULL, '', '', 'BELUM', 0, NULL, NULL, NULL, 'FALSE'),
	(1823, NULL, 2, NULL, NULL, 'REGIE KOMARA N A', NULL, NULL, NULL, '1981-05-20', 33, '', '', 'BELUM', 0, NULL, NULL, NULL, 'FALSE'),
	(1824, NULL, 1, NULL, NULL, 'TRI NURHANDAYANI', NULL, NULL, NULL, NULL, NULL, '', '', 'BELUM', 0, NULL, NULL, NULL, 'FALSE'),
	(1825, NULL, 2, NULL, NULL, 'TRI NURHANDAYANI', NULL, NULL, NULL, '1971-12-02', 42, '', '', 'BELUM', 0, NULL, NULL, NULL, 'FALSE'),
	(1826, NULL, 3, NULL, NULL, 'DALEM TRIA ANGGA PRAJA', NULL, NULL, NULL, NULL, NULL, '', '', 'BELUM', 0, NULL, NULL, NULL, 'FALSE'),
	(1827, NULL, 1, NULL, NULL, 'DALEM TRIA ANGGA PRAJA', NULL, NULL, NULL, '1988-09-16', 25, '', '', 'BELUM', 0, NULL, NULL, NULL, 'FALSE'),
	(1828, NULL, 2, NULL, NULL, 'WIDYA FASA', NULL, NULL, NULL, NULL, NULL, '', '', 'BELUM', 0, NULL, NULL, NULL, 'FALSE'),
	(1829, NULL, 3, NULL, NULL, 'WIDYA FASA', NULL, NULL, NULL, '1985-09-22', 28, '', '', 'BELUM', 0, NULL, NULL, NULL, 'FALSE'),
	(1830, NULL, 3, NULL, NULL, 'TRIFENA SUSWATI', NULL, NULL, NULL, '1972-06-12', 41, '', '', 'BELUM', 0, NULL, NULL, NULL, 'FALSE'),
	(1831, NULL, 1, NULL, NULL, 'RETNO SETYOWATI', NULL, NULL, NULL, '1983-02-11', 31, '', '', 'BELUM', 0, NULL, NULL, NULL, 'FALSE'),
	(1832, NULL, 3, NULL, NULL, 'SYAFFEI MANSYUR', NULL, NULL, NULL, NULL, NULL, '', '', 'BELUM', 0, NULL, NULL, NULL, 'FALSE'),
	(1833, NULL, 2, NULL, NULL, 'SYAFFEI MANSYUR', NULL, NULL, NULL, '1977-07-25', 36, '', '', 'BELUM', 0, NULL, NULL, NULL, 'FALSE'),
	(1834, NULL, 1, NULL, NULL, 'DANI SAPUTRA', NULL, NULL, NULL, NULL, NULL, '', '', 'BELUM', 0, NULL, NULL, NULL, 'FALSE'),
	(1835, NULL, 1, NULL, NULL, 'DANI SAPUTRA', NULL, NULL, NULL, '1981-10-04', 32, '', '', 'BELUM', 0, NULL, NULL, NULL, 'FALSE'),
	(1836, NULL, 1, NULL, NULL, 'DEDEN SIROJUDIN', NULL, NULL, NULL, NULL, NULL, '', '', 'BELUM', 0, NULL, NULL, NULL, 'FALSE'),
	(1837, NULL, 1, NULL, NULL, 'DEDEN SIROJUDIN', NULL, NULL, NULL, '1977-12-27', 36, '', '', 'BELUM', 0, NULL, NULL, NULL, 'FALSE'),
	(1838, NULL, 1, NULL, NULL, 'ASEP SUPARMAN', NULL, NULL, NULL, NULL, NULL, '', '', 'BELUM', 0, NULL, NULL, NULL, 'FALSE'),
	(1839, NULL, 2, NULL, NULL, 'ASEP SUPARMAN', NULL, NULL, NULL, '1971-06-01', 43, '', '', 'BELUM', 0, NULL, NULL, NULL, 'FALSE'),
	(1840, NULL, 2, NULL, NULL, 'ASTRI DANU ANTARI (WEB)', NULL, NULL, NULL, '1983-11-09', 30, '', '', 'BELUM', 0, NULL, NULL, NULL, 'FALSE'),
	(1841, NULL, 2, NULL, NULL, 'EKA SUPRIYATNA (WEB)', NULL, NULL, NULL, NULL, NULL, '', '', 'BELUM', 0, NULL, NULL, NULL, 'FALSE'),
	(1842, NULL, 2, NULL, NULL, 'IKWAN NUSOFA (WEB)', NULL, NULL, NULL, NULL, NULL, '', '', 'BELUM', 0, NULL, NULL, NULL, 'FALSE'),
	(1843, NULL, 2, NULL, NULL, 'IMAN MAANAIYA (WEB)', NULL, NULL, NULL, NULL, NULL, '', '', 'BELUM', 0, NULL, NULL, NULL, 'FALSE'),
	(1844, NULL, 3, NULL, NULL, 'IMAN MAANAIYA (WEB)', NULL, NULL, NULL, '1975-09-22', 38, '', '', 'BELUM', 0, NULL, NULL, NULL, 'FALSE'),
	(1845, NULL, 3, NULL, NULL, 'VERAWATI (WEB)', NULL, NULL, NULL, NULL, NULL, '', '', 'BELUM', 0, NULL, NULL, NULL, 'FALSE'),
	(1846, NULL, 2, NULL, NULL, 'VERAWATI (WEB)', NULL, NULL, NULL, '1977-02-23', 37, '', '', 'BELUM', 0, NULL, NULL, NULL, 'FALSE'),
	(1847, NULL, 2, NULL, NULL, 'MADE SARASWATI CYNTIA DEWANTARI (WEB)', NULL, NULL, NULL, NULL, NULL, '', '', 'BELUM', 0, NULL, NULL, NULL, 'FALSE'),
	(1848, NULL, 2, NULL, NULL, 'WILDY KOMARA (WEB)', NULL, NULL, NULL, NULL, NULL, '', '', 'BELUM', 0, NULL, NULL, NULL, 'FALSE'),
	(1849, NULL, 3, NULL, NULL, 'WILDY KOMARA (WEB)', NULL, NULL, NULL, '1983-04-19', 31, '', '', 'BELUM', 0, NULL, NULL, NULL, 'FALSE'),
	(1850, NULL, 3, NULL, NULL, 'ATE SUHERMAN (WEB)', NULL, NULL, NULL, NULL, NULL, '', '', 'BELUM', 0, NULL, NULL, NULL, 'FALSE'),
	(1851, NULL, 2, NULL, NULL, 'ATE SUHERMAN (WEB)', NULL, NULL, NULL, '1972-10-07', 41, '', '', 'BELUM', 0, NULL, NULL, NULL, 'FALSE'),
	(1852, NULL, 2, NULL, NULL, 'ABDUL MATIN', NULL, NULL, NULL, '1973-02-14', 41, '', '', 'BELUM', 0, NULL, NULL, NULL, 'FALSE'),
	(1853, NULL, 1, NULL, NULL, 'DEVI CAHYADI', NULL, NULL, NULL, NULL, NULL, '', '', 'BELUM', 0, NULL, NULL, NULL, 'FALSE'),
	(1854, NULL, 2, NULL, NULL, 'DEVI CAHYADI', NULL, NULL, NULL, '1981-12-01', 32, '', '', 'SUDAH', 0, NULL, NULL, NULL, 'FALSE'),
	(1855, NULL, 1, NULL, NULL, 'RUDI HARTONO', NULL, NULL, NULL, NULL, NULL, '', '', 'BELUM', 0, NULL, NULL, NULL, 'FALSE'),
	(1856, NULL, 2, NULL, NULL, 'RUDI HARTONO', NULL, NULL, NULL, '1982-09-15', 31, '', '', 'BELUM', 0, NULL, NULL, NULL, 'FALSE'),
	(1857, NULL, 1, NULL, NULL, 'SUKMA WIJAYA', NULL, NULL, NULL, NULL, NULL, '', '', 'BELUM', 0, NULL, NULL, NULL, 'FALSE'),
	(1858, NULL, 2, NULL, NULL, 'SUKMA WIJAYA', NULL, NULL, NULL, '1976-10-26', 37, '', '', 'BELUM', 0, NULL, NULL, NULL, 'FALSE'),
	(1859, NULL, 1, NULL, NULL, 'NAHRAWIYAH,SE', NULL, NULL, NULL, NULL, NULL, '', '', 'BELUM', 0, NULL, NULL, NULL, 'FALSE'),
	(1860, NULL, 3, NULL, NULL, 'NAHRAWIYAH,SE', NULL, NULL, NULL, '1966-07-21', 47, '', '', 'BELUM', 0, NULL, NULL, NULL, 'FALSE'),
	(1861, NULL, 2, NULL, NULL, 'AMIDAH', NULL, NULL, NULL, NULL, NULL, '', '', 'SUDAH', 0, NULL, NULL, NULL, 'FALSE'),
	(1862, NULL, 1, NULL, NULL, 'AMIDAH', NULL, NULL, NULL, '1982-05-09', 32, '', '', 'BELUM', 0, NULL, NULL, NULL, 'FALSE'),
	(1863, NULL, 3, NULL, NULL, 'YANE SOPHIANA DEWI', NULL, NULL, NULL, NULL, NULL, '', '', 'BELUM', 0, NULL, NULL, NULL, 'FALSE'),
	(1864, NULL, 2, NULL, NULL, 'YANE SOPHIANA DEWI', NULL, NULL, NULL, '1981-01-07', 33, '', '', 'SUDAH', 0, NULL, NULL, NULL, 'FALSE'),
	(1865, NULL, 3, NULL, NULL, 'BUDY OKIANTO', NULL, NULL, NULL, NULL, NULL, '', '', 'BELUM', 0, NULL, NULL, NULL, 'FALSE'),
	(1869, NULL, 2, NULL, NULL, 'WAWAN HERMAWAN', NULL, NULL, NULL, NULL, NULL, '', '', 'SUDAH', 0, NULL, NULL, NULL, 'FALSE'),
	(1870, NULL, 3, NULL, NULL, 'WAWAN HERMAWAN', NULL, NULL, NULL, '1974-10-02', 39, '', '', 'BELUM', 0, NULL, NULL, NULL, 'FALSE'),
	(1871, NULL, 2, NULL, NULL, 'NOVIANA PUSPITA DEWI (MORTGAGE)', NULL, NULL, NULL, NULL, NULL, '', '', 'SUDAH', 0, NULL, NULL, NULL, 'FALSE'),
	(1872, NULL, 2, NULL, NULL, 'NOVIANA PUSPITA DEWI (MORTGAGE)', NULL, NULL, NULL, '1984-11-25', 29, '', '', 'SUDAH', 0, NULL, NULL, NULL, 'FALSE'),
	(1873, NULL, 3, NULL, NULL, 'RACHMAT SETIADI', NULL, NULL, NULL, '1970-04-05', 44, '', '', 'BELUM', 0, NULL, NULL, NULL, 'FALSE'),
	(1874, NULL, 1, NULL, NULL, 'MARGARETHA', NULL, NULL, NULL, '1975-04-12', 39, '', '', 'BELUM', 0, NULL, NULL, NULL, 'FALSE'),
	(1875, NULL, 3, NULL, NULL, 'FITRI YULIANA SIRINGO RINGO', NULL, NULL, NULL, NULL, NULL, '', '', 'BELUM', 0, NULL, NULL, NULL, 'FALSE'),
	(1876, NULL, 2, NULL, NULL, 'FITRI YULIANA SIRINGO RINGO', NULL, NULL, NULL, '1983-07-12', 30, '', '', 'SUDAH', 0, NULL, NULL, NULL, 'FALSE'),
	(1877, NULL, 1, NULL, NULL, 'IMAM HIDAYAT', NULL, NULL, NULL, NULL, NULL, '', '', 'BELUM', 0, NULL, NULL, NULL, 'FALSE'),
	(1878, NULL, 2, NULL, NULL, 'IMAM HIDAYAT', NULL, NULL, NULL, '1983-09-08', 30, '', '', 'SUDAH', 0, NULL, NULL, NULL, 'FALSE'),
	(1881, NULL, 2, NULL, NULL, 'FATIMAH AZZAHRA', NULL, NULL, NULL, NULL, NULL, '', '', 'SUDAH', 0, NULL, NULL, NULL, 'FALSE'),
	(1882, NULL, 3, NULL, NULL, 'FATIMAH AZZAHRA', NULL, NULL, NULL, '1990-01-29', 23, '', '', 'BELUM', 0, NULL, NULL, NULL, 'FALSE'),
	(1883, NULL, 3, NULL, NULL, 'ADE RISKI PURNOMO', NULL, NULL, NULL, NULL, NULL, '', '', 'BELUM', 0, NULL, NULL, NULL, 'FALSE'),
	(1884, NULL, 1, NULL, NULL, 'ADE RISKI PURNOMO', NULL, NULL, NULL, '1987-10-10', 26, '', '', 'BELUM', 0, NULL, NULL, NULL, 'FALSE'),
	(1885, NULL, 3, NULL, NULL, 'ADE CANDRA HIDAYATULLOH', NULL, NULL, NULL, NULL, NULL, '', '', 'BELUM', 0, NULL, NULL, NULL, 'FALSE'),
	(1886, NULL, 2, NULL, NULL, 'ADE CANDRA HIDAYATULLOH', NULL, NULL, NULL, '1988-12-03', 25, '', '', 'SUDAH', 0, NULL, NULL, NULL, 'FALSE'),
	(1887, NULL, 1, NULL, NULL, 'DEWAN', NULL, NULL, NULL, NULL, NULL, '', '', 'BELUM', 0, NULL, NULL, NULL, 'FALSE'),
	(1888, NULL, 1, NULL, NULL, 'DEWAN', NULL, NULL, NULL, '1985-11-01', 28, '', '', 'BELUM', 0, NULL, NULL, NULL, 'FALSE'),
	(1889, NULL, 1, NULL, NULL, 'SANDI PERMANA', NULL, NULL, NULL, NULL, NULL, '', '', 'BELUM', 0, NULL, NULL, NULL, 'FALSE'),
	(1890, NULL, 1, NULL, NULL, 'SANDI PERMANA', NULL, NULL, NULL, '1985-12-19', 28, '', '', 'BELUM', 0, NULL, NULL, NULL, 'FALSE'),
	(1891, NULL, 1, NULL, NULL, 'MUJIANAH', NULL, NULL, NULL, NULL, NULL, '', '', 'BELUM', 0, NULL, NULL, NULL, 'FALSE'),
	(1892, NULL, 2, NULL, NULL, 'MUJIANAH', NULL, NULL, NULL, '1982-02-27', 32, '', '', 'SUDAH', 0, NULL, NULL, NULL, 'FALSE'),
	(1893, NULL, 2, NULL, NULL, 'WINDA APRILIA', NULL, NULL, NULL, '1988-04-12', 26, '', '', 'SUDAH', 0, NULL, NULL, NULL, 'FALSE'),
	(1895, NULL, 2, NULL, NULL, 'ALFIAN MUJANI', NULL, NULL, NULL, NULL, NULL, '', '', 'SUDAH', 0, NULL, NULL, NULL, 'FALSE'),
	(1897, NULL, 2, NULL, NULL, 'ALFIAN MUJANI', NULL, NULL, NULL, '1960-05-03', 54, '', '', 'SUDAH', 0, NULL, NULL, NULL, 'FALSE'),
	(1898, NULL, 3, NULL, NULL, 'MUKHTAR', NULL, NULL, NULL, NULL, NULL, '', '', 'BELUM', 0, NULL, NULL, NULL, 'FALSE'),
	(1899, NULL, 3, NULL, NULL, 'MUKHTAR', NULL, NULL, NULL, '1977-02-25', 37, '', '', 'BELUM', 0, NULL, NULL, NULL, 'FALSE'),
	(1900, NULL, 2, NULL, NULL, 'RIO ROBIN', NULL, NULL, NULL, NULL, NULL, '', '', 'SUDAH', 0, NULL, NULL, '2018-12-07', 'TRUE'),
	(1901, NULL, 2, NULL, NULL, 'RIO ROBIN', NULL, NULL, NULL, '1990-02-11', 24, '', '', 'SUDAH', 0, NULL, NULL, NULL, 'FALSE'),
	(1902, NULL, 2, NULL, NULL, 'MUHAMAD RAFEI', NULL, NULL, NULL, NULL, NULL, '', '', 'SUDAH', 0, NULL, NULL, NULL, 'FALSE'),
	(1903, NULL, 3, NULL, NULL, 'MUHAMAD RAFEI', NULL, NULL, NULL, '1979-02-01', 35, '', '', 'BELUM', 0, NULL, NULL, NULL, 'FALSE'),
	(1904, NULL, 3, NULL, NULL, 'SUPRIHATININGSIH (WEB)', NULL, NULL, NULL, NULL, NULL, '', '', 'BELUM', 0, NULL, NULL, NULL, 'FALSE'),
	(1905, NULL, 2, NULL, NULL, 'SUPRIHATININGSIH (WEB)', NULL, NULL, NULL, '1973-01-10', 41, '', '', 'SUDAH', 0, NULL, NULL, NULL, 'FALSE'),
	(1906, NULL, 2, NULL, NULL, 'DIDIN (WEB)', NULL, NULL, NULL, NULL, NULL, '', '', 'SUDAH', 0, NULL, NULL, NULL, 'FALSE'),
	(1907, NULL, 1, NULL, NULL, 'DIDIN (WEB)', NULL, NULL, NULL, '1974-06-28', 39, '', '', 'BELUM', 0, NULL, NULL, NULL, 'FALSE'),
	(1909, NULL, 1, NULL, NULL, 'HENDRI ANUR', NULL, NULL, NULL, '1970-07-27', 43, '', '', 'BELUM', 0, NULL, NULL, NULL, 'FALSE'),
	(1910, NULL, 2, NULL, NULL, 'NINA IRYANTI', NULL, NULL, NULL, '1978-08-22', 35, '', '', 'SUDAH', 0, NULL, NULL, NULL, 'FALSE'),
	(1911, NULL, 3, NULL, NULL, 'RISDAM MANAHAN GULTOM', NULL, NULL, NULL, NULL, NULL, '', '', 'BELUM', 0, NULL, NULL, NULL, 'FALSE'),
	(1935, NULL, 3, NULL, NULL, 'HERI SUPRIADI', NULL, NULL, NULL, '1983-12-15', 30, '', '', 'BELUM', 0, NULL, NULL, NULL, 'FALSE'),
	(1952, NULL, 3, NULL, NULL, 'ARIEF SYAIFUL RAMDHAN', NULL, NULL, NULL, '1984-06-29', 29, '', '', 'BELUM', 0, NULL, NULL, NULL, 'FALSE'),
	(1953, NULL, 1, NULL, NULL, 'ARIEF SYAIFUL RAMDHAN', NULL, NULL, NULL, NULL, NULL, '', '', 'BELUM', 0, NULL, NULL, NULL, 'FALSE'),
	(1958, NULL, 2, NULL, NULL, 'WINDA APRILIA', NULL, NULL, NULL, NULL, NULL, '', '', 'SUDAH', 0, NULL, NULL, '2018-11-14', 'FALSE'),
	(1959, NULL, 1, NULL, NULL, 'BUDY OKIANTO', NULL, NULL, NULL, '1978-12-15', 35, '', '', 'BELUM', 0, NULL, NULL, NULL, 'FALSE'),
	(2201, NULL, 3, NULL, NULL, 'ENUNG S NAWAWI (WEB)', NULL, NULL, NULL, '1963-08-03', 50, '', '', 'BELUM', 0, NULL, NULL, NULL, 'FALSE'),
	(2463, NULL, 1, NULL, NULL, 'ARI SUWARNO (WEB)', NULL, NULL, NULL, NULL, NULL, '', '', 'SUDAH', 0, NULL, NULL, NULL, 'FALSE'),
	(13948, NULL, 3, NULL, NULL, 'DENI CHANDRA', NULL, NULL, NULL, '1981-12-06', 32, '', '\r\n', 'BELUM', 0, NULL, NULL, NULL, 'FALSE'),
	(13949, NULL, 2, NULL, NULL, 'WASU AJAR WIROTO', 'WASUAJARWIROTO@bjb.co.id', 'Pria', NULL, '1978-12-28', 35, '085872758150', 'Komp. Bumi Asri blok H.7 Rt 04 Rw.09 Kel. Gempol S', 'SUDAH', 9, NULL, '2018-11-11', NULL, 'FALSE'),
	(13950, NULL, 3, NULL, NULL, 'Rizki Pebrianto', 'rizkipebrianto96@gmail.com', 'Pria', 'Subang', '2018-11-12', 22, '085872758150', 'Komp. Bumi Asri blok H.7 Rt 04 Rw.09 Kel. Gempol S', 'BELUM', 9, NULL, NULL, NULL, 'FALSE'),
	(13951, NULL, 2, NULL, NULL, 'Wibbi', 'wibbi@wibbi.com', 'Pria', NULL, '2018-11-12', 22, '085872758150', 'Komp. Bumi Asri blok H.7 Rt 04 Rw.09 Kel. Gempol S', 'BELUM', 9, NULL, NULL, '2018-11-15', 'TRUE'),
	(13955, NULL, 2, NULL, NULL, 'TESTER', 'tester@bjb.com', 'Pria', NULL, '2018-11-13', 25, '085872758150', 'Komp. Bumi Asri blok H.7 Rt 04 Rw.09 Kel. Gempol S', 'BELUM', 9, '2018-11-14', NULL, '2018-11-15', 'TRUE'),
	(13956, NULL, 2, NULL, NULL, 'TEST VALID', 'test@valid.com', 'Wanita', NULL, '0000-00-00', 25, '085872758150', 'Komp. Bumi Asri blok H.7 Rt 04 Rw.09 Kel. Gempol Sari Kec. Bandung Kulon', 'SUDAH', 9, '2018-11-14', NULL, '2018-11-15', 'TRUE'),
	(13957, NULL, 2, NULL, NULL, 'ASD', 'asd@sss.com', 'Pria', 'Bandung', '2018-11-12', 24, '085872758150', 'Komp. Bumi Asri blok H.7 Rt 04 Rw.09 Kel. Gempol Sari Kec. Bandung Kulon', 'BELUM', 9, '2018-11-14', '2018-11-14', '2018-11-14', 'TRUE'),
	(13958, '133123452345', 2, NULL, NULL, 'EGA ARITAMA', 'aritama.ega@gmail.com', 'Pria', 'Bandung', '2018-11-19', 21, '083212331233', 'Bumi Asri', 'SUDAH', 9, '2018-11-26', '2018-12-07', NULL, 'FALSE'),
	(13959, '12345678912', 2, NULL, NULL, 'TESTER', 'testas@gmail.com', 'Pria', 'Bandung', '2018-11-19', 21, '085224285226', 'asdad', 'BELUM', 9, '2018-11-26', NULL, '2018-11-26', 'TRUE'),
	(13961, '1334567897654', 2, NULL, NULL, 'TESTER', 'test@gmail.com', 'Pria', 'Bandung', '2018-12-06', 23, '0226677883344', 'Bumi Asri', 'BELUM', 9, '2018-12-07', NULL, NULL, 'FALSE');
/*!40000 ALTER TABLE `debiturs` ENABLE KEYS */;

-- Dumping structure for view maibro.debiturview
-- Creating temporary table to overcome VIEW dependency errors
CREATE TABLE `debiturview` (
	`id_debitur` INT(11) UNSIGNED NOT NULL,
	`KTP` VARCHAR(255) NULL COLLATE 'latin1_swedish_ci',
	`id_bank` INT(11) UNSIGNED NULL,
	`nama_bank` VARCHAR(255) NULL COLLATE 'latin1_swedish_ci',
	`id_broker` INT(11) UNSIGNED NULL,
	`id_asuransi` INT(11) UNSIGNED NULL,
	`nama_debitur` VARCHAR(255) NULL COLLATE 'latin1_swedish_ci',
	`email_debitur` VARCHAR(255) NULL COLLATE 'latin1_swedish_ci',
	`jenis_kelamin` VARCHAR(50) NULL COLLATE 'latin1_swedish_ci',
	`tmp_lahir` VARCHAR(50) NULL COLLATE 'latin1_swedish_ci',
	`tgl_lahir` DATE NULL,
	`umur` INT(5) NULL,
	`tlp` VARCHAR(50) NULL COLLATE 'latin1_swedish_ci',
	`alamat` VARCHAR(255) NULL COLLATE 'latin1_swedish_ci',
	`status_prod` VARCHAR(50) NULL COLLATE 'latin1_swedish_ci',
	`created_by` INT(11) NULL,
	`created_at` DATE NULL,
	`updated_at` DATE NULL,
	`deleted_at` DATE NULL,
	`is_deleted` ENUM('TRUE','FALSE') NULL COLLATE 'latin1_swedish_ci'
) ENGINE=MyISAM;

-- Dumping structure for view maibro.klaimview
-- Creating temporary table to overcome VIEW dependency errors
CREATE TABLE `klaimview` (
	`id_ajk` INT(11) NOT NULL,
	`id_bank` INT(11) NULL,
	`nama_bank` VARCHAR(255) NULL COLLATE 'latin1_swedish_ci',
	`id_broker` INT(11) NULL,
	`id_asuransi` INT(11) NULL,
	`debitur` INT(11) NULL,
	`KTP` VARCHAR(255) NULL COLLATE 'latin1_swedish_ci',
	`nama_debitur` VARCHAR(255) NULL COLLATE 'latin1_swedish_ci',
	`email_debitur` VARCHAR(255) NULL COLLATE 'latin1_swedish_ci',
	`jenis_kelamin` VARCHAR(50) NULL COLLATE 'latin1_swedish_ci',
	`tmp_lahir` VARCHAR(50) NULL COLLATE 'latin1_swedish_ci',
	`tgl_lahir` DATE NULL,
	`umur` INT(5) NULL,
	`tlp` VARCHAR(50) NULL COLLATE 'latin1_swedish_ci',
	`alamat` VARCHAR(255) NULL COLLATE 'latin1_swedish_ci',
	`sts_asuransi` VARCHAR(20) NULL COLLATE 'utf8_general_ci',
	`nokredit` VARCHAR(255) NULL COLLATE 'utf8_general_ci',
	`nokwitansi` VARCHAR(50) NULL COLLATE 'utf8_general_ci',
	`sertifikat` VARCHAR(50) NULL COLLATE 'latin1_swedish_ci',
	`plafon` DECIMAL(18,0) NULL,
	`tenor` TINYINT(3) NULL,
	`tgl_akad` DATE NULL,
	`tgl_lapor` DATE NULL,
	`tgl_kejadian` DATE NULL,
	`rate` FLOAT NULL,
	`jns_kredit` VARCHAR(20) NULL COLLATE 'utf8_general_ci',
	`jns_klaim` VARCHAR(20) NULL COLLATE 'utf8_general_ci',
	`nilai_klaim` DECIMAL(18,0) NULL,
	`premi` DECIMAL(18,0) NULL,
	`is_aproved` ENUM('TRUE','FALSE') NULL COLLATE 'utf8_general_ci',
	`tgl_dok_lengkap` DATE NULL,
	`statusDok` VARCHAR(50) NULL COLLATE 'utf8_general_ci',
	`sts_kirim` ENUM('TRUE','FALSE') NULL COLLATE 'utf8_general_ci',
	`created_at` DATE NULL,
	`updated_at` DATE NULL,
	`deleted_at` DATE NULL,
	`created_by` INT(11) NULL,
	`p_spk` VARCHAR(50) NULL COLLATE 'utf8_general_ci',
	`p_ep` VARCHAR(50) NULL COLLATE 'utf8_general_ci',
	`p_skk` VARCHAR(50) NULL COLLATE 'utf8_general_ci',
	`p_ktp` VARCHAR(50) NULL COLLATE 'utf8_general_ci',
	`p_ha` VARCHAR(50) NULL COLLATE 'utf8_general_ci',
	`p_ak` VARCHAR(50) NULL COLLATE 'utf8_general_ci',
	`keterangan` VARCHAR(255) NULL COLLATE 'utf8_general_ci',
	`send_by` INT(11) NULL,
	`is_deleted` ENUM('TRUE','FALSE') NULL COLLATE 'utf8_general_ci'
) ENGINE=MyISAM;

-- Dumping structure for table maibro.klaim_ajk
CREATE TABLE IF NOT EXISTS `klaim_ajk` (
  `id_klaim_ajk` int(11) NOT NULL AUTO_INCREMENT,
  `id_prod_ajk` int(11) DEFAULT NULL,
  `tgl_lapor` date DEFAULT NULL,
  `tgl_kejadian` date DEFAULT NULL,
  `jns_klaim` varchar(80) DEFAULT NULL,
  `sts_klaim` varchar(50) DEFAULT NULL,
  `nilai_klaim` decimal(10,0) DEFAULT NULL,
  `dibayar` decimal(10,0) DEFAULT NULL,
  `tgl_bayar` date DEFAULT NULL,
  `ket_klaim` varchar(255) DEFAULT NULL,
  PRIMARY KEY (`id_klaim_ajk`)
) ENGINE=InnoDB AUTO_INCREMENT=20 DEFAULT CHARSET=utf8;

-- Dumping data for table maibro.klaim_ajk: ~4 rows (approximately)
/*!40000 ALTER TABLE `klaim_ajk` DISABLE KEYS */;
INSERT INTO `klaim_ajk` (`id_klaim_ajk`, `id_prod_ajk`, `tgl_lapor`, `tgl_kejadian`, `jns_klaim`, `sts_klaim`, `nilai_klaim`, `dibayar`, `tgl_bayar`, `ket_klaim`) VALUES
	(16, 1, '2018-03-28', '2018-03-06', 'MENINGGAL NORMAL', 'ON PROSES', 10000000, 0, '1899-12-30', 'tunggu kelengkapan dok'),
	(17, 4, '2018-03-30', '2018-03-08', 'MENINGGAL NORMAL', 'ON PROSES', 10000000, 0, '1899-12-30', 'lengkapi dok '),
	(18, 2, '2018-03-30', '2018-03-07', 'MENINGGAL KECELAKAAN', 'ON PROSES', 20000000, 0, '1899-12-30', ''),
	(19, 13, '2018-06-29', '2018-06-28', 'MENINGGAL NORMAL', 'DITOLAK', 90000000, 0, '1899-12-30', '');
/*!40000 ALTER TABLE `klaim_ajk` ENABLE KEYS */;

-- Dumping structure for table maibro.notifikasi
CREATE TABLE IF NOT EXISTS `notifikasi` (
  `id_notif` int(11) NOT NULL AUTO_INCREMENT,
  `pengirim` int(11) NOT NULL DEFAULT '0',
  `penerima` int(11) NOT NULL DEFAULT '0',
  `keterangan` varchar(255) NOT NULL DEFAULT '0',
  `data` int(11) NOT NULL DEFAULT '0',
  `status_notif` enum('TRUE','FALSE') NOT NULL DEFAULT 'FALSE',
  PRIMARY KEY (`id_notif`)
) ENGINE=InnoDB AUTO_INCREMENT=55 DEFAULT CHARSET=latin1;

-- Dumping data for table maibro.notifikasi: ~47 rows (approximately)
/*!40000 ALTER TABLE `notifikasi` DISABLE KEYS */;
INSERT INTO `notifikasi` (`id_notif`, `pengirim`, `penerima`, `keterangan`, `data`, `status_notif`) VALUES
	(6, 9, 1, 'Ajukan Klaim', 3, 'TRUE'),
	(8, 9, 1, 'Telah mengajukan klaim dengan atas nama RIO ROBIN', 14, 'TRUE'),
	(9, 9, 1, 'Telah mengajukan klaim dengan atas nama RIO ROBIN', 15, 'TRUE'),
	(10, 9, 1, 'Telah mengajukan klaim dengan atas nama ALFIAN MUJANI', 16, 'TRUE'),
	(11, 9, 1, 'Telah mengajukan klaim dengan atas nama WAWAN HERMAWAN', 17, 'TRUE'),
	(12, 9, 1, 'Telah mengajukan klaim dengan atas nama AMIDAH', 20, 'TRUE'),
	(13, 9, 1, 'Telah mengajukan klaim dengan atas nama RIO ROBIN', 15, 'TRUE'),
	(14, 9, 1, 'Telah mengajukan klaim dengan atas nama FATIMAH AZZAHRA', 19, 'TRUE'),
	(15, 9, 1, 'Telah mengajukan klaim dengan atas nama MUHAMAD RAFEI', 13, 'TRUE'),
	(16, 9, 1, 'Telah mengajukan klaim dengan atas nama SUPRIHATININGSIH (WEB)', 12, 'TRUE'),
	(17, 9, 1, 'Telah mengajukan klaim dengan atas nama DIDIN (WEB)', 11, 'TRUE'),
	(18, 9, 1, 'Telah mengajukan klaim dengan atas nama AMIDAH', 20, 'TRUE'),
	(19, 9, 1, 'Telah mengajukan klaim dengan atas nama MUHAMAD RAFEI', 13, 'TRUE'),
	(20, 9, 1, 'Telah mengajukan klaim dengan atas nama SUPRIHATININGSIH (WEB)', 12, 'TRUE'),
	(21, 9, 1, 'Telah mengajukan klaim dengan atas nama AMIDAH', 20, 'TRUE'),
	(22, 9, 1, 'Telah mengajukan klaim dengan atas nama DIDIN (WEB)', 11, 'TRUE'),
	(23, 14, 1, 'Telah mengajukan klaim dengan atas nama ARI SUWARNO (WEB)', 21, 'TRUE'),
	(24, 9, 1, 'Telah mengajukan klaim dengan atas nama DIDIN (WEB)', 11, 'TRUE'),
	(25, 9, 1, 'Telah mengajukan klaim dengan atas nama SUPRIHATININGSIH (WEB)', 12, 'TRUE'),
	(26, 9, 1, 'Telah mengajukan klaim dengan atas nama RIO ROBIN', 14, 'TRUE'),
	(27, 1, 9, 'Dokumen HA salah, tolong diperbaiki secepatnya !!', 11, 'TRUE'),
	(28, 1, 9, 'Tolong diupdate dokumennya dengan yang terbaru', 12, 'TRUE'),
	(29, 9, 1, 'Telah mengajukan klaim dengan atas nama SUPRIHATININGSIH (WEB)', 12, 'TRUE'),
	(30, 9, 1, 'Telah mengajukan klaim dengan atas nama DIDIN (WEB)', 11, 'TRUE'),
	(31, 1, 9, 'ASDDDD', 12, 'TRUE'),
	(32, 9, 1, 'Telah mengajukan klaim dengan atas nama SUPRIHATININGSIH (WEB)', 12, 'TRUE'),
	(33, 1, 9, 'asdasd', 12, 'TRUE'),
	(34, 9, 1, 'Telah mengajukan klaim dengan atas nama SUPRIHATININGSIH (WEB)', 12, 'TRUE'),
	(35, 1, 9, 'adasd', 12, 'TRUE'),
	(36, 9, 1, 'Telah mengajukan klaim dengan atas nama SUPRIHATININGSIH (WEB)', 12, 'TRUE'),
	(37, 1, 9, 'kkkk', 12, 'TRUE'),
	(38, 9, 1, 'Telah mengajukan klaim dengan atas nama SUPRIHATININGSIH (WEB)', 12, 'TRUE'),
	(39, 1, 9, 'asdasd', 12, 'TRUE'),
	(40, 9, 1, 'Telah mengajukan klaim dengan atas nama SUPRIHATININGSIH (WEB)', 12, 'TRUE'),
	(41, 1, 9, 'ASDSAD', 12, 'TRUE'),
	(42, 9, 1, 'Telah mengajukan klaim dengan atas nama SUPRIHATININGSIH (WEB)', 12, 'TRUE'),
	(43, 1, 9, 'asdad', 12, 'TRUE'),
	(44, 9, 1, 'Telah mengajukan klaim dengan atas nama SUPRIHATININGSIH (WEB)', 12, 'TRUE'),
	(45, 1, 9, 'asd', 12, 'TRUE'),
	(46, 9, 1, 'Telah mengajukan klaim dengan atas nama SUPRIHATININGSIH (WEB)', 12, 'TRUE'),
	(47, 1, 9, 'adsad', 12, 'TRUE'),
	(48, 9, 1, 'Telah mengajukan klaim dengan atas nama SUPRIHATININGSIH (WEB)', 12, 'TRUE'),
	(49, 1, 9, 'asd', 12, 'TRUE'),
	(50, 9, 1, 'Telah mengajukan klaim dengan atas nama SUPRIHATININGSIH (WEB)', 12, 'TRUE'),
	(51, 9, 1, 'Telah mengajukan klaim dengan atas nama DEVI CAHYADI', 31, 'TRUE'),
	(52, 1, 9, 'Surat kematian masih salah', 14, 'TRUE'),
	(53, 9, 1, 'Telah mengajukan klaim dengan atas nama RIO ROBIN', 14, 'TRUE'),
	(54, 1, 9, '', 12, 'TRUE');
/*!40000 ALTER TABLE `notifikasi` ENABLE KEYS */;

-- Dumping structure for table maibro.posisi_data
CREATE TABLE IF NOT EXISTS `posisi_data` (
  `id_posisi` tinyint(4) NOT NULL AUTO_INCREMENT,
  `posisi` tinyint(4) DEFAULT NULL,
  `nama` varchar(50) DEFAULT NULL,
  PRIMARY KEY (`id_posisi`),
  KEY `id_data` (`id_posisi`)
) ENGINE=InnoDB AUTO_INCREMENT=14 DEFAULT CHARSET=utf8;

-- Dumping data for table maibro.posisi_data: ~9 rows (approximately)
/*!40000 ALTER TABLE `posisi_data` DISABLE KEYS */;
INSERT INTO `posisi_data` (`id_posisi`, `posisi`, `nama`) VALUES
	(2, 1, 'INPUT DATA BARU'),
	(3, 2, 'KIRIM KE ADMIN'),
	(4, 3, 'KIRIM KE ASURANSI'),
	(6, 4, 'TERBIT SERTIFIKAT'),
	(7, 5, 'DATA SUDAH DI REKONSILIASI'),
	(8, 6, 'UPDATE STATUS BAYAR'),
	(9, 7, 'PROSES DATA KLAIM'),
	(12, 8, 'FINISH KLAIM'),
	(13, 99, 'FINISH');
/*!40000 ALTER TABLE `posisi_data` ENABLE KEYS */;

-- Dumping structure for table maibro.prod_ajk
CREATE TABLE IF NOT EXISTS `prod_ajk` (
  `id_ajk` int(11) NOT NULL AUTO_INCREMENT,
  `id_bank` int(11) DEFAULT NULL,
  `id_broker` int(11) DEFAULT NULL,
  `id_asuransi` int(11) DEFAULT NULL,
  `debitur` int(11) DEFAULT NULL,
  `sts_asuransi` varchar(20) DEFAULT NULL,
  `nokwitansi` varchar(50) DEFAULT NULL,
  `nokredit` varchar(255) DEFAULT NULL,
  `sertifikat` varchar(50) CHARACTER SET latin1 DEFAULT NULL,
  `plafon` decimal(18,0) DEFAULT NULL,
  `tenor` tinyint(3) DEFAULT NULL,
  `tgl_akad` date DEFAULT NULL,
  `tgl_lapor` date DEFAULT NULL,
  `tgl_kejadian` date DEFAULT NULL,
  `rate` float DEFAULT NULL,
  `jns_kredit` varchar(20) DEFAULT NULL,
  `jns_klaim` varchar(20) DEFAULT NULL,
  `nilai_klaim` decimal(18,0) DEFAULT NULL,
  `premi` decimal(18,0) DEFAULT NULL,
  `is_aproved` enum('TRUE','FALSE') DEFAULT 'FALSE',
  `tgl_dok_lengkap` date DEFAULT NULL,
  `statusDok` varchar(50) DEFAULT NULL,
  `sts_kirim` enum('TRUE','FALSE') DEFAULT 'FALSE',
  `created_at` date DEFAULT NULL,
  `updated_at` date DEFAULT NULL,
  `deleted_at` date DEFAULT NULL,
  `created_by` int(11) DEFAULT NULL,
  `p_spk` varchar(50) DEFAULT NULL,
  `p_ep` varchar(50) DEFAULT NULL,
  `p_skk` varchar(50) DEFAULT NULL,
  `p_ktp` varchar(50) DEFAULT NULL,
  `p_ha` varchar(50) DEFAULT NULL,
  `p_ak` varchar(50) DEFAULT NULL,
  `is_deleted` enum('TRUE','FALSE') DEFAULT 'FALSE',
  `keterangan` varchar(255) DEFAULT NULL,
  `send_by` int(11) DEFAULT NULL,
  PRIMARY KEY (`id_ajk`),
  KEY `debitur` (`debitur`)
) ENGINE=InnoDB AUTO_INCREMENT=32 DEFAULT CHARSET=utf8;

-- Dumping data for table maibro.prod_ajk: ~19 rows (approximately)
/*!40000 ALTER TABLE `prod_ajk` DISABLE KEYS */;
INSERT INTO `prod_ajk` (`id_ajk`, `id_bank`, `id_broker`, `id_asuransi`, `debitur`, `sts_asuransi`, `nokwitansi`, `nokredit`, `sertifikat`, `plafon`, `tenor`, `tgl_akad`, `tgl_lapor`, `tgl_kejadian`, `rate`, `jns_kredit`, `jns_klaim`, `nilai_klaim`, `premi`, `is_aproved`, `tgl_dok_lengkap`, `statusDok`, `sts_kirim`, `created_at`, `updated_at`, `deleted_at`, `created_by`, `p_spk`, `p_ep`, `p_skk`, `p_ktp`, `p_ha`, `p_ak`, `is_deleted`, `keterangan`, `send_by`) VALUES
	(11, 2, NULL, NULL, 1906, NULL, NULL, '123123123', NULL, 1000000, 12, '2018-11-22', '2018-11-22', '2018-11-22', NULL, 'UP TETAP', 'MACET / PHK', 70000, 30000, 'TRUE', '2018-11-26', 'Sudah Lengkap', 'TRUE', '2018-11-23', '2018-11-26', NULL, 9, '1.jpg', '1.jpg', '1.jpg', '1.jpg', '1.jpg', '1.jpg', 'FALSE', 'Telah dikirim ke admin', 9),
	(12, 2, NULL, NULL, 1905, NULL, NULL, '123123', NULL, 2000000, 12, '2018-11-20', '2018-11-19', '2018-11-02', NULL, 'UP TETAP', 'MACET / PHK', 12, 20000, 'FALSE', '2018-11-24', 'Sudah Lengkap', 'FALSE', '2018-11-23', '2018-11-24', NULL, 9, '1905-surat_pengajuan_klaim.jpg', '1905-e_policy.pdf', '1905-surat-ket-kematian.pdf', '1905-KTP.pdf', '1905-historical.pdf', '1905-photo-akad-kredit.pdf', 'FALSE', 'Revisi', 9),
	(13, 2, NULL, NULL, 1902, NULL, NULL, '1233', NULL, 123123123, 12, '2018-11-28', '2018-11-20', '2018-11-13', NULL, 'UP TETAP', 'MACET / PHK', 123123123, 123123122, 'FALSE', NULL, 'Belum Lengkap', 'FALSE', '2018-11-23', '2018-11-26', NULL, 9, NULL, NULL, NULL, NULL, NULL, NULL, 'FALSE', NULL, NULL),
	(14, 2, NULL, NULL, 1901, NULL, NULL, '123', NULL, 12000000, 8, '2018-11-24', '2018-11-22', '2018-11-22', NULL, 'UP TETAP', 'MACET / PHK', 12, 1222, 'TRUE', '2019-01-03', 'Sudah Lengkap', 'TRUE', '2018-11-23', '2019-01-03', NULL, 9, '1901-surat_pengajuan_klaim.jpg', '1901-e_policy.jpg', '1901-surat-ket-kematian.jpg', '1901-KTP.jpg', '1901-historical.jpg', '1901-photo-akad-kredit.jpg', 'FALSE', 'Telah dikirim ke admin', 9),
	(16, 2, NULL, NULL, 1895, NULL, NULL, '1222', NULL, 0, 1, '2018-11-20', '2018-11-20', '2018-11-14', NULL, 'INDEMNITY', 'MENINGGAL NORMAL', 22, 22, 'FALSE', NULL, 'Belum Lengkap', 'FALSE', '2018-11-23', NULL, NULL, 9, '1895-surat_pengajuan_klaim.pdf', NULL, NULL, NULL, NULL, NULL, 'FALSE', NULL, NULL),
	(17, 2, NULL, NULL, 1869, NULL, NULL, '12', NULL, 12, 12, '2018-11-20', '2018-11-14', '2018-11-19', NULL, 'INDEMNITY', 'MENINGGAL NORMAL', 12, 12, 'FALSE', NULL, 'Belum Lengkap', 'FALSE', '2018-11-23', NULL, NULL, 9, '1869-surat_pengajuan_klaim.pdf', NULL, NULL, NULL, NULL, NULL, 'FALSE', NULL, NULL),
	(18, 2, NULL, NULL, 1871, NULL, NULL, '112', NULL, 12, 12, '2018-11-20', '2018-12-03', '2018-11-27', NULL, 'UP TETAP', 'MENINGGAL KECELAKAAN', 12, 12, 'FALSE', NULL, 'Belum Lengkap', 'FALSE', '2018-11-23', NULL, NULL, 9, '1871-surat_pengajuan_klaim.pdf', NULL, NULL, NULL, NULL, NULL, 'FALSE', NULL, NULL),
	(19, 2, NULL, NULL, 1881, NULL, NULL, '12', NULL, 12, 12, '2018-11-29', '2018-11-28', '2018-11-02', NULL, 'INDEMNITY', 'MENINGGAL KECELAKAAN', 12, 12, 'FALSE', NULL, 'Belum Lengkap', 'FALSE', '2018-11-23', NULL, NULL, 9, '1881-surat_pengajuan_klaim.jpg', NULL, NULL, NULL, NULL, NULL, 'FALSE', NULL, NULL),
	(20, 2, NULL, NULL, 1861, NULL, NULL, '12', NULL, 123, 123, '2018-11-14', '2018-11-20', '2018-11-14', NULL, 'UP TETAP', 'MACET / PHK', 123, 123, 'TRUE', '2018-11-24', 'Sudah Lengkap', 'TRUE', '2018-11-23', '2018-11-24', NULL, 9, '1861-surat_pengajuan_klaim.pdf', '1861-e_policy.pdf', '1861-surat-ket-kematian.pdf', '1861-KTP.jpg', '1861-historical.pdf', '1861-photo-akad-kredit.jpg', 'FALSE', NULL, 9),
	(21, 1, NULL, NULL, 2463, NULL, NULL, '1234567890', NULL, 12000000, 12, '2018-04-10', '2018-11-26', '2018-11-24', NULL, 'UP TETAP', 'MENINGGAL NORMAL', 7000000, 543000, 'FALSE', '2018-11-26', 'Sudah Lengkap', 'FALSE', '2018-11-26', NULL, NULL, 14, '2463-surat_pengajuan_klaim.pdf', '2463-e_policy.pdf', '2463-surat-ket-kematian.pdf', '2463-KTP.pdf', '2463-historical.pdf', '2463-photo-akad-kredit.pdf', 'FALSE', NULL, NULL),
	(22, 2, NULL, NULL, 13958, NULL, NULL, '12222', NULL, 12000000, 12, '2018-11-04', '2018-11-05', '2018-11-13', NULL, 'UP TETAP', 'MENINGGAL NORMAL', 1222222, 12222222, 'FALSE', NULL, 'Belum Lengkap', 'FALSE', '2018-11-26', NULL, NULL, 9, NULL, NULL, NULL, NULL, NULL, NULL, 'FALSE', NULL, NULL),
	(23, 2, NULL, NULL, 1897, NULL, NULL, '1222', NULL, 12000000, 12, '2018-11-19', '2018-11-06', '2018-11-20', NULL, 'UP TETAP', 'MACET / PHK', 122222, 1212222, 'FALSE', NULL, 'Belum Lengkap', 'FALSE', '2018-11-26', NULL, NULL, 9, NULL, NULL, NULL, NULL, NULL, NULL, 'FALSE', NULL, NULL),
	(24, 2, NULL, NULL, 1893, NULL, NULL, '12222', NULL, 12000000, 12, '2018-11-26', '2018-11-26', '2018-11-26', NULL, 'UP TETAP', 'MENINGGAL KECELAKAAN', 122112, 121221, 'FALSE', NULL, 'Belum Lengkap', 'FALSE', '2018-11-26', NULL, NULL, 9, NULL, NULL, NULL, NULL, NULL, NULL, 'FALSE', NULL, NULL),
	(25, 2, NULL, NULL, 1892, NULL, NULL, '122222', NULL, 12000000, 12, '2018-11-26', '2018-11-26', '2018-11-26', NULL, 'INDEMNITY', 'MENINGGAL NORMAL', 121221, 12212, 'FALSE', NULL, 'Belum Lengkap', 'FALSE', '2018-11-26', NULL, NULL, 9, NULL, NULL, NULL, NULL, NULL, NULL, 'FALSE', NULL, NULL),
	(26, 2, NULL, NULL, 1886, NULL, NULL, '3322442332', NULL, 12000000, 24, '2018-11-26', '2018-11-19', '2018-11-19', NULL, 'INDEMNITY', 'MENINGGAL NORMAL', 10000000, 570000, 'FALSE', NULL, 'Belum Lengkap', 'FALSE', '2018-11-26', NULL, NULL, 9, NULL, NULL, NULL, NULL, NULL, NULL, 'FALSE', NULL, NULL),
	(27, 2, NULL, NULL, 1878, NULL, NULL, '112233445566', NULL, 12000000, 12, '2018-11-26', '2018-11-12', '2018-11-12', NULL, 'INDEMNITY', 'MENINGGAL KECELAKAAN', 1222222, 122222222, 'FALSE', NULL, 'Belum Lengkap', 'FALSE', '2018-11-26', NULL, NULL, 9, NULL, NULL, NULL, NULL, NULL, NULL, 'FALSE', NULL, NULL),
	(28, 2, NULL, NULL, 1876, NULL, NULL, '12223334455', NULL, 12000000, 23, '2018-11-25', '2018-11-18', '2018-11-18', NULL, 'UP TETAP', 'MACET / PHK', 212222, 122222, 'FALSE', NULL, 'Belum Lengkap', 'FALSE', '2018-11-26', NULL, NULL, 9, NULL, NULL, NULL, NULL, NULL, NULL, 'FALSE', NULL, NULL),
	(29, 2, NULL, NULL, 1872, NULL, NULL, '122222', NULL, 12000000, 24, '2018-11-11', '2018-11-19', '2018-11-19', NULL, 'UP TETAP', 'MENINGGAL NORMAL', 1222, 1222, 'FALSE', NULL, 'Belum Lengkap', 'FALSE', '2018-11-26', NULL, NULL, 9, NULL, NULL, NULL, NULL, NULL, NULL, 'FALSE', NULL, NULL),
	(30, 2, NULL, NULL, 1864, NULL, NULL, '1222233333', NULL, 12000000, 12, '2018-11-19', '2018-11-12', '2018-11-19', NULL, 'INDEMNITY', 'MENINGGAL NORMAL', 122222, 1222222, 'FALSE', NULL, 'Belum Lengkap', 'FALSE', '2018-11-26', NULL, NULL, 9, NULL, NULL, NULL, NULL, NULL, NULL, 'FALSE', NULL, NULL),
	(31, 2, NULL, NULL, 1854, NULL, NULL, '2222266555', NULL, 12000000, 12, '2019-01-02', '2019-01-03', '2018-12-26', NULL, 'INDEMNITY', 'MENINGGAL NORMAL', 12000000, 120000, 'TRUE', '2019-01-03', 'Sudah Lengkap', 'TRUE', '2019-01-03', NULL, NULL, 9, '1854-surat_pengajuan_klaim.pdf', '1854-e_policy.pdf', '1854-surat-ket-kematian.pdf', '1854-KTP.pdf', '1854-historical.pdf', '1854-photo-akad-kredit.pdf', 'FALSE', 'Telah dikirim ke admin', 9);
/*!40000 ALTER TABLE `prod_ajk` ENABLE KEYS */;

-- Dumping structure for table maibro.tb_groups
CREATE TABLE IF NOT EXISTS `tb_groups` (
  `id` mediumint(8) unsigned NOT NULL AUTO_INCREMENT,
  `name` varchar(20) NOT NULL,
  `description` varchar(100) NOT NULL,
  PRIMARY KEY (`id`)
) ENGINE=InnoDB AUTO_INCREMENT=4 DEFAULT CHARSET=utf8;

-- Dumping data for table maibro.tb_groups: ~3 rows (approximately)
/*!40000 ALTER TABLE `tb_groups` DISABLE KEYS */;
INSERT INTO `tb_groups` (`id`, `name`, `description`) VALUES
	(1, 'admin', 'Administrator'),
	(2, 'members', 'User untuk Bank'),
	(3, 'Brokers', 'User untuk broker');
/*!40000 ALTER TABLE `tb_groups` ENABLE KEYS */;

-- Dumping structure for table maibro.tb_login_attempts
CREATE TABLE IF NOT EXISTS `tb_login_attempts` (
  `id` int(11) unsigned NOT NULL AUTO_INCREMENT,
  `ip_address` varchar(15) NOT NULL,
  `login` varchar(100) NOT NULL,
  `time` int(11) unsigned DEFAULT NULL,
  PRIMARY KEY (`id`)
) ENGINE=InnoDB AUTO_INCREMENT=5 DEFAULT CHARSET=utf8;

-- Dumping data for table maibro.tb_login_attempts: ~3 rows (approximately)
/*!40000 ALTER TABLE `tb_login_attempts` DISABLE KEYS */;
INSERT INTO `tb_login_attempts` (`id`, `ip_address`, `login`, `time`) VALUES
	(1, '::1', 'maibro@maibro.com', 1550334122),
	(3, '::1', 'rizkipebrianto96@gmail.com', 1550334704),
	(4, '::1', 'rizkipebrianto96@bjb.com', 1550334714);
/*!40000 ALTER TABLE `tb_login_attempts` ENABLE KEYS */;

-- Dumping structure for table maibro.tb_menu
CREATE TABLE IF NOT EXISTS `tb_menu` (
  `id_menu` int(11) NOT NULL AUTO_INCREMENT,
  `nama_menu` varchar(50) NOT NULL,
  `icon` varchar(40) NOT NULL,
  `link` varchar(30) NOT NULL,
  `parent` int(11) NOT NULL,
  `role` enum('Administrator','Admin') DEFAULT 'Admin',
  `aktif` enum('Y','N') NOT NULL,
  PRIMARY KEY (`id_menu`)
) ENGINE=InnoDB AUTO_INCREMENT=42 DEFAULT CHARSET=latin1;

-- Dumping data for table maibro.tb_menu: ~14 rows (approximately)
/*!40000 ALTER TABLE `tb_menu` DISABLE KEYS */;
INSERT INTO `tb_menu` (`id_menu`, `nama_menu`, `icon`, `link`, `parent`, `role`, `aktif`) VALUES
	(1, 'Dashboard', 'fa fa-dashboard', 'dashboard', 0, 'Admin', 'Y'),
	(22, 'Seting', 'fa fa-gears', '#', 0, 'Administrator', 'Y'),
	(23, 'Menu seting', 'fa  fa-bars', 'menu', 22, 'Administrator', 'Y'),
	(24, 'User Seting', 'fa fa-users', 'auth/member', 22, 'Administrator', 'Y'),
	(26, 'Group Member', 'fa  fa-bars', 'groups', 22, 'Admin', 'Y'),
	(27, 'Hutang', 'fa fa-sticky-note-o', 'transaksi/hutang', 12, 'Admin', 'Y'),
	(31, 'Debitur', 'fa fa-users', 'debitur', 30, 'Admin', 'Y'),
	(32, 'Pengajuan Klaim', 'fa fa-file-text', '#', 0, 'Admin', 'Y'),
	(33, 'Klaim Asuransi Jiwa', 'fa fa-files-o', 'klaimjiwa', 32, 'Admin', 'Y'),
	(34, 'Proses Data', 'fa fa-database', '#', 0, 'Admin', 'Y'),
	(35, 'Klaim Jiwa', 'fa fa-file-text', 'produksi', 34, 'Admin', 'Y'),
	(36, 'Client', 'fa fa-database', '#', 0, 'Administrator', 'Y'),
	(37, 'Bank', 'fa fa-database', 'bank', 36, 'Administrator', 'Y'),
	(38, 'Viewer', 'fa fa-tv', '#', 0, 'Admin', 'Y'),
	(39, 'AJK Approved', 'fa fa-files-o', 'viewer', 38, 'Admin', 'Y'),
	(40, 'Backup & Restore', 'fa fa-database', 'utilitas', 22, 'Admin', 'Y'),
	(41, 'Debitur', 'fa fa-user', 'debitur', 32, 'Admin', 'Y');
/*!40000 ALTER TABLE `tb_menu` ENABLE KEYS */;

-- Dumping structure for table maibro.tb_users
CREATE TABLE IF NOT EXISTS `tb_users` (
  `id` int(11) unsigned NOT NULL AUTO_INCREMENT,
  `ip_address` varchar(45) NOT NULL,
  `id_bank` int(11) DEFAULT NULL,
  `id_broker` int(11) DEFAULT NULL,
  `id_asuransi` int(11) DEFAULT NULL,
  `username` varchar(100) DEFAULT NULL,
  `password` varchar(255) NOT NULL,
  `salt` varchar(255) DEFAULT NULL,
  `email` varchar(100) NOT NULL,
  `activation_code` varchar(40) DEFAULT NULL,
  `forgotten_password_code` varchar(40) DEFAULT NULL,
  `forgotten_password_time` int(11) unsigned DEFAULT NULL,
  `remember_code` varchar(40) DEFAULT NULL,
  `created_on` datetime NOT NULL,
  `last_login` datetime DEFAULT NULL,
  `active` tinyint(1) unsigned DEFAULT NULL,
  `first_name` varchar(50) DEFAULT NULL,
  `last_name` varchar(50) DEFAULT NULL,
  `company` varchar(100) DEFAULT NULL,
  `phone` varchar(20) DEFAULT NULL,
  `avatar` varchar(255) DEFAULT NULL,
  PRIMARY KEY (`id`),
  UNIQUE KEY `username` (`username`)
) ENGINE=InnoDB AUTO_INCREMENT=16 DEFAULT CHARSET=utf8;

-- Dumping data for table maibro.tb_users: ~8 rows (approximately)
/*!40000 ALTER TABLE `tb_users` DISABLE KEYS */;
INSERT INTO `tb_users` (`id`, `ip_address`, `id_bank`, `id_broker`, `id_asuransi`, `username`, `password`, `salt`, `email`, `activation_code`, `forgotten_password_code`, `forgotten_password_time`, `remember_code`, `created_on`, `last_login`, `active`, `first_name`, `last_name`, `company`, `phone`, `avatar`) VALUES
	(1, '127.0.0.1', NULL, NULL, NULL, 'administrator', '$2y$08$Kpso52jO/ld.bHeDSE5hPO2x9qsIdnVhEVlgFqrZ3c8TIq6zuNLze', '', 'admin@maibro.com', '86ed629d0fc67b65fa78a1f7b776dd9c56032abb', NULL, NULL, 'G.WaoqYoZ/Zq6l6VddiHGe', '0000-00-00 00:00:00', '2019-02-16 17:36:53', 1, 'Administrator', '', 'Maibro', '0', 'user8-128x128.jpg'),
	(9, '::1', 2, NULL, NULL, 'rizkifreao', '$2y$08$8CSqWuzg9CM8yAtK8aJole9RNaTPXOb50yKd7MzkoiSsJ.3QxOun.', NULL, 'rizkipebrianto96@bpr.co.id', NULL, NULL, NULL, 'fmAygl1DaHNc5qtHi/xHFO', '2018-11-09 16:55:31', '2019-02-16 17:44:23', 1, 'Rizki', 'Pebrianto', 'BPR Kertaharja', NULL, 'user1-128x128.jpg'),
	(10, '::1', 3, NULL, NULL, 'aritamanoor', '$2y$08$8CSqWuzg9CM8yAtK8aJole9RNaTPXOb50yKd7MzkoiSsJ.3QxOun.', NULL, 'aritama@bpr.coid', '065971e5160f1d3267ee768d589923ea6e011f8d', NULL, NULL, NULL, '2018-11-10 22:52:47', NULL, 0, 'Ega', 'Aritama', 'BPR Kertaharja', NULL, NULL),
	(11, '::1', 1, NULL, NULL, 'arista', '$2y$08$8CSqWuzg9CM8yAtK8aJole9RNaTPXOb50yKd7MzkoiSsJ.3QxOun.', NULL, 'arista@bpr.co.id', '6a2fbc2edd70d1d400927a7f75c63db504a76487', NULL, NULL, NULL, '2018-11-11 09:01:25', '2019-02-16 17:40:02', 1, 'Arista', 'Somadi', 'BPR Kertaharja', NULL, NULL),
	(12, '::1', 1, NULL, NULL, 'ftsukino', '$2y$08$8CSqWuzg9CM8yAtK8aJole9RNaTPXOb50yKd7MzkoiSsJ.3QxOun.', NULL, 'ftsukino@maibro.co.id', 'c7772ae460c5c3ea54168d5c5518a87ed70196e2', NULL, NULL, NULL, '2018-11-15 12:47:09', '2018-11-15 12:55:59', 1, 'Fitri', 'Anggraeni', 'BPR Kertaharja', NULL, NULL),
	(13, '::1', 3, NULL, NULL, 'sintaw', '$2y$08$8CSqWuzg9CM8yAtK8aJole9RNaTPXOb50yKd7MzkoiSsJ.3QxOun.', NULL, 'sinta@bpr.co.id', NULL, NULL, NULL, NULL, '2018-11-19 16:04:42', '2019-02-16 17:45:18', 1, 'Sinta', 'Wulansari', 'BPR Kertaharja', NULL, '1.jpg'),
	(14, '::1', 2, NULL, NULL, 'citra', '$2y$08$8CSqWuzg9CM8yAtK8aJole9RNaTPXOb50yKd7MzkoiSsJ.3QxOun.', NULL, 'citra@bpr.com', NULL, NULL, NULL, NULL, '2018-11-25 15:16:03', '2018-11-26 07:49:55', 1, 'Citra', 'Septiani', 'BPR Kertaharja', NULL, 'myprofile.jpg'),
	(15, '::1', NULL, NULL, NULL, 'tesss', '$2y$08$8CSqWuzg9CM8yAtK8aJole9RNaTPXOb50yKd7MzkoiSsJ.3QxOun.', NULL, 'test@test.com', NULL, NULL, NULL, NULL, '2019-02-16 17:38:53', NULL, 1, 'test', 'testerr', 'Bpr', NULL, NULL);
/*!40000 ALTER TABLE `tb_users` ENABLE KEYS */;

-- Dumping structure for table maibro.tb_users_groups
CREATE TABLE IF NOT EXISTS `tb_users_groups` (
  `id` int(11) unsigned NOT NULL AUTO_INCREMENT,
  `user_id` int(11) unsigned NOT NULL,
  `group_id` mediumint(8) unsigned NOT NULL,
  PRIMARY KEY (`id`),
  UNIQUE KEY `uc_users_groups` (`user_id`,`group_id`),
  KEY `fk_users_groups_users1_idx` (`user_id`),
  KEY `fk_users_groups_groups1_idx` (`group_id`),
  CONSTRAINT `tb_users_groups_ibfk_1` FOREIGN KEY (`group_id`) REFERENCES `tb_groups` (`id`) ON DELETE CASCADE ON UPDATE NO ACTION,
  CONSTRAINT `tb_users_groups_ibfk_2` FOREIGN KEY (`user_id`) REFERENCES `tb_users` (`id`) ON DELETE CASCADE ON UPDATE NO ACTION
) ENGINE=InnoDB AUTO_INCREMENT=47 DEFAULT CHARSET=utf8;

-- Dumping data for table maibro.tb_users_groups: ~9 rows (approximately)
/*!40000 ALTER TABLE `tb_users_groups` DISABLE KEYS */;
INSERT INTO `tb_users_groups` (`id`, `user_id`, `group_id`) VALUES
	(37, 1, 1),
	(38, 1, 2),
	(40, 9, 2),
	(41, 10, 2),
	(42, 11, 2),
	(43, 12, 2),
	(44, 13, 2),
	(45, 14, 2),
	(46, 15, 2);
/*!40000 ALTER TABLE `tb_users_groups` ENABLE KEYS */;

-- Dumping structure for view maibro.debiturview
-- Removing temporary table and create final VIEW structure
DROP TABLE IF EXISTS `debiturview`;
CREATE ALGORITHM=UNDEFINED DEFINER=`root`@`localhost` VIEW `debiturview` AS SELECT
debiturs.id_debitur,
debiturs.KTP,
debiturs.id_bank,
bank.nama_bank,
debiturs.id_broker,
debiturs.id_asuransi,
debiturs.nama_debitur,
debiturs.email_debitur,
debiturs.jenis_kelamin,
debiturs.tmp_lahir,
debiturs.tgl_lahir,
debiturs.umur,
debiturs.tlp,
debiturs.alamat,
debiturs.status_prod,
debiturs.created_by,
debiturs.created_at,
debiturs.updated_at,
debiturs.deleted_at,
debiturs.is_deleted
AS is_deleted 
FROM
debiturs
JOIN bank ON bank.id_bank = debiturs.id_bank ;

-- Dumping structure for view maibro.klaimview
-- Removing temporary table and create final VIEW structure
DROP TABLE IF EXISTS `klaimview`;
CREATE ALGORITHM=UNDEFINED DEFINER=`root`@`localhost` VIEW `klaimview` AS SELECT 
prod_ajk.id_ajk,
prod_ajk.id_bank,
bank.nama_bank,
prod_ajk.id_broker,
prod_ajk.id_asuransi,
prod_ajk.debitur,
debiturs.KTP,
debiturs.nama_debitur,
debiturs.email_debitur,
debiturs.jenis_kelamin,
debiturs.tmp_lahir,
debiturs.tgl_lahir,
debiturs.umur,
debiturs.tlp,
debiturs.alamat,
prod_ajk.sts_asuransi,
prod_ajk.nokredit,
prod_ajk.nokwitansi,
prod_ajk.sertifikat,
prod_ajk.plafon,
prod_ajk.tenor,
prod_ajk.tgl_akad,
prod_ajk.tgl_lapor,
prod_ajk.tgl_kejadian,
prod_ajk.rate,
prod_ajk.jns_kredit,
prod_ajk.jns_klaim,
prod_ajk.nilai_klaim,
prod_ajk.premi,
prod_ajk.is_aproved,
prod_ajk.tgl_dok_lengkap,
prod_ajk.statusDok,
prod_ajk.sts_kirim,
prod_ajk.created_at,
prod_ajk.updated_at,
prod_ajk.deleted_at,
prod_ajk.created_by,
prod_ajk.p_spk,
prod_ajk.p_ep,
prod_ajk.p_skk,
prod_ajk.p_ktp,
prod_ajk.p_ha,
prod_ajk.p_ak,
prod_ajk.keterangan,
prod_ajk.send_by,
prod_ajk.is_deleted
AS is_deleted FROM prod_ajk
JOIN debiturs ON debiturs.id_debitur = prod_ajk.debitur
JOIN bank ON bank.id_bank = prod_ajk.id_bank WITH CASCADED CHECK OPTION ;

/*!40101 SET SQL_MODE=IFNULL(@OLD_SQL_MODE, '') */;
/*!40014 SET FOREIGN_KEY_CHECKS=IF(@OLD_FOREIGN_KEY_CHECKS IS NULL, 1, @OLD_FOREIGN_KEY_CHECKS) */;
/*!40101 SET CHARACTER_SET_CLIENT=@OLD_CHARACTER_SET_CLIENT */;
